step,depth,i
1,14,0.0001
2,14,0.000106855
2,15,3e-08
3,14,0.000114159
3,15,1.1e-07
4,14,0.000121911
4,15,2.4e-07
5,14,0.000130172
5,15,4.05568e-07
6,14,0.000139026
6,15,5.32693e-07
7,14,0.000148543
7,15,6.11433e-07
8,14,0.000158676
8,15,7.27353e-07
9,14,0.000169457
9,15,8.9384e-07
10,14,0.000180968
10,15,1.0755e-06
11,14,0.000193248
11,15,1.28371e-06
12,14,0.000206368
12,15,1.50085e-06
13,14,0.000220362
13,15,1.74772e-06
14,14,0.000235287
14,15,2.02699e-06
15,14,0.000251205
15,15,2.34157e-06
16,14,0.000268189
16,15,2.68463e-06
17,14,0.000286299
17,15,3.0687e-06
18,14,0.000305605
18,15,3.48743e-06
18,16,1e-08
19,14,0.000326185
19,15,3.95389e-06
19,16,1e-08
20,14,0.00034812
20,15,4.4723e-06
20,16,2e-08
21,14,0.000371483
21,15,5.06725e-06
21,16,1e-08
22,14,0.000396375
22,15,5.71553e-06
22,16,1e-08
23,14,0.00042289
23,15,6.44177e-06
23,16,2e-08
24,14,0.000451118
24,15,7.25283e-06
24,16,2e-08
25,14,0.000481174
25,15,8.14609e-06
25,16,2e-08
26,14,0.000513156
26,15,9.11867e-06
26,16,6e-08
27,14,0.000547191
27,15,1.02073e-05
27,16,4e-08
28,14,0.000583389
28,15,1.14121e-05
28,16,4e-08
29,14,0.000621876
29,15,1.2743e-05
29,16,2e-08
30,14,0.000662783
30,15,1.42005e-05
30,16,2e-08
31,14,0.000706248
31,15,1.58155e-05
31,16,3e-08
32,14,0.000752402
32,15,1.7581e-05
32,16,3e-08
33,14,0.000801402
33,15,1.95195e-05
33,16,4e-08
34,14,0.000853391
34,15,2.16553e-05
34,16,9e-08
35,14,0.000908536
35,15,2.40046e-05
35,16,1.3e-07
36,14,0.000966988
36,15,2.65845e-05
36,16,1.2e-07
37,14,0.00102891
37,15,2.94137e-05
37,16,1.30909e-07
38,14,0.00109447
38,15,3.25019e-05
38,16,1.62976e-07
39,14,0.00116383
39,15,3.58993e-05
39,16,1.77404e-07
40,14,0.00123717
40,15,3.96199e-05
40,16,1.93349e-07
41,14,0.00131465
41,15,4.36884e-05
41,16,2.20963e-07
42,14,0.00139645
42,15,4.8121e-05
42,16,2.51485e-07
43,14,0.00148274
43,15,5.29546e-05
43,16,2.8413e-07
44,14,0.00157367
44,15,5.82181e-05
44,16,2.89102e-07
45,14,0.0016694
45,15,6.39422e-05
45,16,3.57687e-07
46,14,0.00177009
46,15,7.01688e-05
46,16,4.29169e-07
47,14,0.00187588
47,15,7.69322e-05
47,16,4.43818e-07
48,14,0.0019869
48,15,8.4278e-05
48,16,5.41923e-07
49,14,0.00210326
49,15,9.22438e-05
49,16,6.33796e-07
50,14,0.00222505
50,15,0.000100868
50,16,7.09769e-07
51,14,0.00235234
51,15,0.000110172
51,16,8.80495e-07
52,14,0.00248519
52,15,0.000120223
52,16,9.84437e-07
53,14,0.0026236
53,15,0.000131073
53,16,1.14938e-06
54,14,0.00276757
54,15,0.000142766
54,16,1.29725e-06
55,14,0.00291703
55,15,0.000155313
55,16,1.48809e-06
56,14,0.00307189
56,15,0.000168734
56,16,1.74581e-06
57,14,0.003232
57,15,0.000183147
57,16,1.9976e-06
58,14,0.00339719
58,15,0.000198612
58,16,2.22236e-06
59,14,0.00356719
59,15,0.00021502
59,16,2.56689e-06
60,14,0.00374169
60,15,0.000232528
60,16,2.9221e-06
61,14,0.00392032
61,15,0.000251116
61,16,3.33814e-06
62,14,0.00410263
62,15,0.00027085
62,16,3.7698e-06
62,17,1e-08
63,14,0.00428811
63,15,0.000291669
63,16,4.32738e-06
63,17,2e-08
64,14,0.00447617
64,15,0.000313644
64,16,4.94111e-06
64,17,4e-08
65,14,0.00466617
65,15,0.000336809
65,16,5.58442e-06
65,17,5e-08
66,14,0.00485734
66,15,0.000361224
66,16,6.20807e-06
66,17,9e-08
67,14,0.00504889
67,15,0.000386784
67,16,6.9083e-06
67,17,1.4e-07
68,14,0.00523993
68,15,0.000413446
68,16,7.68957e-06
68,17,1.6497e-07
69,14,0.00542951
69,15,0.000441205
69,16,8.55628e-06
69,17,1.82378e-07
70,14,0.00561661
70,15,0.000470006
70,16,9.50269e-06
70,17,2.0136e-07
71,14,0.00580017
71,15,0.000499801
71,16,1.05221e-05
71,17,2.22016e-07
72,14,0.00597906
72,15,0.00053052
72,16,1.16067e-05
72,17,2.54447e-07
73,14,0.00615214
73,15,0.00056207
73,16,1.27876e-05
73,17,2.68755e-07
74,14,0.00631821
74,15,0.000594341
74,16,1.40478e-05
74,17,3.05038e-07
75,14,0.00647609
75,15,0.000627223
75,16,1.54084e-05
75,17,3.34357e-07
76,14,0.0066246
76,15,0.000660591
76,16,1.68514e-05
76,17,3.65915e-07
77,14,0.00676257
77,15,0.000694307
77,16,1.83668e-05
77,17,4.09807e-07
78,14,0.00688886
78,15,0.000728212
78,16,1.99836e-05
78,17,4.56116e-07
79,14,0.00700241
79,15,0.000762127
79,16,2.16818e-05
79,17,4.94923e-07
80,14,0.00710223
80,15,0.000795882
80,16,2.34596e-05
80,17,5.56297e-07
81,14,0.0071874
81,15,0.000829303
81,16,2.53045e-05
81,17,6.40298e-07
82,14,0.00725713
82,15,0.000862196
82,16,2.72529e-05
82,17,6.98643e-07
83,14,0.00731073
83,15,0.00089437
83,16,2.92825e-05
83,17,7.898e-07
84,14,0.00734768
84,15,0.000925638
84,16,3.13695e-05
84,17,8.53797e-07
85,14,0.00736756
85,15,0.000955798
85,16,3.35381e-05
85,17,9.30647e-07
86,14,0.00737015
86,15,0.000984672
86,16,3.57335e-05
86,17,1.10035e-06
87,14,0.00735536
87,15,0.00101208
87,16,3.7998e-05
87,17,1.18319e-06
88,14,0.00732328
88,15,0.00103784
88,16,4.03256e-05
88,17,1.26002e-06
89,14,0.00727414
89,15,0.00106181
89,16,4.26801e-05
89,17,1.31011e-06
90,14,0.00720835
90,15,0.00108384
90,16,4.50733e-05
90,17,1.44338e-06
91,14,0.00712646
91,15,0.00110382
91,16,4.74477e-05
91,17,1.66043e-06
92,14,0.00702915
92,15,0.00112161
92,16,4.98838e-05
92,17,1.72819e-06
93,14,0.00691726
93,15,0.00113714
93,16,5.23254e-05
93,17,1.80913e-06
94,14,0.00679171
94,15,0.00115034
94,16,5.47344e-05
94,17,1.94313e-06
95,14,0.00665352
95,15,0.00116116
95,16,5.71316e-05
95,17,2.07123e-06
96,14,0.00650381
96,15,0.00116957
96,16,5.94994e-05
96,17,2.17269e-06
97,14,0.00634374
97,15,0.00117556
97,16,6.18299e-05
97,17,2.25737e-06
97,18,1e-08
98,14,0.00617451
98,15,0.00117916
98,16,6.41359e-05
98,17,2.39457e-06
98,18,1e-08
99,14,0.00599737
99,15,0.00118038
99,16,6.63408e-05
99,17,2.60412e-06
99,18,1e-08
100,14,0.00581356
100,15,0.00117928
100,16,6.84972e-05
100,17,2.75685e-06
101,14,0.0056243
101,15,0.00117592
101,16,7.05494e-05
101,17,2.96355e-06
102,14,0.0054308
102,15,0.00117039
102,16,7.25714e-05
102,17,3.17356e-06
103,14,0.00523424
103,15,0.00116278
103,16,7.45497e-05
103,17,3.24578e-06
104,14,0.00503572
104,15,0.00115318
104,16,7.64106e-05
104,17,3.38004e-06
105,14,0.00483632
105,15,0.00114172
105,16,7.81704e-05
105,17,3.58703e-06
106,14,0.00463701
106,15,0.00112852
106,16,7.98759e-05
106,17,3.72739e-06
107,14,0.00443872
107,15,0.0011137
107,16,8.14956e-05
107,17,3.95935e-06
108,14,0.0042423
108,15,0.00109739
108,16,8.2998e-05
108,17,4.13817e-06
109,14,0.00404848
109,15,0.00107973
109,16,8.43518e-05
109,17,4.39872e-06
110,14,0.00385796
110,15,0.00106085
110,16,8.56261e-05
110,17,4.69195e-06
111,14,0.00367133
111,15,0.00104089
111,16,8.68212e-05
111,17,4.93262e-06
112,14,0.00348911
112,15,0.00101997
112,16,8.79279e-05
112,17,5.13083e-06
112,18,1e-08
113,14,0.00331174
113,15,0.000998211
113,16,8.89272e-05
113,17,5.34033e-06
113,18,2e-08
114,14,0.00313959
114,15,0.000975746
114,16,8.98503e-05
114,17,5.54104e-06
114,18,2e-08
115,14,0.00297294
115,15,0.000952693
115,16,9.06592e-05
115,17,5.74254e-06
115,18,2e-08
116,14,0.00281204
116,15,0.000929175
116,16,9.13456e-05
116,17,5.97509e-06
117,14,0.00265705
117,15,0.000905273
117,16,9.19818e-05
117,17,6.1789e-06
118,14,0.0025081
118,15,0.000881107
118,16,9.24903e-05
118,17,6.42421e-06
119,14,0.00236525
119,15,0.000856768
119,16,9.29338e-05
119,17,6.64123e-06
120,14,0.00222851
120,15,0.000832339
120,16,9.32951e-05
120,17,6.84963e-06
121,14,0.00209787
121,15,0.000807919
121,16,9.35871e-05
121,17,7.06913e-06
122,14,0.00197327
122,15,0.000783569
122,16,9.37827e-05
122,17,7.30968e-06
123,14,0.00185462
123,15,0.000759353
123,16,9.39152e-05
123,17,7.52457e-06
124,14,0.00174184
124,15,0.00073534
124,16,9.39874e-05
124,17,7.73075e-06
125,14,0.00163476
125,15,0.000711573
125,16,9.39826e-05
125,17,7.95774e-06
126,14,0.00153325
126,15,0.000688117
126,16,9.39036e-05
126,17,8.18601e-06
127,14,0.00143715
127,15,0.000664994
127,16,9.37738e-05
127,17,8.41559e-06
128,14,0.00134627
128,15,0.00064226
128,16,9.35259e-05
128,17,8.69625e-06
129,14,0.00126042
129,15,0.000619944
129,16,9.33033e-05
129,17,8.89936e-06
130,14,0.00117942
130,15,0.000598074
130,16,9.29983e-05
130,17,9.14317e-06
131,14,0.00110307
131,15,0.000576681
131,16,9.26141e-05
131,17,9.40795e-06
132,14,0.00103116
132,15,0.000555773
132,16,9.22234e-05
132,17,9.63457e-06
133,14,0.000963516
133,15,0.000535374
133,16,9.17687e-05
133,17,9.85224e-06
134,14,0.000899918
134,15,0.000515485
134,16,9.12827e-05
134,17,1.00612e-05
134,18,1e-08
135,14,0.000840179
135,15,0.000496133
135,16,9.07176e-05
135,17,1.03315e-05
135,18,2e-08
136,14,0.000784107
136,15,0.000477304
136,16,9.01562e-05
136,17,1.05538e-05
136,18,6e-08
137,14,0.000731506
137,15,0.000459021
137,16,8.95405e-05
137,17,1.08174e-05
137,18,4e-08
138,14,0.000682204
138,15,0.000441272
138,16,8.89227e-05
138,17,1.10726e-05
138,18,5e-08
139,14,0.000636017
139,15,0.000424058
139,16,8.82646e-05
139,17,1.13294e-05
139,18,4e-08
140,14,0.000592772
140,15,0.000407395
140,16,8.75883e-05
140,17,1.15382e-05
140,18,4e-08
141,14,0.000552307
141,15,0.000391277
141,16,8.68755e-05
141,17,1.17984e-05
141,18,8e-08
142,14,0.000514464
142,15,0.000375676
142,16,8.61582e-05
142,17,1.20502e-05
142,18,6e-08
143,14,0.000479092
143,15,0.000360557
143,16,8.54178e-05
143,17,1.23256e-05
143,18,1e-08
144,14,0.000446045
144,15,0.000345992
144,16,8.46358e-05
144,17,1.25733e-05
144,18,3e-08
145,14,0.000415175
145,15,0.000331959
145,16,8.38041e-05
145,17,1.28329e-05
145,18,6e-08
146,14,0.000386363
146,15,0.000318327
146,16,8.30643e-05
146,17,1.30747e-05
146,18,1e-07
147,14,0.000359471
147,15,0.00030523
147,16,8.22567e-05
147,17,1.33383e-05
147,18,1.04345e-07
148,14,0.000334382
148,15,0.000292583
148,16,8.1463e-05
148,17,1.36042e-05
148,18,1.08863e-07
149,14,0.000310984
149,15,0.000280466
149,16,8.05941e-05
149,17,1.38625e-05
149,18,1.2356e-07
150,14,0.000289181
150,15,0.000268734
150,16,7.97419e-05
150,17,1.41629e-05
150,18,1.18444e-07
151,14,0.000268861
151,15,0.000257468
151,16,7.8887e-05
151,17,1.44162e-05
151,18,1.43522e-07
152,14,0.00024992
152,15,0.000246663
152,16,7.80004e-05
152,17,1.46718e-05
152,18,1.69658e-07
153,14,0.000232278
153,15,0.000236305
153,16,7.70633e-05
153,17,1.49495e-05
153,18,1.96037e-07
154,14,0.000215853
154,15,0.000226302
154,16,7.6177e-05
154,17,1.52199e-05
154,18,2.23095e-07
155,14,0.000200563
155,15,0.000216671
155,16,7.53016e-05
155,17,1.55028e-05
155,18,2.30434e-07
156,14,0.000186316
156,15,0.000207392
156,16,7.44778e-05
156,17,1.57684e-05
156,18,2.18066e-07
157,14,0.000173051
157,15,0.000198523
157,16,7.36154e-05
157,17,1.60365e-05
157,18,2.36001e-07
158,14,0.000160754
158,15,0.00018995
158,16,7.27656e-05
158,17,1.63171e-05
158,18,2.24252e-07
159,14,0.000149319
159,15,0.000181743
159,16,7.18888e-05
159,17,1.66004e-05
159,18,2.22831e-07
160,14,0.00013865
160,15,0.00017391
160,16,7.09958e-05
160,17,1.68866e-05
160,18,2.61752e-07
161,14,0.000128754
161,15,0.000166307
161,16,7.02074e-05
161,17,1.71456e-05
161,18,2.81447e-07
162,14,0.00011957
162,15,0.000159085
162,16,6.92926e-05
162,17,1.74471e-05
162,18,2.81527e-07
163,14,0.000111008
163,15,0.000152132
163,16,6.84435e-05
163,17,1.77317e-05
163,18,3.02009e-07
164,14,0.000103037
164,15,0.000145517
164,16,6.75498e-05
164,17,1.80392e-05
164,18,2.92908e-07
165,14,9.56559e-05
165,15,0.000139177
165,16,6.66624e-05
165,17,1.83199e-05
165,18,2.94241e-07
166,14,8.87643e-05
166,15,0.000133112
166,16,6.57615e-05
166,17,1.86335e-05
166,18,3.06025e-07
167,14,8.23785e-05
167,15,0.000127261
167,16,6.48978e-05
167,17,1.89404e-05
167,18,3.28278e-07
168,14,7.64537e-05
168,15,0.000121607
168,16,6.4081e-05
168,17,1.92406e-05
168,18,3.71432e-07
169,14,7.0958e-05
169,15,0.000116212
169,16,6.32609e-05
169,17,1.95439e-05
169,18,3.85522e-07
170,14,6.58214e-05
170,15,0.000111105
170,16,6.24077e-05
170,17,1.98604e-05
170,18,4.20173e-07
171,14,6.10692e-05
171,15,0.000106165
171,16,6.16021e-05
171,17,2.01704e-05
171,18,4.85406e-07
172,14,5.66544e-05
172,15,0.000101487
172,16,6.07239e-05
172,17,2.05137e-05
172,18,5.05355e-07
173,14,5.25536e-05
173,15,9.69777e-05
173,16,5.98942e-05
173,17,2.08408e-05
173,18,5.36096e-07
174,14,4.87346e-05
174,15,9.27121e-05
174,16,5.90426e-05
174,17,2.11514e-05
174,18,5.78073e-07
175,14,4.51979e-05
175,15,8.85899e-05
175,16,5.82496e-05
175,17,2.14555e-05
175,18,6.01332e-07
176,14,4.18934e-05
176,15,8.46952e-05
176,16,5.74246e-05
176,17,2.17828e-05
176,18,6.25924e-07
177,14,3.8855e-05
177,15,8.09286e-05
177,16,5.66182e-05
177,17,2.21037e-05
177,18,6.61493e-07
178,14,3.60137e-05
178,15,7.7355e-05
178,16,5.58005e-05
178,17,2.24181e-05
178,18,7.18077e-07
179,14,3.34158e-05
179,15,7.38664e-05
179,16,5.50416e-05
179,17,2.27459e-05
179,18,7.46532e-07
180,14,3.10038e-05
180,15,7.05694e-05
180,16,5.4251e-05
180,17,2.30373e-05
180,18,8.36117e-07
181,14,2.87448e-05
181,15,6.73959e-05
181,16,5.34992e-05
181,17,2.33818e-05
181,18,8.68502e-07
182,14,2.66478e-05
182,15,6.44108e-05
182,16,5.26858e-05
182,17,2.37502e-05
182,18,8.92172e-07
183,14,2.47113e-05
183,15,6.14961e-05
183,16,5.19419e-05
183,17,2.41128e-05
183,18,9.47177e-07
184,14,2.29039e-05
184,15,5.87389e-05
184,16,5.11866e-05
184,17,2.44695e-05
184,18,9.8357e-07
185,14,2.12365e-05
185,15,5.60826e-05
185,16,5.04602e-05
185,17,2.48201e-05
185,18,1.06181e-06
186,14,1.9679e-05
186,15,5.35829e-05
186,16,4.96823e-05
186,17,2.52148e-05
186,18,1.11156e-06
187,14,1.82337e-05
187,15,5.11831e-05
187,16,4.89439e-05
187,17,2.55639e-05
187,18,1.22289e-06
188,14,1.69024e-05
188,15,4.88789e-05
188,16,4.82245e-05
188,17,2.59369e-05
188,18,1.27192e-06
189,14,1.56672e-05
189,15,4.66763e-05
189,16,4.75138e-05
189,17,2.62942e-05
189,18,1.34289e-06
190,14,1.4531e-05
190,15,4.45308e-05
190,16,4.68119e-05
190,17,2.67055e-05
190,18,1.39668e-06
191,14,1.34767e-05
191,15,4.24602e-05
191,16,4.61588e-05
191,17,2.70915e-05
191,18,1.4526e-06
192,14,1.24986e-05
192,15,4.05313e-05
192,16,4.54837e-05
192,17,2.74519e-05
192,18,1.53113e-06
193,14,1.15812e-05
193,15,3.87178e-05
193,16,4.47971e-05
193,17,2.78163e-05
193,18,1.61278e-06
194,14,1.073e-05
194,15,3.69847e-05
194,16,4.41093e-05
194,17,2.82148e-05
194,18,1.67767e-06
195,14,9.95042e-06
195,15,3.53185e-05
195,16,4.34303e-05
195,17,2.86078e-05
195,18,1.75513e-06
196,14,9.22721e-06
196,15,3.37063e-05
196,16,4.27801e-05
196,17,2.89853e-05
196,18,1.85524e-06
197,14,8.54634e-06
197,15,3.21859e-05
197,16,4.21383e-05
197,17,2.9367e-05
197,18,1.93892e-06
198,14,7.91476e-06
198,15,3.07031e-05
198,16,4.15348e-05
198,17,2.97631e-05
198,18,2.04631e-06
199,14,7.33894e-06
199,15,2.92865e-05
199,16,4.09292e-05
199,17,3.01635e-05
199,18,2.10675e-06
200,14,6.80484e-06
200,15,2.7953e-05
200,16,4.03116e-05
200,17,3.05785e-05
200,18,2.19076e-06
201,14,6.30947e-06
201,15,2.6679e-05
201,16,3.96721e-05
201,17,3.10182e-05
201,18,2.27808e-06
202,14,5.85001e-06
202,15,2.5452e-05
202,16,3.90811e-05
202,17,3.14329e-05
202,18,2.37884e-06
203,14,5.42389e-06
203,15,2.42698e-05
203,16,3.85081e-05
203,17,3.18523e-05
203,18,2.47356e-06
204,14,5.0287e-06
204,15,2.31706e-05
204,16,3.79026e-05
204,17,3.22665e-05
204,18,2.60241e-06
205,14,4.66219e-06
205,15,2.20905e-05
205,16,3.73454e-05
205,17,3.26952e-05
205,18,2.70595e-06
206,14,4.3123e-06
206,15,2.10989e-05
206,16,3.67457e-05
206,17,3.31288e-05
206,18,2.84395e-06
207,14,3.99784e-06
207,15,2.01218e-05
207,16,3.61741e-05
207,17,3.35973e-05
207,18,2.977e-06
208,14,3.69623e-06
208,15,1.91885e-05
208,16,3.56404e-05
208,17,3.40311e-05
208,18,3.14448e-06
209,14,3.41655e-06
209,15,1.83071e-05
209,16,3.51039e-05
209,17,3.44698e-05
209,18,3.25736e-06
209,19,1e-08
210,14,3.16721e-06
210,15,1.74754e-05
210,16,3.45547e-05
210,17,3.49033e-05
210,18,3.39507e-06
210,19,1e-08
211,14,2.926e-06
211,15,1.6671e-05
211,16,3.40332e-05
211,17,3.53517e-05
211,18,3.54817e-06
211,19,2e-08
212,14,2.71235e-06
212,15,1.59128e-05
212,16,3.34988e-05
212,17,3.58051e-05
212,18,3.70729e-06
212,19,2e-08
213,14,2.51425e-06
213,15,1.51888e-05
213,16,3.29518e-05
213,17,3.62835e-05
213,18,3.86226e-06
213,19,3e-08
214,14,2.33058e-06
214,15,1.44774e-05
214,16,3.24625e-05
214,17,3.67573e-05
214,18,4.03369e-06
214,19,4e-08
215,14,2.15028e-06
215,15,1.38281e-05
215,16,3.194e-05
215,17,3.72563e-05
215,18,4.15104e-06
215,19,5e-08
216,14,1.98312e-06
216,15,1.3198e-05
216,16,3.14548e-05
216,17,3.7721e-05
216,18,4.34455e-06
216,19,2e-08
217,14,1.83814e-06
217,15,1.25864e-05
217,16,3.09463e-05
217,17,3.82408e-05
217,18,4.56484e-06
217,19,2e-08
218,14,1.70373e-06
218,15,1.20024e-05
218,16,3.04751e-05
218,17,3.87064e-05
218,18,4.85178e-06
218,19,1e-08
219,14,1.57912e-06
219,15,1.14547e-05
219,16,2.99705e-05
219,17,3.9217e-05
219,18,5.05316e-06
219,19,1e-08
220,14,1.46359e-06
220,15,1.09319e-05
220,16,2.9493e-05
220,17,3.97034e-05
220,18,5.29279e-06
220,19,2e-08
221,14,1.35649e-06
221,15,1.04227e-05
221,16,2.90223e-05
221,17,4.01851e-05
221,18,5.5406e-06
221,19,2e-08
222,14,1.25721e-06
222,15,9.94649e-06
222,16,2.85582e-05
222,17,4.0692e-05
222,18,5.76769e-06
222,19,3e-08
223,14,1.16517e-06
223,15,9.48187e-06
223,16,2.81008e-05
223,17,4.12144e-05
223,18,5.99403e-06
223,19,2e-08
224,14,1.07985e-06
224,15,9.03829e-06
224,16,2.76499e-05
224,17,4.17126e-05
224,18,6.28997e-06
224,19,4e-08
225,14,1.00076e-06
225,15,8.62482e-06
225,16,2.72155e-05
225,17,4.22362e-05
225,18,6.55666e-06
225,19,2e-08
226,14,9.2745e-07
226,15,8.2301e-06
226,16,2.67573e-05
226,17,4.27854e-05
226,18,6.81334e-06
226,19,1e-08
227,14,8.59492e-07
227,15,7.84328e-06
227,16,2.63256e-05
227,17,4.33506e-05
227,18,7.05999e-06
227,19,1e-08
228,14,7.965e-07
228,15,7.48401e-06
228,16,2.59002e-05
228,17,4.3902e-05
228,18,7.327e-06
228,19,1e-08
229,14,7.38112e-07
229,15,7.14106e-06
229,16,2.54909e-05
229,17,4.44394e-05
229,18,7.60475e-06
229,19,2e-08
230,14,6.83992e-07
230,15,6.81368e-06
230,16,2.50775e-05
230,17,4.49925e-05
230,18,7.91326e-06
230,19,2e-08
231,14,6.33829e-07
231,15,6.49117e-06
231,16,2.468e-05
231,17,4.55615e-05
231,18,8.22335e-06
231,19,4e-08
232,14,5.87334e-07
232,15,6.19333e-06
232,16,2.42784e-05
232,17,4.61366e-05
232,18,8.53544e-06
232,19,6e-08
233,14,5.44241e-07
233,15,5.89904e-06
233,16,2.38925e-05
233,17,4.66979e-05
233,18,8.90039e-06
233,19,1e-07
234,14,5.04301e-07
234,15,5.62814e-06
234,16,2.35122e-05
234,17,4.72651e-05
234,18,9.25908e-06
234,19,1.2e-07
235,14,4.67284e-07
235,15,5.36957e-06
235,16,2.31175e-05
235,17,4.78682e-05
235,18,9.61164e-06
235,19,1.27693e-07
236,14,4.32976e-07
236,15,5.12277e-06
236,16,2.27485e-05
236,17,4.84478e-05
236,18,9.99859e-06
236,19,1.45876e-07
237,14,4.0118e-07
237,15,4.88722e-06
237,16,2.23848e-05
237,17,4.90534e-05
237,18,1.03897e-05
237,19,1.7458e-07
238,14,3.71713e-07
238,15,4.6624e-06
238,16,2.20065e-05
238,17,4.96554e-05
238,18,1.08251e-05
238,19,1.8512e-07
239,14,3.44404e-07
239,15,4.44783e-06
239,16,2.16437e-05
239,17,5.02436e-05
239,18,1.12669e-05
239,19,2.16331e-07
240,14,3.19095e-07
240,15,4.23305e-06
240,16,2.12963e-05
240,17,5.08579e-05
240,18,1.17754e-05
240,19,2.18895e-07
241,14,2.95642e-07
241,15,4.01807e-06
241,16,2.09639e-05
241,17,5.14686e-05
241,18,1.23111e-05
241,19,2.52259e-07
242,14,2.73907e-07
242,15,3.83292e-06
242,16,2.06164e-05
242,17,5.20755e-05
242,18,1.27902e-05
242,19,2.96472e-07
243,14,2.53766e-07
243,15,3.65622e-06
243,16,2.0254e-05
243,17,5.27186e-05
243,18,1.3278e-05
243,19,3.51589e-07
244,14,2.35101e-07
244,15,3.48759e-06
244,16,1.99169e-05
244,17,5.33482e-05
244,18,1.38047e-05
244,19,3.78305e-07
245,14,2.17805e-07
245,15,3.32667e-06
245,16,1.95949e-05
245,17,5.39942e-05
245,18,1.43015e-05
245,19,4.26083e-07
246,14,2.01778e-07
246,15,3.1731e-06
246,16,1.92575e-05
246,17,5.46568e-05
246,18,1.48581e-05
246,19,4.62653e-07
247,14,1.86927e-07
247,15,3.02656e-06
247,16,1.89352e-05
247,17,5.5306e-05
247,18,1.5456e-05
247,19,5.02185e-07
248,14,1.73166e-07
248,15,2.88673e-06
248,16,1.86276e-05
248,17,5.59517e-05
248,18,1.60468e-05
248,19,5.5359e-07
249,14,1.60415e-07
249,15,2.75329e-06
249,16,1.83146e-05
249,17,5.66038e-05
249,18,1.6711e-05
249,19,5.87625e-07
250,14,1.486e-07
250,15,2.62597e-06
250,16,1.80162e-05
250,17,5.72423e-05
250,18,1.74201e-05
250,19,6.33816e-07
251,14,1.37653e-07
251,15,2.50448e-06
251,16,1.77122e-05
251,17,5.79269e-05
251,18,1.80856e-05
251,19,6.82299e-07
252,14,1.2751e-07
252,15,2.38855e-06
252,16,1.74127e-05
252,17,5.85983e-05
252,18,1.88276e-05
252,19,7.33219e-07
253,14,1.18112e-07
253,15,2.27794e-06
253,16,1.71077e-05
253,17,5.92961e-05
253,18,1.95775e-05
253,19,8.16728e-07
254,14,1.09404e-07
254,15,2.1724e-06
254,16,1.68173e-05
254,17,6.00206e-05
254,18,2.0366e-05
254,19,8.52989e-07
255,14,1.01337e-07
255,15,2.07171e-06
255,16,1.65411e-05
255,17,6.07022e-05
255,18,2.11632e-05
255,19,9.22175e-07
256,14,1.3e-07
256,15,1.97563e-06
256,16,1.62691e-05
256,17,6.13902e-05
256,18,2.20408e-05
256,19,9.80829e-07
257,14,1.20409e-07
257,15,1.88397e-06
257,16,1.59911e-05
257,17,6.20846e-05
257,18,2.29201e-05
257,19,1.04319e-06
258,14,1.11523e-07
258,15,1.79652e-06
258,16,1.57173e-05
258,17,6.28055e-05
258,18,2.38428e-05
258,19,1.11948e-06
259,14,1.03291e-07
259,15,1.71308e-06
259,16,1.54575e-05
259,17,6.35331e-05
259,18,2.47396e-05
259,19,1.21059e-06
260,14,8e-08
260,15,1.63348e-06
260,16,1.52017e-05
260,17,6.42673e-05
260,18,2.56811e-05
260,19,1.29746e-06
261,14,9e-08
261,15,1.55754e-06
261,16,1.49496e-05
261,17,6.49983e-05
261,18,2.67186e-05
261,19,1.3898e-06
262,14,1.2e-07
262,15,1.4851e-06
262,16,1.47013e-05
262,17,6.57359e-05
262,18,2.77537e-05
262,19,1.47796e-06
263,14,1.11133e-07
263,15,1.41599e-06
263,16,1.44467e-05
263,17,6.64901e-05
263,18,2.88077e-05
263,19,1.59167e-06
264,14,1.02919e-07
264,15,1.35006e-06
264,16,1.4176e-05
264,17,6.7231e-05
264,18,2.99218e-05
264,19,1.69191e-06
265,14,1e-07
265,15,1.28716e-06
265,16,1.39293e-05
265,17,6.79684e-05
265,18,3.11397e-05
265,19,1.80845e-06
266,14,5e-08
266,15,1.22717e-06
266,16,1.36963e-05
266,17,6.87422e-05
266,18,3.23419e-05
266,19,1.91232e-06
267,14,1e-08
267,15,1.16994e-06
267,16,1.34368e-05
267,17,6.95327e-05
267,18,3.35795e-05
267,19,2.05334e-06
268,15,1.11535e-06
268,16,1.32013e-05
268,17,7.03199e-05
268,18,3.48334e-05
268,19,2.19321e-06
269,15,1.06327e-06
269,16,1.29693e-05
269,17,7.11139e-05
269,18,3.61861e-05
269,19,2.33186e-06
270,15,1.0136e-06
270,16,1.27408e-05
270,17,7.19345e-05
270,18,3.75493e-05
270,19,2.5092e-06
271,15,9.66226e-07
271,16,1.25257e-05
271,17,7.2712e-05
271,18,3.90232e-05
271,19,2.67765e-06
272,15,9.21037e-07
272,16,1.23139e-05
272,17,7.35358e-05
272,18,4.04718e-05
272,19,2.87665e-06
273,15,8.77936e-07
273,16,1.20952e-05
273,17,7.43762e-05
273,18,4.20148e-05
273,19,3.07749e-06
274,15,8.36828e-07
274,16,1.18699e-05
274,17,7.52134e-05
274,18,4.36048e-05
274,19,3.30088e-06
275,15,7.9762e-07
275,16,1.16679e-05
275,17,7.60073e-05
275,18,4.53132e-05
275,19,3.5176e-06
276,15,7.60226e-07
276,16,1.1469e-05
276,17,7.68171e-05
276,18,4.70146e-05
276,19,3.75722e-06
276,20,1e-08
277,15,7.24563e-07
277,16,1.12631e-05
277,17,7.76231e-05
277,18,4.88494e-05
277,19,4.03115e-06
277,20,1e-08
278,15,6.90551e-07
278,16,1.10703e-05
278,17,7.84549e-05
278,18,5.07609e-05
278,19,4.26091e-06
278,20,1e-08
279,15,6.58114e-07
279,16,1.08804e-05
279,17,7.92929e-05
279,18,5.26812e-05
279,19,4.55622e-06
280,15,6.27181e-07
280,16,1.06934e-05
280,17,8.01268e-05
280,18,5.46717e-05
280,19,4.86927e-06
281,15,5.97681e-07
281,16,1.04991e-05
281,17,8.10166e-05
281,18,5.67059e-05
281,19,5.21117e-06
281,20,1e-08
282,15,5.6955e-07
282,16,1.02878e-05
282,17,8.19126e-05
282,18,5.88737e-05
282,19,5.53367e-06
282,20,4e-08
283,15,5.42724e-07
283,16,1.01098e-05
283,17,8.27849e-05
283,18,6.11045e-05
283,19,5.94681e-06
283,20,4e-08
284,15,5.17144e-07
284,16,9.93443e-06
284,17,8.36431e-05
284,18,6.34255e-05
284,19,6.35808e-06
284,20,4e-08
285,15,4.92751e-07
285,16,9.7617e-06
285,17,8.45267e-05
285,18,6.57806e-05
285,19,6.78358e-06
285,20,7e-08
286,15,4.69492e-07
286,16,9.59156e-06
286,17,8.54059e-05
286,18,6.82518e-05
286,19,7.23541e-06
286,20,6e-08
287,15,4.47314e-07
287,16,9.42399e-06
287,17,8.62905e-05
287,18,7.07936e-05
287,19,7.76391e-06
287,20,7e-08
288,15,4.26167e-07
288,16,9.25893e-06
288,17,8.71904e-05
288,18,7.34664e-05
288,19,8.23383e-06
288,20,1.3e-07
289,15,4.06004e-07
289,16,9.09635e-06
289,17,8.80455e-05
289,18,7.62748e-05
289,19,8.80393e-06
289,20,1.4e-07
290,15,3.8678e-07
290,16,8.93622e-06
290,17,8.89453e-05
290,18,7.90836e-05
290,19,9.42292e-06
290,20,1.7e-07
291,15,3.68451e-07
291,16,8.7785e-06
291,17,8.98599e-05
291,18,8.20026e-05
291,19,1.00481e-05
291,20,1.78557e-07
292,15,3.50976e-07
292,16,8.62314e-06
292,17,9.07993e-05
292,18,8.50263e-05
292,19,1.07424e-05
292,20,1.97841e-07
293,15,3.34316e-07
293,16,8.47012e-06
293,17,9.17036e-05
293,18,8.8167e-05
293,19,1.14875e-05
293,20,1.87914e-07
294,15,3.18432e-07
294,16,8.3094e-06
294,17,9.26422e-05
294,18,9.14102e-05
294,19,1.22263e-05
294,20,2.5884e-07
295,15,3.0329e-07
295,16,8.16112e-06
295,17,9.35953e-05
295,18,9.4748e-05
295,19,1.31117e-05
295,20,2.80936e-07
296,15,2.88855e-07
296,16,8.01506e-06
296,17,9.45426e-05
296,18,9.8183e-05
296,19,1.39843e-05
296,20,3.04903e-07
297,15,2.75094e-07
297,16,7.8712e-06
297,17,9.5484e-05
297,18,0.00010181
297,19,1.48902e-05
297,20,3.30898e-07
298,15,2.61977e-07
298,16,7.71949e-06
298,17,9.64291e-05
298,18,0.000105563
298,19,1.58314e-05
298,20,3.8909e-07
299,15,2.49472e-07
299,16,7.58009e-06
299,17,9.72877e-05
299,18,0.000109548
299,19,1.68498e-05
299,20,4.11364e-07
300,15,2.37553e-07
300,16,7.44278e-06
300,17,9.82386e-05
300,18,0.000113533
300,19,1.795e-05
300,20,4.56362e-07
301,15,2.26192e-07
301,16,7.30753e-06
301,17,9.92025e-05
301,18,0.000117666
301,19,1.90877e-05
301,20,5.05159e-07
302,15,2.15362e-07
302,16,7.17429e-06
302,17,0.000100139
302,18,0.000121932
302,19,2.03243e-05
302,20,5.58072e-07
303,15,2.05041e-07
303,16,7.04306e-06
303,17,0.000101078
303,18,0.000126426
303,19,2.16156e-05
303,20,6.24594e-07
304,15,2e-07
304,16,6.91378e-06
304,17,0.000102039
304,18,0.000131035
304,19,2.29449e-05
304,20,6.85873e-07
305,15,2.03756e-07
305,16,6.78644e-06
305,17,0.000102972
305,18,0.000135742
305,19,2.44442e-05
305,20,7.52303e-07
306,15,1.97805e-07
306,16,6.65099e-06
306,17,0.000103906
306,18,0.00014067
306,19,2.60037e-05
306,20,8.04309e-07
307,15,1.72133e-07
307,16,6.5276e-06
307,17,0.000104811
307,18,0.000145775
307,19,2.76668e-05
307,20,8.71507e-07
308,15,1.66728e-07
308,16,6.40606e-06
308,17,0.000105756
308,18,0.000151032
308,19,2.9449e-05
308,20,9.64325e-07
309,15,1.41577e-07
309,16,6.27632e-06
309,17,0.000106722
309,18,0.000156475
309,19,3.13171e-05
309,20,1.03322e-06
310,15,1.2e-07
310,16,6.15855e-06
310,17,0.000107688
310,18,0.000162059
310,19,3.32874e-05
310,20,1.1487e-06
311,15,1.9e-07
311,16,6.04253e-06
311,17,0.000108623
311,18,0.000167857
311,19,3.54036e-05
311,20,1.30215e-06
312,15,1.82248e-07
312,16,5.92824e-06
312,17,0.000109537
312,18,0.000173907
312,19,3.7655e-05
312,20,1.44505e-06
313,15,1.74862e-07
313,16,5.81564e-06
313,17,0.00011046
313,18,0.000180118
313,19,3.99779e-05
313,20,1.56734e-06
314,15,1.57825e-07
314,16,5.70471e-06
314,17,0.00011141
314,18,0.000186481
314,19,4.24894e-05
314,20,1.68062e-06
315,15,1.3112e-07
315,16,5.59542e-06
315,17,0.000112329
315,18,0.000193044
315,19,4.51276e-05
315,20,1.81495e-06
316,15,1.24731e-07
316,16,5.48775e-06
316,17,0.000113274
316,18,0.000199779
316,19,4.79404e-05
316,20,2.01206e-06
317,15,1.18645e-07
317,16,5.38167e-06
317,17,0.000114226
317,18,0.00020675
317,19,5.09282e-05
317,20,2.20466e-06
318,15,1.12847e-07
318,16,5.27715e-06
318,17,0.000115144
318,18,0.000213934
318,19,5.40854e-05
318,20,2.46234e-06
319,15,1.07323e-07
319,16,5.17418e-06
319,17,0.000116058
319,18,0.000221356
319,19,5.73867e-05
319,20,2.75465e-06
320,15,1.02061e-07
320,16,5.07272e-06
320,17,0.000116936
320,18,0.000229072
320,19,6.09192e-05
320,20,3.02608e-06
321,15,1e-07
321,16,4.97275e-06
321,17,0.000117818
321,18,0.000236989
321,19,6.46458e-05
321,20,3.32731e-06
322,15,1e-07
322,16,4.87425e-06
322,17,0.000118684
322,18,0.000245151
322,19,6.86075e-05
322,20,3.65242e-06
323,15,8e-08
323,16,4.77719e-06
323,17,0.000119623
323,18,0.000253513
323,19,7.28072e-05
323,20,3.98247e-06
324,15,1e-07
324,16,4.68155e-06
324,17,0.000120533
324,18,0.000262219
324,19,7.71865e-05
324,20,4.33863e-06
324,21,1e-08
325,15,7e-08
325,16,4.58731e-06
325,17,0.000121416
325,18,0.000271185
325,19,8.18565e-05
325,20,4.70377e-06
325,21,2e-08
326,15,4e-08
326,16,4.49445e-06
326,17,0.000122249
326,18,0.000280431
326,19,8.67921e-05
326,20,5.08936e-06
326,21,2e-08
327,15,3e-08
327,16,4.40294e-06
327,17,0.000123072
327,18,0.000289933
327,19,9.20169e-05
327,20,5.55697e-06
327,21,2e-08
328,15,3e-08
328,16,4.31277e-06
328,17,0.000123964
328,18,0.000299593
328,19,9.75147e-05
328,20,6.08075e-06
328,21,1e-08
329,15,2e-08
329,16,4.2239e-06
329,17,0.000124804
329,18,0.000309602
329,19,0.000103321
329,20,6.58435e-06
329,21,1e-08
330,15,4e-08
330,16,4.13633e-06
330,17,0.000125601
330,18,0.000319827
330,19,0.000109562
330,20,7.18003e-06
330,21,4e-08
331,15,5e-08
331,16,4.05002e-06
331,17,0.000126365
331,18,0.00033047
331,19,0.000116024
331,20,7.79023e-06
331,21,5e-08
332,15,6e-08
332,16,3.96497e-06
332,17,0.000127164
332,18,0.00034132
332,19,0.000122895
332,20,8.40921e-06
332,21,3e-08
333,15,9e-08
333,16,3.88114e-06
333,17,0.000127927
333,18,0.000352527
333,19,0.000130114
333,20,9.11988e-06
333,21,3e-08
334,15,1.3e-07
334,16,3.79853e-06
334,17,0.000128714
334,18,0.000363995
334,19,0.000137739
334,20,9.89862e-06
334,21,1e-08
335,15,1.23429e-07
335,16,3.7171e-06
335,17,0.000129453
335,18,0.000375718
335,19,0.00014582
335,20,1.07282e-05
335,21,2e-08
336,15,1.17174e-07
336,16,3.63685e-06
336,17,0.000130184
336,18,0.000387679
336,19,0.000154398
336,20,1.16249e-05
336,21,1e-08
337,15,1.1122e-07
337,16,3.55776e-06
337,17,0.000130894
337,18,0.000399998
337,19,0.000163427
337,20,1.26213e-05
337,21,2e-08
338,15,1.05554e-07
338,16,3.4798e-06
338,17,0.000131544
338,18,0.000412757
338,19,0.000172848
338,20,1.37667e-05
338,21,3e-08
339,15,1.00161e-07
339,16,3.40297e-06
339,17,0.000132152
339,18,0.000425797
339,19,0.000182688
339,20,1.5064e-05
339,21,5e-08
340,15,1.7e-07
340,16,3.32724e-06
340,17,0.000132785
340,18,0.000439142
340,19,0.000193117
340,20,1.63395e-05
340,21,5e-08
341,15,1.61265e-07
341,16,3.25259e-06
341,17,0.000133364
341,18,0.000452745
341,19,0.000204188
341,20,1.77022e-05
341,21,6e-08
342,15,1.52954e-07
342,16,3.17901e-06
342,17,0.000133937
342,18,0.000466613
342,19,0.000215794
342,20,1.92392e-05
342,21,9e-08
343,15,1.45048e-07
343,16,3.10649e-06
343,17,0.000134453
343,18,0.000480795
343,19,0.000228059
343,20,2.08413e-05
343,21,8e-08
344,15,1.37526e-07
344,16,3.03501e-06
344,17,0.000135009
344,18,0.000495319
344,19,0.000240862
344,20,2.25651e-05
344,21,1e-07
345,15,1.3037e-07
345,16,2.96456e-06
345,17,0.000135506
345,18,0.000510043
345,19,0.000254345
345,20,2.45408e-05
345,21,1.10118e-07
346,15,1.23565e-07
346,16,2.89511e-06
346,17,0.000135921
346,18,0.000525242
346,19,0.000268434
346,20,2.66627e-05
346,21,1.31233e-07
347,15,1.17092e-07
347,16,2.82666e-06
347,17,0.000136364
347,18,0.000540589
347,19,0.000283315
347,20,2.88894e-05
347,21,1.5344e-07
348,15,1.10936e-07
348,16,2.7592e-06
348,17,0.000136741
348,18,0.000556281
348,19,0.000298927
348,20,3.12702e-05
348,21,1.76841e-07
349,15,1.05083e-07
349,16,2.6927e-06
349,17,0.000137083
349,18,0.000572276
349,19,0.000315221
349,20,3.38761e-05
349,21,1.91548e-07
350,15,1.2e-07
350,16,2.62716e-06
350,17,0.000137347
350,18,0.000588604
350,19,0.00033231
350,20,3.66561e-05
350,21,2.47683e-07
351,15,1.1362e-07
351,16,2.56257e-06
351,17,0.000137673
351,18,0.000605131
351,19,0.000350122
351,20,3.972e-05
351,21,3.16373e-07
352,15,1.07555e-07
352,16,2.49891e-06
352,17,0.000137877
352,18,0.000621974
352,19,0.000368891
352,20,4.29484e-05
352,21,3.46863e-07
353,15,1.01791e-07
353,16,2.43618e-06
353,17,0.0001381
353,18,0.000638923
353,19,0.00038861
353,20,4.642e-05
353,21,4.00307e-07
354,15,1.3e-07
354,16,2.37435e-06
354,17,0.000138218
354,18,0.000656163
354,19,0.000409183
354,20,5.01462e-05
354,21,3.67961e-07
355,15,1.22973e-07
355,16,2.31343e-06
355,17,0.000138301
355,18,0.000673681
355,19,0.000430665
355,20,5.41469e-05
355,21,4.59223e-07
356,15,1.16296e-07
356,16,2.25341e-06
356,17,0.000138388
356,18,0.000691343
356,19,0.00045307
356,20,5.84507e-05
356,21,5.53439e-07
357,15,1.09953e-07
357,16,2.19426e-06
357,17,0.000138395
357,18,0.000709221
357,19,0.000476495
357,20,6.30672e-05
357,21,6.13561e-07
358,15,1.03928e-07
358,16,2.13599e-06
358,17,0.000138322
358,18,0.000727266
358,19,0.000500927
358,20,6.80328e-05
358,21,6.79341e-07
359,15,7e-08
359,16,2.07859e-06
359,17,0.000138208
359,18,0.000745459
359,19,0.000526359
359,20,7.33419e-05
359,21,7.41273e-07
360,15,5e-08
360,16,2.02204e-06
360,17,0.00013803
360,18,0.000763798
360,19,0.000552873
360,20,7.90043e-05
360,21,8.49893e-07
361,15,4e-08
361,16,1.96635e-06
361,17,0.000137846
361,18,0.000782149
361,19,0.00058046
361,20,8.50903e-05
361,21,9.44813e-07
362,15,3e-08
362,16,1.91151e-06
362,17,0.000137547
362,18,0.000800685
362,19,0.000609103
362,20,9.16648e-05
362,21,1.06657e-06
363,15,1e-08
363,16,1.8575e-06
363,17,0.000137239
363,18,0.000819159
363,19,0.000638853
363,20,9.86721e-05
363,21,1.17859e-06
364,15,1e-08
364,16,1.80433e-06
364,17,0.000136851
364,18,0.000837742
364,19,0.000669748
364,20,0.00010609
364,21,1.36078e-06
365,15,1e-08
365,16,1.75199e-06
365,17,0.000136423
365,18,0.000856272
365,19,0.000701678
365,20,0.000114058
365,21,1.52531e-06
366,16,1.70047e-06
366,17,0.000135892
366,18,0.000874765
366,19,0.000734789
366,20,0.000122534
366,21,1.73181e-06
367,16,1.64978e-06
367,17,0.000135347
367,18,0.000893158
367,19,0.000769108
367,20,0.000131468
367,21,1.95499e-06
368,16,1.59991e-06
368,17,0.000134677
368,18,0.000911471
368,19,0.000804538
368,20,0.000141032
368,21,2.20524e-06
369,16,1.55085e-06
369,17,0.000133941
369,18,0.000929636
369,19,0.000841115
369,20,0.000151146
369,21,2.48312e-06
370,16,1.5026e-06
370,17,0.000133159
370,18,0.000947593
370,19,0.00087879
370,20,0.000161945
370,21,2.74805e-06
371,16,1.45517e-06
371,17,0.000132368
371,18,0.000965248
371,19,0.000917591
371,20,0.00017342
371,21,3.06573e-06
372,16,1.40855e-06
372,17,0.000131468
372,18,0.000982676
372,19,0.000957468
372,20,0.0001856
372,21,3.41056e-06
373,16,1.36274e-06
373,17,0.000130538
373,18,0.000999701
373,19,0.000998415
373,20,0.000198533
373,21,3.79545e-06
374,16,1.31774e-06
374,17,0.000129498
374,18,0.00101644
374,19,0.00104039
374,20,0.000212122
374,21,4.27992e-06
375,16,1.27355e-06
375,17,0.000128397
375,18,0.00103276
375,19,0.00108335
375,20,0.000226457
375,21,4.7587e-06
376,16,1.23016e-06
376,17,0.000127264
376,18,0.00104853
376,19,0.00112733
376,20,0.000241646
376,21,5.27476e-06
377,16,1.1876e-06
377,17,0.00012602
377,18,0.0010638
377,19,0.00117215
377,20,0.000257764
377,21,5.81262e-06
377,22,1e-08
378,16,1.14584e-06
378,17,0.000124685
378,18,0.00107848
378,19,0.00121791
378,20,0.000274602
378,21,6.44162e-06
378,22,2e-08
379,16,1.1049e-06
379,17,0.000123318
379,18,0.0010925
379,19,0.00126431
379,20,0.000292447
379,21,7.13129e-06
379,22,1e-08
380,16,1.06478e-06
380,17,0.000121831
380,18,0.00110588
380,19,0.00131151
380,20,0.000311067
380,21,7.96061e-06
381,16,1.02547e-06
381,17,0.000120294
381,18,0.00111848
381,19,0.00135937
381,20,0.00033057
381,21,8.79938e-06
382,16,9.86986e-07
382,17,0.000118727
382,18,0.00113026
382,19,0.00140773
382,20,0.000351048
382,21,9.64788e-06
383,16,9.49325e-07
383,17,0.000117073
383,18,0.00114118
383,19,0.00145652
383,20,0.000372528
383,21,1.05579e-05
384,16,9.1249e-07
384,17,0.000115371
384,18,0.00115124
384,19,0.00150563
384,20,0.000394911
384,21,1.16444e-05
385,16,8.76484e-07
385,17,0.000113593
385,18,0.00116033
385,19,0.00155497
385,20,0.000418202
385,21,1.28076e-05
386,16,8.41308e-07
386,17,0.000111761
386,18,0.00116842
386,19,0.00160436
386,20,0.000442596
386,21,1.39699e-05
386,22,1e-08
387,16,8.06966e-07
387,17,0.000109837
387,18,0.00117549
387,19,0.00165372
387,20,0.000467876
387,21,1.52005e-05
387,22,1e-08
388,16,7.73459e-07
388,17,0.000107863
388,18,0.00118149
388,19,0.00170283
388,20,0.000494064
388,21,1.65972e-05
388,22,3e-08
389,16,7.4079e-07
389,17,0.000105812
389,18,0.00118633
389,19,0.00175166
389,20,0.000521228
389,21,1.81009e-05
389,22,6e-08
390,16,7.08961e-07
390,17,0.000103697
390,18,0.00119006
390,19,0.00179994
390,20,0.000549344
390,21,1.97229e-05
390,22,5e-08
391,16,6.77973e-07
391,17,0.000101561
391,18,0.00119253
391,19,0.00184763
391,20,0.000578379
391,21,2.15087e-05
391,22,8e-08
392,16,6.47826e-07
392,17,9.93661e-05
392,18,0.00119381
392,19,0.00189448
392,20,0.000608237
392,21,2.34347e-05
392,22,1.4e-07
393,16,6.18521e-07
393,17,9.71364e-05
393,18,0.0011938
393,19,0.0019403
393,20,0.000639007
393,21,2.54338e-05
393,22,1.6e-07
394,16,5.90059e-07
394,17,9.4885e-05
394,18,0.0011925
394,19,0.00198496
394,20,0.000670642
394,21,2.75516e-05
394,22,2.3231e-07
395,16,5.62439e-07
395,17,9.25653e-05
395,18,0.00118979
395,19,0.00202846
395,20,0.000702969
395,21,2.98597e-05
395,22,2.45644e-07
396,16,5.35659e-07
396,17,9.02319e-05
396,18,0.00118588
396,19,0.00207029
396,20,0.000736084
396,21,3.22878e-05
396,22,2.70068e-07
397,16,5.09717e-07
397,17,8.78683e-05
397,18,0.00118061
397,19,0.00211053
397,20,0.000769739
397,21,3.49278e-05
397,22,3.55652e-07
398,16,4.8461e-07
398,17,8.54988e-05
398,18,0.00117394
398,19,0.00214899
398,20,0.000803988
398,21,3.77131e-05
398,22,4.2515e-07
399,16,4.94971e-07
399,17,8.31072e-05
399,18,0.00116598
399,19,0.00218532
399,20,0.000838778
399,21,4.06599e-05
399,22,4.99626e-07
400,16,4.72768e-07
400,17,8.0718e-05
400,18,0.00115663
400,19,0.00221952
400,20,0.000874033
400,21,4.3713e-05
400,22,5.77616e-07
401,16,4.62945e-07
401,17,7.82749e-05
401,18,0.00114604
401,19,0.00225138
401,20,0.000909612
401,21,4.6954e-05
401,22,6.7845e-07
402,16,5.05024e-07
402,17,7.58039e-05
402,18,0.00113422
402,19,0.00228069
402,20,0.000945512
402,21,5.03936e-05
402,22,7.63147e-07
403,16,4.77997e-07
403,17,7.33501e-05
403,18,0.00112114
403,19,0.00230734
403,20,0.000981554
403,21,5.39983e-05
403,22,7.91912e-07
404,16,3.94356e-07
404,17,7.08977e-05
404,18,0.00110685
404,19,0.00233122
404,20,0.00101765
404,21,5.76896e-05
404,22,8.44118e-07
405,16,4.40298e-07
405,17,6.84711e-05
405,18,0.00109136
405,19,0.00235223
405,20,0.0010536
405,21,6.16963e-05
405,22,9.09932e-07
406,16,4.20629e-07
406,17,6.60142e-05
406,18,0.00107474
406,19,0.00237022
406,20,0.00108951
406,21,6.57829e-05
406,22,9.57682e-07
407,16,4.1387e-07
407,17,6.36031e-05
407,18,0.001057
407,19,0.00238508
407,20,0.00112515
407,21,7.00457e-05
407,22,1.10991e-06
408,16,3.79972e-07
408,17,6.12009e-05
408,18,0.00103821
408,19,0.00239676
408,20,0.0011604
408,21,7.45231e-05
408,22,1.20682e-06
409,16,3.73032e-07
409,17,5.88324e-05
409,18,0.00101847
409,19,0.00240523
409,20,0.00119508
409,21,7.90645e-05
409,22,1.30639e-06
410,16,3.19035e-07
410,17,5.65112e-05
410,18,0.000997816
410,19,0.00241034
410,20,0.00122912
410,21,8.39063e-05
410,22,1.43148e-06
411,16,2.95999e-07
411,17,5.42206e-05
411,18,0.000976346
411,19,0.00241209
411,20,0.0012624
411,21,8.89768e-05
411,22,1.52458e-06
412,16,2.6e-07
412,17,5.19643e-05
412,18,0.000954058
412,19,0.00241054
412,20,0.00129486
412,21,9.40339e-05
412,22,1.70372e-06
413,16,2.7314e-07
413,17,4.97258e-05
413,18,0.000931127
413,19,0.00240556
413,20,0.00132644
413,21,9.92678e-05
413,22,1.90205e-06
414,16,2.51777e-07
414,17,4.75293e-05
414,18,0.000907609
414,19,0.00239731
414,20,0.00135684
414,21,0.000104648
414,22,2.06986e-06
415,16,2.36914e-07
415,17,4.5398e-05
415,18,0.000883459
415,19,0.00238575
415,20,0.00138602
415,21,0.000110282
415,22,2.29674e-06
416,16,2.36559e-07
416,17,4.33137e-05
416,18,0.000858928
416,19,0.00237086
416,20,0.00141388
416,21,0.000116005
416,22,2.51364e-06
417,16,2.6e-07
417,17,4.12591e-05
417,18,0.000834022
417,19,0.0023528
417,20,0.00144037
417,21,0.000121874
417,22,2.71495e-06
418,16,2.41325e-07
418,17,3.92673e-05
418,18,0.000808791
418,19,0.00233166
418,20,0.00146538
418,21,0.000127745
418,22,2.93567e-06
419,16,2.53124e-07
419,17,3.73401e-05
419,18,0.000783282
419,19,0.00230755
419,20,0.00148881
419,21,0.000133706
419,22,3.11665e-06
420,16,2.27171e-07
420,17,3.54785e-05
420,18,0.000757654
420,19,0.00228053
420,20,0.00151051
420,21,0.000139758
420,22,3.41683e-06
421,16,1.94044e-07
421,17,3.36537e-05
421,18,0.000731952
421,19,0.00225078
421,20,0.00153045
421,21,0.000146039
421,22,3.68783e-06
422,16,2e-07
422,17,3.18978e-05
422,18,0.000706248
422,19,0.00221838
422,20,0.00154868
422,21,0.000152323
422,22,3.95946e-06
423,16,1.80781e-07
423,17,3.01913e-05
423,18,0.000680614
423,19,0.00218357
423,20,0.00156496
423,21,0.000158623
423,22,4.24863e-06
423,23,1e-08
424,16,1.92118e-07
424,17,2.85453e-05
424,18,0.000655166
424,19,0.00214639
424,20,0.00157933
424,21,0.000164968
424,22,4.5708e-06
425,16,1.63988e-07
425,17,2.69803e-05
425,18,0.000629908
425,19,0.00210704
425,20,0.0015918
425,21,0.000171342
425,22,4.90732e-06
426,16,1.5e-07
426,17,2.54654e-05
426,18,0.00060493
426,19,0.00206571
426,20,0.00160228
426,21,0.000177648
426,22,5.32719e-06
427,16,1.21853e-07
427,17,2.4011e-05
427,18,0.000580198
427,19,0.00202266
427,20,0.00161076
427,21,0.000183982
427,22,5.7285e-06
428,16,1.3e-07
428,17,2.26269e-05
428,18,0.000555837
428,19,0.00197802
428,20,0.00161725
428,21,0.000190291
428,22,6.13703e-06
429,16,1.21688e-07
429,17,2.12921e-05
429,18,0.000531917
429,19,0.0019319
429,20,0.00162164
429,21,0.000196703
429,22,6.57127e-06
429,23,1e-08
430,16,1.4e-07
430,17,2.00164e-05
430,18,0.000508471
430,19,0.00188456
430,20,0.00162402
430,21,0.000203029
430,22,7.08344e-06
430,23,1e-08
431,16,1.29219e-07
431,17,1.8809e-05
431,18,0.000485587
431,19,0.0018361
431,20,0.00162434
431,21,0.000209375
431,22,7.58365e-06
431,23,3e-08
432,16,1.19178e-07
432,17,1.76583e-05
432,18,0.00046319
432,19,0.00178682
432,20,0.00162283
432,21,0.00021558
432,22,8.0735e-06
432,23,3e-08
433,16,1.09835e-07
433,17,1.65431e-05
433,18,0.000441331
433,19,0.00173685
433,20,0.0016194
433,21,0.000221611
433,22,8.66104e-06
433,23,3e-08
434,16,1.01151e-07
434,17,1.55035e-05
434,18,0.00042009
434,19,0.00168622
434,20,0.00161419
434,21,0.000227627
434,22,9.18925e-06
434,23,1e-08
435,16,6e-08
435,17,1.45067e-05
435,18,0.000399458
435,19,0.00163528
435,20,0.00160713
435,21,0.000233417
435,22,9.79572e-06
436,16,6e-08
436,17,1.3572e-05
436,18,0.000379454
436,19,0.00158419
436,20,0.00159818
436,21,0.00023941
436,22,1.03419e-05
437,16,3e-08
437,17,1.26871e-05
437,18,0.000360113
437,19,0.00153298
437,20,0.00158761
437,21,0.00024513
437,22,1.09344e-05
437,23,1e-08
438,16,2e-08
438,17,1.18403e-05
438,18,0.000341436
438,19,0.00148188
438,20,0.00157542
438,21,0.000250625
438,22,1.15932e-05
438,23,1e-08
439,16,4e-08
439,17,1.10507e-05
439,18,0.000323449
439,19,0.00143088
439,20,0.00156178
439,21,0.000256047
439,22,1.22127e-05
439,23,1e-08
440,16,2e-08
440,17,1.03059e-05
440,18,0.000306096
440,19,0.00138024
440,20,0.0015467
440,21,0.000261286
440,22,1.28897e-05
441,16,2e-08
441,17,9.59418e-06
441,18,0.000289469
441,19,0.00133012
441,20,0.00153009
441,21,0.000266326
441,22,1.3585e-05
441,23,1e-08
442,16,2e-08
442,17,8.93438e-06
442,18,0.000273485
442,19,0.00128054
442,20,0.00151226
442,21,0.000271168
442,22,1.43088e-05
442,23,1e-08
443,16,2e-08
443,17,8.31408e-06
443,18,0.00025821
443,19,0.00123158
443,20,0.00149317
443,21,0.000275927
443,22,1.49803e-05
443,23,1e-08
444,16,2e-08
444,17,7.72152e-06
444,18,0.000243589
444,19,0.00118347
444,20,0.00147285
444,21,0.000280459
444,22,1.57397e-05
444,23,1e-08
445,16,1e-08
445,17,7.17567e-06
445,18,0.000229559
445,19,0.00113623
445,20,0.0014515
445,21,0.000284857
445,22,1.65068e-05
445,23,3e-08
446,16,1e-08
446,17,6.65407e-06
446,18,0.000216224
446,19,0.00108999
446,20,0.00142904
446,21,0.000289098
446,22,1.72407e-05
446,23,3e-08
447,17,6.17574e-06
447,18,0.000203486
447,19,0.00104464
447,20,0.00140585
447,21,0.000292968
447,22,1.80915e-05
447,23,6e-08
448,17,5.72828e-06
448,18,0.000191333
448,19,0.00100042
448,20,0.00138178
448,21,0.000296714
448,22,1.89411e-05
448,23,6e-08
449,17,5.31006e-06
449,18,0.000179832
449,19,0.000957233
449,20,0.00135696
449,21,0.000300271
449,22,1.98281e-05
449,23,6e-08
450,17,4.92058e-06
450,18,0.000168903
450,19,0.000915267
450,20,0.00133148
450,21,0.000303751
450,22,2.06746e-05
450,23,7e-08
451,17,4.53353e-06
451,18,0.00015848
451,19,0.000874479
451,20,0.00130551
451,21,0.0003069
451,22,2.1516e-05
451,23,5e-08
452,17,4.19067e-06
452,18,0.000148598
452,19,0.000834907
452,20,0.00127902
452,21,0.000309829
452,22,2.24028e-05
452,23,5e-08
453,17,3.84061e-06
453,18,0.000139245
453,19,0.000796557
453,20,0.00125215
453,21,0.000312606
453,22,2.32781e-05
453,23,5e-08
454,17,3.56201e-06
454,18,0.000130433
454,19,0.000759329
454,20,0.001225
454,21,0.000315053
454,22,2.42592e-05
454,23,4e-08
455,17,3.31585e-06
455,18,0.000122094
455,19,0.000723365
455,20,0.00119754
455,21,0.0003174
455,22,2.51977e-05
455,23,6e-08
456,17,3.06468e-06
456,18,0.000114179
456,19,0.000688734
456,20,0.00116986
456,21,0.000319588
456,22,2.61423e-05
456,23,7e-08
457,17,2.8314e-06
457,18,0.000106741
457,19,0.000655267
457,20,0.00114211
457,21,0.00032153
457,22,2.70432e-05
457,23,9e-08
458,17,2.62048e-06
458,18,9.97504e-05
458,19,0.000623107
458,20,0.00111424
458,21,0.000323226
458,22,2.8098e-05
458,23,1.1e-07
459,17,2.40844e-06
459,18,9.31655e-05
459,19,0.000592168
459,20,0.00108639
459,21,0.00032474
459,22,2.91394e-05
459,23,1.5e-07
460,17,2.20763e-06
460,18,8.70271e-05
460,19,0.000562321
460,20,0.00105859
460,21,0.000326094
460,22,3.01499e-05
460,23,1.8e-07
461,17,1.99148e-06
461,18,8.12245e-05
461,19,0.00053379
461,20,0.00103082
461,21,0.00032734
461,22,3.11152e-05
461,23,3.1e-07
462,17,1.85444e-06
462,18,7.57298e-05
462,19,0.000506383
462,20,0.0010032
462,21,0.000328384
462,22,3.21534e-05
462,23,3.46015e-07
463,17,1.67397e-06
463,18,7.0662e-05
463,19,0.000480157
463,20,0.000975779
463,21,0.000329207
463,22,3.32363e-05
463,23,3.02848e-07
464,17,1.52596e-06
464,18,6.58133e-05
464,19,0.000455131
464,20,0.000948516
464,21,0.000329863
464,22,3.43241e-05
464,23,2.89994e-07
465,17,1.36329e-06
465,18,6.13587e-05
465,19,0.00043117
465,20,0.000921539
465,21,0.000330277
465,22,3.54469e-05
465,23,3.17465e-07
466,17,1.25003e-06
466,18,5.71098e-05
466,19,0.000408218
466,20,0.000894933
466,21,0.000330562
466,22,3.65055e-05
466,23,3.45804e-07
467,17,1.12391e-06
467,18,5.31067e-05
467,19,0.000386321
467,20,0.000868577
467,21,0.000330663
467,22,3.76477e-05
467,23,3.24517e-07
468,17,1.01443e-06
468,18,4.94098e-05
468,19,0.000365424
468,20,0.000842622
468,21,0.000330613
468,22,3.87651e-05
468,23,3.53621e-07
469,17,9.21103e-07
469,18,4.59633e-05
469,19,0.000345474
469,20,0.000817082
469,21,0.000330418
469,22,3.99363e-05
469,23,4.2313e-07
470,17,8.43492e-07
470,18,4.27079e-05
470,19,0.000326505
470,20,0.00079193
470,21,0.000330081
470,22,4.10622e-05
470,23,4.4923e-07
471,17,7.67002e-07
471,18,3.96166e-05
471,19,0.000308533
471,20,0.000767125
471,21,0.000329628
471,22,4.22314e-05
471,23,4.8604e-07
472,17,7.17298e-07
472,18,3.67929e-05
472,19,0.000291352
472,20,0.00074286
472,21,0.000329002
472,22,4.34143e-05
472,23,5.33589e-07
473,17,6.71543e-07
473,18,3.41492e-05
473,19,0.000275003
473,20,0.000719055
473,21,0.000328208
473,22,4.46403e-05
473,23,4.92408e-07
474,17,6.06929e-07
474,18,3.17799e-05
474,19,0.000259506
474,20,0.000695736
474,21,0.000327231
474,22,4.59204e-05
474,23,5.12046e-07
475,17,5.35874e-07
475,18,2.94751e-05
475,19,0.000244776
475,20,0.000672902
475,21,0.000326187
475,22,4.71752e-05
475,23,5.32535e-07
476,17,4.88105e-07
476,18,2.73324e-05
476,19,0.000230795
476,20,0.000650613
476,21,0.000325008
476,22,4.84139e-05
476,23,5.83909e-07
477,17,4.51342e-07
477,18,2.53299e-05
477,19,0.000217491
477,20,0.000628874
477,21,0.00032372
477,22,4.96156e-05
477,23,6.26202e-07
478,17,4.07078e-07
478,18,2.35041e-05
478,19,0.000204938
478,20,0.000607621
478,21,0.000322248
478,22,5.08602e-05
478,23,8.19449e-07
479,17,3.74779e-07
479,18,2.18235e-05
479,19,0.000193042
479,20,0.000586816
479,21,0.000320796
479,22,5.20681e-05
479,23,9.34366e-07
480,17,3.94292e-07
480,18,2.02515e-05
480,19,0.000181795
480,20,0.000566586
480,21,0.000319138
480,22,5.33471e-05
480,23,1.00222e-06
481,17,3.75477e-07
481,18,1.87606e-05
481,19,0.000171147
481,20,0.000546839
481,21,0.000317319
481,22,5.4699e-05
481,23,1.06743e-06
482,17,2.782e-07
482,18,1.73427e-05
482,19,0.000161142
482,20,0.00052763
482,21,0.000315454
482,22,5.60752e-05
482,23,1.1255e-06
483,17,2.52343e-07
483,18,1.59681e-05
483,19,0.000151598
483,20,0.000508928
483,21,0.000313556
483,22,5.73771e-05
483,23,1.2156e-06
484,17,1.8779e-07
484,18,1.47769e-05
484,19,0.000142615
484,20,0.000490777
484,21,0.00031157
484,22,5.86012e-05
484,23,1.34921e-06
485,17,1.5444e-07
485,18,1.36897e-05
485,19,0.000134106
485,20,0.000473171
485,21,0.000309439
485,22,5.98857e-05
485,23,1.496e-06
486,17,1.32195e-07
486,18,1.266e-05
486,19,0.000126088
486,20,0.000456044
486,21,0.000307199
486,22,6.12018e-05
486,23,1.6475e-06
487,17,1.20966e-07
487,18,1.17134e-05
487,19,0.000118479
487,20,0.000439252
487,21,0.000305013
487,22,6.25997e-05
487,23,1.76388e-06
488,17,1.10673e-07
488,18,1.08649e-05
488,19,0.000111347
488,20,0.000423138
488,21,0.000302644
488,22,6.40106e-05
488,23,1.80439e-06
489,17,1.01238e-07
489,18,1.0069e-05
489,19,0.000104609
489,20,0.000407433
489,21,0.000300306
489,22,6.54245e-05
489,23,1.87781e-06
490,17,1e-07
490,18,9.28151e-06
490,19,9.82718e-05
490,20,0.000392186
490,21,0.000297884
490,22,6.68106e-05
490,23,1.97426e-06
491,17,6e-08
491,18,8.61094e-06
491,19,9.22867e-05
491,20,0.000377509
491,21,0.00029534
491,22,6.8199e-05
491,23,2.1943e-06
492,17,7e-08
492,18,7.96583e-06
492,19,8.66258e-05
492,20,0.000363212
492,21,0.000292808
492,22,6.95993e-05
492,23,2.25808e-06
493,17,6e-08
493,18,7.35867e-06
493,19,8.12891e-05
493,20,0.000349429
493,21,0.000290221
493,22,7.10513e-05
493,23,2.32115e-06
494,17,5e-08
494,18,6.80533e-06
494,19,7.63114e-05
494,20,0.000336009
494,21,0.000287593
494,22,7.24355e-05
494,23,2.48891e-06
495,17,4e-08
495,18,6.32846e-06
495,19,7.16337e-05
495,20,0.000323038
495,21,0.000284906
495,22,7.39111e-05
495,23,2.61154e-06
496,17,3e-08
496,18,5.87399e-06
496,19,6.71897e-05
496,20,0.000310536
496,21,0.000282214
496,22,7.53286e-05
496,23,2.78876e-06
497,17,3e-08
497,18,5.4507e-06
497,19,6.30371e-05
497,20,0.000298392
497,21,0.000279539
497,22,7.67681e-05
497,23,2.9461e-06
498,17,2e-08
498,18,5.01197e-06
498,19,5.90998e-05
498,20,0.000286762
498,21,0.000276755
498,22,7.8189e-05
498,23,3.11392e-06
499,17,1e-08
499,18,4.63365e-06
499,19,5.5426e-05
499,20,0.000275437
499,21,0.000273983
499,22,7.96506e-05
499,23,3.30864e-06
500,17,1e-08
500,18,4.29896e-06
500,19,5.19609e-05
500,20,0.000264535
500,21,0.000271117
500,22,8.11836e-05
500,23,3.5214e-06
501,18,4.00233e-06
501,19,4.86929e-05
501,20,0.000253959
501,21,0.000268228
501,22,8.27183e-05
501,23,3.74117e-06
502,18,3.69019e-06
502,19,4.56211e-05
502,20,0.000243842
502,21,0.000265291
502,22,8.42768e-05
502,23,3.90822e-06
503,18,3.40074e-06
503,19,4.27471e-05
503,20,0.000234091
503,21,0.000262347
503,22,8.57776e-05
503,23,4.06195e-06
504,18,3.18785e-06
504,19,4.00796e-05
504,20,0.000224637
504,21,0.000259409
504,22,8.73493e-05
504,23,4.27347e-06
505,18,2.9662e-06
505,19,3.75582e-05
505,20,0.000215593
505,21,0.000256389
505,22,8.89331e-05
505,23,4.47221e-06
506,18,2.69849e-06
506,19,3.51635e-05
506,20,0.000206813
506,21,0.000253489
506,22,9.0479e-05
506,23,4.65887e-06
507,18,2.47932e-06
507,19,3.29567e-05
507,20,0.000198423
507,21,0.000250501
507,22,9.20059e-05
507,23,4.91373e-06
508,18,2.29099e-06
508,19,3.08398e-05
508,20,0.00019031
508,21,0.000247556
508,22,9.35835e-05
508,23,5.14795e-06
509,18,2.08972e-06
509,19,2.88576e-05
509,20,0.000182496
509,21,0.000244566
509,22,9.5182e-05
509,23,5.38443e-06
510,18,1.88789e-06
510,19,2.69673e-05
510,20,0.000174985
510,21,0.000241594
510,22,9.67017e-05
510,23,5.64107e-06
511,18,1.74902e-06
511,19,2.52612e-05
511,20,0.000167755
511,21,0.000238521
511,22,9.83415e-05
511,23,5.92739e-06
512,18,1.61077e-06
512,19,2.36629e-05
512,20,0.000160817
512,21,0.000235479
512,22,9.99424e-05
512,23,6.24459e-06
513,18,1.48233e-06
513,19,2.21893e-05
513,20,0.000154112
513,21,0.000232491
513,22,0.000101574
513,23,6.54306e-06
514,18,1.39299e-06
514,19,2.07816e-05
514,20,0.000147681
514,21,0.000229516
514,22,0.000103146
514,23,6.89321e-06
515,18,1.31205e-06
515,19,1.94323e-05
515,20,0.000141522
515,21,0.000226516
515,22,0.000104748
515,23,7.26671e-06
516,18,1.15887e-06
516,19,1.81278e-05
516,20,0.00013561
516,21,0.000223422
516,22,0.000106439
516,23,7.60281e-06
517,18,1.09288e-06
517,19,1.69368e-05
517,20,0.000129909
517,21,0.000220448
517,22,0.000108091
517,23,7.98236e-06
518,18,1.00352e-06
518,19,1.58693e-05
518,20,0.000124451
518,21,0.000217453
518,22,0.000109764
518,23,8.34915e-06
519,18,9.56403e-07
519,19,1.48203e-05
519,20,0.000119211
519,21,0.000214439
519,22,0.000111487
519,23,8.7201e-06
520,18,8.76801e-07
520,19,1.38269e-05
520,20,0.000114156
520,21,0.000211457
520,22,0.000113222
520,23,9.12529e-06
521,18,8.22594e-07
521,19,1.29545e-05
521,20,0.000109264
521,21,0.000208477
521,22,0.000114926
521,23,9.51482e-06
522,18,6.99504e-07
522,19,1.21186e-05
522,20,0.000104575
522,21,0.000205512
522,22,0.000116621
522,23,9.93042e-06
522,24,1e-08
523,18,6.12278e-07
523,19,1.13364e-05
523,20,0.000100125
523,21,0.000202582
523,22,0.000118355
523,23,1.03415e-05
523,24,1e-08
524,18,5.48728e-07
524,19,1.0634e-05
524,20,9.57529e-05
524,21,0.000199707
524,22,0.00012007
524,23,1.07685e-05
525,18,5.18571e-07
525,19,9.94042e-06
525,20,9.17038e-05
525,21,0.000196769
525,22,0.000121803
525,23,1.12412e-05
526,18,4.51548e-07
526,19,9.29116e-06
526,20,8.77242e-05
526,21,0.00019396
526,22,0.000123537
526,23,1.17414e-05
527,18,3.97416e-07
527,19,8.63545e-06
527,20,8.39164e-05
527,21,0.000191106
527,22,0.000125239
527,23,1.23097e-05
528,18,3.65953e-07
528,19,8.06375e-06
528,20,8.02828e-05
528,21,0.00018822
528,22,0.00012699
528,23,1.28776e-05
529,18,3.36954e-07
529,19,7.54821e-06
529,20,7.6776e-05
529,21,0.000185335
529,22,0.00012876
529,23,1.34856e-05
529,24,1e-08
530,18,3.21e-07
530,19,7.04441e-06
530,20,7.34718e-05
530,21,0.00018254
530,22,0.000130509
530,23,1.40386e-05
530,24,1e-08
531,18,2.95516e-07
531,19,6.58242e-06
531,20,7.02643e-05
531,21,0.000179796
531,22,0.000132246
531,23,1.4653e-05
531,24,4e-08
532,18,2.98813e-07
532,19,6.13024e-06
532,20,6.71694e-05
532,21,0.000177063
532,22,0.000134011
532,23,1.52695e-05
532,24,4e-08
533,18,2.75047e-07
533,19,5.67012e-06
533,20,6.41627e-05
533,21,0.000174402
533,22,0.000135753
533,23,1.58585e-05
533,24,6e-08
534,18,2.53152e-07
534,19,5.25564e-06
534,20,6.13027e-05
534,21,0.000171714
534,22,0.000137573
534,23,1.65208e-05
534,24,8e-08
535,18,1.89419e-07
535,19,4.86479e-06
535,20,5.85791e-05
535,21,0.000169016
535,22,0.000139381
535,23,1.72072e-05
535,24,5e-08
536,18,1.28301e-07
536,19,4.55607e-06
536,20,5.59788e-05
536,21,0.000166371
536,22,0.000141156
536,23,1.80296e-05
536,24,9e-08
537,18,1.18061e-07
537,19,4.21808e-06
537,20,5.35156e-05
537,21,0.000163698
537,22,0.000142978
537,23,1.87833e-05
537,24,1.5e-07
538,18,1.08631e-07
538,19,3.94017e-06
538,20,5.10752e-05
538,21,0.000161069
538,22,0.000144707
538,23,1.96454e-05
538,24,1.36398e-07
539,18,1.1e-07
539,19,3.66037e-06
539,20,4.87692e-05
539,21,0.000158455
539,22,0.000146473
539,23,2.05119e-05
539,24,1.63194e-07
540,18,1.01199e-07
540,19,3.42755e-06
540,20,4.65586e-05
540,21,0.000155905
540,22,0.000148194
540,23,2.13994e-05
540,24,1.80414e-07
541,18,6e-08
541,19,3.19061e-06
541,20,4.44899e-05
541,21,0.000153368
541,22,0.00014997
541,23,2.22792e-05
541,24,1.78084e-07
542,18,1e-07
542,19,2.97854e-06
542,20,4.24696e-05
542,21,0.000150827
542,22,0.000151742
542,23,2.32206e-05
542,24,2.06229e-07
543,18,6e-08
543,19,2.79037e-06
543,20,4.05441e-05
543,21,0.000148301
543,22,0.0001536
543,23,2.41164e-05
543,24,2.4488e-07
544,18,5e-08
544,19,2.60522e-06
544,20,3.86996e-05
544,21,0.00014581
544,22,0.000155433
544,23,2.51047e-05
544,24,2.64701e-07
545,18,8e-08
545,19,2.38763e-06
545,20,3.69629e-05
545,21,0.000143355
545,22,0.000157221
545,23,2.61075e-05
545,24,2.95129e-07
546,18,1.3e-07
546,19,2.26238e-06
546,20,3.52201e-05
546,21,0.000140908
546,22,0.000159073
546,23,2.72169e-05
546,24,2.462e-07
547,18,1.1954e-07
547,19,2.12736e-06
547,20,3.36436e-05
547,21,0.000138475
547,22,0.00016092
547,23,2.83053e-05
547,24,3.07955e-07
548,18,1.09914e-07
548,19,1.98454e-06
548,20,3.20949e-05
548,21,0.000136109
548,22,0.000162711
548,23,2.94817e-05
548,24,3.90433e-07
549,18,1.01057e-07
549,19,1.83543e-06
549,20,3.06419e-05
549,21,0.000133778
549,22,0.000164495
549,23,3.06681e-05
549,24,4.04307e-07
550,18,4e-08
550,19,1.68731e-06
550,20,2.92317e-05
550,21,0.000131454
550,22,0.000166312
550,23,3.18666e-05
550,24,4.75317e-07
551,18,4e-08
551,19,1.56702e-06
551,20,2.78915e-05
551,21,0.000129156
551,22,0.000168132
551,23,3.32473e-05
551,24,4.98243e-07
552,18,5e-08
552,19,1.44404e-06
552,20,2.6599e-05
552,21,0.000126904
552,22,0.000169954
552,23,3.45772e-05
552,24,5.42571e-07
553,18,3e-08
553,19,1.33791e-06
553,20,2.53626e-05
553,21,0.000124688
553,22,0.000171779
553,23,3.60235e-05
553,24,5.58385e-07
554,18,5e-08
554,19,1.23816e-06
554,20,2.41901e-05
554,21,0.000122467
554,22,0.000173604
554,23,3.74513e-05
554,24,5.55773e-07
555,18,1e-08
555,19,1.15439e-06
555,20,2.31029e-05
555,21,0.000120274
555,22,0.000175412
555,23,3.89286e-05
555,24,6.74829e-07
556,18,3e-08
556,19,1.07621e-06
556,20,2.20732e-05
556,21,0.000118146
556,22,0.00017723
556,23,4.04198e-05
556,24,7.63126e-07
557,18,4e-08
557,19,1.00324e-06
557,20,2.10644e-05
557,21,0.000116026
557,22,0.000179148
557,23,4.19223e-05
557,24,7.84369e-07
558,18,2e-08
558,19,9.3514e-07
558,20,2.00618e-05
558,21,0.00011393
558,22,0.000180957
558,23,4.35564e-05
558,24,8.48111e-07
559,18,3e-08
559,19,8.71599e-07
559,20,1.91343e-05
559,21,0.000111872
559,22,0.000182836
559,23,4.5156e-05
559,24,8.84498e-07
560,18,1e-08
560,19,8.12311e-07
560,20,1.81881e-05
560,21,0.000109908
560,22,0.000184645
560,23,4.68505e-05
560,24,9.44306e-07
561,18,2e-08
561,19,7.56998e-07
561,20,1.73266e-05
561,21,0.000107878
561,22,0.000186423
561,23,4.8644e-05
561,24,1.00712e-06
562,18,2e-08
562,19,6.57308e-07
562,20,1.65247e-05
562,21,0.000105874
562,22,0.000188228
562,23,5.05181e-05
562,24,1.05372e-06
563,18,2e-08
563,19,6.35866e-07
563,20,1.57378e-05
563,21,0.000103906
563,22,0.000190051
563,23,5.23954e-05
563,24,1.13373e-06
564,18,3e-08
564,19,6.1721e-07
564,20,1.50155e-05
564,21,0.000101934
564,22,0.000191841
564,23,5.44168e-05
564,24,1.22795e-06
565,18,4e-08
565,19,5.61157e-07
565,20,1.43059e-05
565,21,9.99981e-05
565,22,0.000193648
565,23,5.64556e-05
565,24,1.33601e-06
566,18,7e-08
566,19,5.07534e-07
566,20,1.3567e-05
566,21,9.80983e-05
566,22,0.000195491
566,23,5.85519e-05
566,24,1.43814e-06
567,18,7e-08
567,19,5.26178e-07
567,20,1.2908e-05
567,21,9.62233e-05
567,22,0.000197271
567,23,6.07475e-05
567,24,1.5358e-06
568,18,6e-08
568,19,5.36941e-07
568,20,1.23271e-05
568,21,9.43638e-05
568,22,0.000199036
568,23,6.30558e-05
568,24,1.63808e-06
569,18,6e-08
569,19,5.00065e-07
569,20,1.17733e-05
569,21,9.249e-05
569,22,0.000200795
569,23,6.53628e-05
569,24,1.73586e-06
570,18,9e-08
570,19,4.65686e-07
570,20,1.11952e-05
570,21,9.07226e-05
570,22,0.000202558
570,23,6.77565e-05
570,24,1.93885e-06
571,18,9e-08
571,19,4.33635e-07
571,20,1.06728e-05
571,21,8.89607e-05
571,22,0.000204294
571,23,7.02392e-05
571,24,2.16586e-06
572,18,8e-08
572,19,4.18102e-07
572,20,1.01739e-05
572,21,8.72563e-05
572,22,0.000206034
572,23,7.2803e-05
572,24,2.38073e-06
573,18,6e-08
573,19,4.21251e-07
573,20,9.69761e-06
573,21,8.5454e-05
573,22,0.000207785
573,23,7.54603e-05
573,24,2.51418e-06
574,18,2e-08
574,19,4.16824e-07
574,20,9.27288e-06
574,21,8.37564e-05
574,22,0.000209478
574,23,7.82137e-05
574,24,2.69609e-06
575,18,1e-08
575,19,3.88012e-07
575,20,8.79878e-06
575,21,8.20629e-05
575,22,0.000211172
575,23,8.1056e-05
575,24,2.90693e-06
576,19,3.61163e-07
576,20,8.41441e-06
576,21,8.03437e-05
576,22,0.000212926
576,23,8.39697e-05
576,24,3.04722e-06
577,19,3.01772e-07
577,20,7.96892e-06
577,21,7.87288e-05
577,22,0.00021458
577,23,8.69964e-05
577,24,3.2741e-06
578,19,2.61941e-07
578,20,7.56196e-06
578,21,7.71276e-05
578,22,0.000216283
578,23,9.00895e-05
578,24,3.47311e-06
579,19,2.52781e-07
579,20,7.19222e-06
579,21,7.555e-05
579,22,0.000217914
579,23,9.33305e-05
579,24,3.67433e-06
580,19,1.84247e-07
580,20,6.84896e-06
580,21,7.39556e-05
580,22,0.000219612
580,23,9.66033e-05
580,24,3.92844e-06
580,25,1e-08
581,19,1.66298e-07
581,20,6.52145e-06
581,21,7.24147e-05
581,22,0.000221318
581,23,9.99489e-05
581,24,4.20675e-06
582,19,2e-07
582,20,6.209e-06
582,21,7.09699e-05
582,22,0.000222911
582,23,0.000103479
582,24,4.45065e-06
583,19,2.3e-07
583,20,5.91094e-06
583,21,6.94538e-05
583,22,0.000224538
583,23,0.000107138
583,24,4.70923e-06
584,19,1.92321e-07
584,20,5.61662e-06
584,21,6.79809e-05
584,22,0.000226101
584,23,0.00011093
584,24,5.04387e-06
584,25,1e-08
585,19,1.5e-07
585,20,5.34593e-06
585,21,6.65505e-05
585,22,0.000227647
585,23,0.000114809
585,24,5.39548e-06
585,25,1e-08
586,19,9e-08
586,20,5.07778e-06
586,21,6.51621e-05
586,22,0.000229186
586,23,0.000118806
586,24,5.65557e-06
587,19,6e-08
587,20,4.83208e-06
587,21,6.37551e-05
587,22,0.000230778
587,23,0.000122854
587,24,6.04397e-06
588,19,6e-08
588,20,4.58171e-06
588,21,6.23922e-05
588,22,0.000232301
588,23,0.000127004
588,24,6.47345e-06
589,19,7e-08
589,20,4.37301e-06
589,21,6.10405e-05
589,22,0.000233755
589,23,0.000131368
589,24,6.92634e-06
590,19,1.1e-07
590,20,4.14451e-06
590,21,5.97497e-05
590,22,0.000235258
590,23,0.000135791
590,24,7.42271e-06
591,19,1.6e-07
591,20,3.91575e-06
591,21,5.84707e-05
591,22,0.000236731
591,23,0.000140296
591,24,7.92089e-06
592,19,1.41544e-07
592,20,3.71752e-06
592,21,5.72332e-05
592,22,0.000238132
592,23,0.000145042
592,24,8.4573e-06
593,19,1.43674e-07
593,20,3.53179e-06
593,21,5.59712e-05
593,22,0.00023955
593,23,0.000149867
593,24,9.05756e-06
594,19,1.8e-07
594,20,3.33431e-06
594,21,5.47097e-05
594,22,0.000240944
594,23,0.000154901
594,24,9.62823e-06
595,19,1.50099e-07
595,20,3.20472e-06
595,21,5.35403e-05
595,22,0.000242344
595,23,0.00015998
595,24,1.02298e-05
595,25,1e-08
596,19,1.30886e-07
596,20,3.01266e-06
596,21,5.23383e-05
596,22,0.000243719
596,23,0.000165194
596,24,1.08843e-05
596,25,2e-08
597,19,1.12315e-07
597,20,2.85778e-06
597,21,5.11889e-05
597,22,0.000244937
597,23,0.000170715
597,24,1.15507e-05
598,19,1.04342e-07
598,20,2.71976e-06
598,21,4.999e-05
598,22,0.000246228
598,23,0.000176281
598,24,1.23435e-05
598,25,1e-08
599,19,8e-08
599,20,2.58829e-06
599,21,4.88403e-05
599,22,0.0002474
599,23,0.000182062
599,24,1.31157e-05
599,25,2e-08
600,19,7e-08
600,20,2.46306e-06
600,21,4.77396e-05
600,22,0.000248543
600,23,0.000188051
600,24,1.39095e-05
600,25,1e-08
601,19,5e-08
601,20,2.3438e-06
601,21,4.66675e-05
601,22,0.000249695
601,23,0.000194064
601,24,1.4807e-05
601,25,4e-08
602,19,3e-08
602,20,2.20022e-06
602,21,4.55911e-05
602,22,0.000250826
602,23,0.00020027
602,24,1.57015e-05
602,25,5e-08
603,19,4e-08
603,20,2.09207e-06
603,21,4.45535e-05
603,22,0.000251954
603,23,0.000206574
603,24,1.67238e-05
603,25,4e-08
604,19,4e-08
604,20,2.0191e-06
604,21,4.3494e-05
604,22,0.000253049
604,23,0.000213026
604,24,1.78175e-05
604,25,4e-08
605,19,6e-08
605,20,1.94107e-06
605,21,4.24424e-05
605,22,0.00025406
605,23,0.000219738
605,24,1.89152e-05
605,25,6e-08
606,19,5e-08
606,20,1.80226e-06
606,21,4.13903e-05
606,22,0.000255025
606,23,0.000226685
606,24,2.00408e-05
606,25,7e-08
607,19,2e-08
607,20,1.71826e-06
607,21,4.03758e-05
607,22,0.000256003
607,23,0.000233692
607,24,2.12758e-05
607,25,8e-08
608,19,2e-08
608,20,1.63831e-06
608,21,3.94489e-05
608,22,0.000256945
608,23,0.000240947
608,24,2.26167e-05
608,25,1.2e-07
609,20,1.54223e-06
609,21,3.84692e-05
609,22,0.000257787
609,23,0.000248376
609,24,2.40117e-05
609,25,1.9e-07
610,20,1.43474e-06
610,21,3.7577e-05
610,22,0.00025862
610,23,0.000255969
610,24,2.54728e-05
610,25,1.7e-07
611,20,1.31071e-06
611,21,3.66325e-05
611,22,0.000259433
611,23,0.00026364
611,24,2.71838e-05
611,25,1.7e-07
612,20,1.2598e-06
612,21,3.5724e-05
612,22,0.000260223
612,23,0.000271557
612,24,2.88179e-05
612,25,2.5e-07
613,20,1.15186e-06
613,21,3.48618e-05
613,22,0.000260961
613,23,0.000279695
613,24,3.05163e-05
613,25,2.76624e-07
614,20,1.13675e-06
614,21,3.40053e-05
614,22,0.000261585
614,23,0.000288006
614,24,3.23476e-05
614,25,3.34528e-07
615,20,1.07433e-06
615,21,3.31312e-05
615,22,0.000262224
615,23,0.000296461
615,24,3.43044e-05
615,25,3.73805e-07
616,20,9.84493e-07
616,21,3.2303e-05
616,22,0.000262826
616,23,0.00030522
616,24,3.62328e-05
616,25,3.74559e-07
617,20,9.27102e-07
617,21,3.14602e-05
617,22,0.000263402
617,23,0.000314129
617,24,3.83306e-05
617,25,4.57681e-07
618,20,8.62045e-07
618,21,3.06733e-05
618,22,0.000263849
618,23,0.000323245
618,24,4.06045e-05
618,25,5.52563e-07
619,20,8.29214e-07
619,21,2.99012e-05
619,22,0.000264297
619,23,0.000332522
619,24,4.2881e-05
619,25,5.79334e-07
620,20,7.88503e-07
620,21,2.90835e-05
620,22,0.000264615
620,23,0.000342069
620,24,4.53846e-05
620,25,6.5813e-07
621,20,7.59811e-07
621,21,2.83121e-05
621,22,0.00026487
621,23,0.000351809
621,24,4.80533e-05
621,25,6.99098e-07
622,20,7.03042e-07
622,21,2.75185e-05
622,22,0.000265163
622,23,0.000361662
622,24,5.07717e-05
622,25,7.82395e-07
623,20,6.88106e-07
623,21,2.67794e-05
623,22,0.000265382
623,23,0.000371725
623,24,5.36009e-05
623,25,8.45929e-07
624,20,6.24914e-07
624,21,2.60944e-05
624,22,0.000265587
624,23,0.00038199
624,24,5.66421e-05
624,25,9.22715e-07
625,20,5.93384e-07
625,21,2.53703e-05
625,22,0.000265695
625,23,0.000392465
625,24,5.9731e-05
625,25,1.08299e-06
626,20,5.33437e-07
626,21,2.46798e-05
626,22,0.000265767
626,23,0.00040313
626,24,6.30824e-05
626,25,1.19851e-06
627,20,5.04995e-07
627,21,2.40226e-05
627,22,0.000265811
627,23,0.000413903
627,24,6.66321e-05
627,25,1.27037e-06
628,20,4.77988e-07
628,21,2.33394e-05
628,22,0.000265766
628,23,0.000424912
628,24,7.0302e-05
628,25,1.43902e-06
629,20,4.52347e-07
629,21,2.2671e-05
629,22,0.000265641
629,23,0.000436085
629,24,7.4238e-05
629,25,1.60646e-06
630,20,4.28005e-07
630,21,2.20756e-05
630,22,0.000265475
630,23,0.000447499
630,24,7.82804e-05
630,25,1.75255e-06
631,20,4.04899e-07
631,21,2.14825e-05
631,22,0.000265197
631,23,0.000459123
631,24,8.26189e-05
631,25,1.92925e-06
632,20,3.82971e-07
632,21,2.08518e-05
632,22,0.000264876
632,23,0.000470885
632,24,8.71321e-05
632,25,2.13589e-06
633,20,3.62162e-07
633,21,2.02336e-05
633,22,0.000264552
633,23,0.00048283
633,24,9.17597e-05
633,25,2.3637e-06
634,20,3.42419e-07
634,21,1.96985e-05
634,22,0.000264123
634,23,0.000495004
634,24,9.66117e-05
634,25,2.61511e-06
635,20,3.2369e-07
635,21,1.91634e-05
635,22,0.000263638
635,23,0.000507245
635,24,0.000101737
635,25,2.87104e-06
636,20,3.05925e-07
636,21,1.85815e-05
636,22,0.000263037
636,23,0.000519735
636,24,0.000107016
636,25,3.19172e-06
637,20,2.89077e-07
637,21,1.80826e-05
637,22,0.000262349
637,23,0.000532341
637,24,0.000112694
637,25,3.46597e-06
638,20,2.73102e-07
638,21,1.75349e-05
638,22,0.000261614
638,23,0.000545245
638,24,0.000118436
638,25,3.78974e-06
639,20,2.57956e-07
639,21,1.69484e-05
639,22,0.000260879
639,23,0.000558225
639,24,0.000124484
639,25,4.08577e-06
640,20,2.43599e-07
640,21,1.64336e-05
640,22,0.000259966
640,23,0.000571332
640,24,0.000130894
640,25,4.48407e-06
641,20,2.29992e-07
641,21,1.59201e-05
641,22,0.000259033
641,23,0.000584478
641,24,0.000137663
641,25,4.82898e-06
642,20,2.17097e-07
642,21,1.54273e-05
642,22,0.000258019
642,23,0.000597873
642,24,0.000144614
642,25,5.23932e-06
643,20,1.87466e-07
643,21,1.49455e-05
643,22,0.000256995
643,23,0.000611271
643,24,0.000151878
643,25,5.65669e-06
644,20,2.51395e-07
644,21,1.44788e-05
644,22,0.000255879
644,23,0.00062477
644,24,0.00015946
644,25,6.13281e-06
645,20,2.31495e-07
645,21,1.40503e-05
645,22,0.000254712
645,23,0.00063836
645,24,0.000167388
645,25,6.64092e-06
646,20,2.3344e-07
646,21,1.35683e-05
646,22,0.000253412
646,23,0.00065219
646,24,0.000175502
646,25,7.27013e-06
646,26,1e-08
647,20,2.25815e-07
647,21,1.31163e-05
647,22,0.00025214
647,23,0.000666022
647,24,0.000183956
647,25,7.89665e-06
648,20,1.88596e-07
648,21,1.26872e-05
648,22,0.000250725
648,23,0.000679783
648,24,0.000192932
648,25,8.49275e-06
649,20,1.51765e-07
649,21,1.22915e-05
649,22,0.000249217
649,23,0.000693727
649,24,0.000202195
649,25,9.19721e-06
650,20,1.253e-07
650,21,1.19018e-05
650,22,0.000247706
650,23,0.000707654
650,24,0.00021177
650,25,9.92586e-06
651,20,7e-08
651,21,1.15415e-05
651,22,0.000246092
651,23,0.000721549
651,24,0.000221843
651,25,1.06706e-05
651,26,2e-08
652,20,9e-08
652,21,1.11705e-05
652,22,0.000244385
652,23,0.000735477
652,24,0.000232138
652,25,1.15905e-05
652,26,4e-08
653,20,1.2e-07
653,21,1.08012e-05
653,22,0.000242546
653,23,0.000749552
653,24,0.000242857
653,25,1.24701e-05
653,26,7e-08
654,20,1e-07
654,21,1.04964e-05
654,22,0.000240725
654,23,0.000763521
654,24,0.000253888
654,25,1.34972e-05
654,26,8e-08
655,20,9e-08
655,21,1.01361e-05
655,22,0.000238781
655,23,0.000777428
655,24,0.000265385
655,25,1.45086e-05
655,26,7e-08
656,20,8e-08
656,21,9.78443e-06
656,22,0.000236806
656,23,0.000791242
656,24,0.000277387
656,25,1.56658e-05
656,26,7e-08
657,20,6e-08
657,21,9.47156e-06
657,22,0.00023479
657,23,0.000805018
657,24,0.000289746
657,25,1.68386e-05
657,26,7e-08
658,20,1e-07
658,21,9.15701e-06
658,22,0.000232703
658,23,0.000818605
658,24,0.000302537
658,25,1.8105e-05
658,26,7e-08
659,20,1.2e-07
659,21,8.91157e-06
659,22,0.000230505
659,23,0.000832145
659,24,0.000315757
659,25,1.94595e-05
659,26,5e-08
660,20,1.3e-07
660,21,8.61417e-06
660,22,0.000228228
660,23,0.000845458
660,24,0.000329445
660,25,2.09385e-05
660,26,4e-08
661,20,1.5e-07
661,21,8.35298e-06
661,22,0.000225874
661,23,0.000858823
661,24,0.000343422
661,25,2.25368e-05
661,26,2e-08
662,20,1.33291e-07
662,21,7.98763e-06
662,22,0.000223462
662,23,0.000871963
662,24,0.000357877
662,25,2.42391e-05
662,26,4e-08
663,20,1.1e-07
663,21,7.68043e-06
663,22,0.000220964
663,23,0.000884805
663,24,0.000372933
663,25,2.59401e-05
663,26,9e-08
664,20,7e-08
664,21,7.45577e-06
664,22,0.000218422
664,23,0.000897557
664,24,0.000388261
664,25,2.77921e-05
664,26,1.2e-07
665,20,9e-08
665,21,7.15227e-06
665,22,0.000215816
665,23,0.000910028
665,24,0.000404095
665,25,2.97433e-05
665,26,1.9e-07
666,20,9e-08
666,21,6.8898e-06
666,22,0.000213189
666,23,0.000922235
666,24,0.000420276
666,25,3.18462e-05
666,26,2.91376e-07
667,20,5e-08
667,21,6.63458e-06
667,22,0.00021047
667,23,0.000934135
667,24,0.000437081
667,25,3.41699e-05
667,26,3.2456e-07
668,20,4e-08
668,21,6.35648e-06
668,22,0.000207733
668,23,0.000945717
668,24,0.000454271
668,25,3.65764e-05
668,26,3.57488e-07
669,20,5e-08
669,21,6.12756e-06
669,22,0.000204888
669,23,0.000956975
669,24,0.000471928
669,25,3.91533e-05
669,26,4.12279e-07
670,20,5e-08
670,21,5.84749e-06
670,22,0.000202027
670,23,0.000967948
670,24,0.000489935
670,25,4.17234e-05
670,26,4.1907e-07
671,20,2e-08
671,21,5.65725e-06
671,22,0.000199103
671,23,0.000978542
671,24,0.000508312
671,25,4.46183e-05
671,26,5.28862e-07
672,20,1e-08
672,21,5.46345e-06
672,22,0.000196087
672,23,0.000988695
672,24,0.000527372
672,25,4.74989e-05
672,26,6.11022e-07
673,21,5.28997e-06
673,22,0.000193093
673,23,0.000998452
673,24,0.00054655
673,25,5.07055e-05
673,26,6.86567e-07
674,21,5.10805e-06
674,22,0.000190031
674,23,0.00100771
674,24,0.000566221
674,25,5.40804e-05
674,26,7.6581e-07
675,21,4.98914e-06
675,22,0.000186924
675,23,0.00101644
675,24,0.000586368
675,25,5.75799e-05
675,26,8.00552e-07
676,21,4.8506e-06
676,22,0.000183764
676,23,0.00102475
676,24,0.000606857
676,25,6.12706e-05
676,26,8.99517e-07
677,21,4.66327e-06
677,22,0.000180564
677,23,0.00103256
677,24,0.000627756
677,25,6.51596e-05
677,26,9.93818e-07
678,21,4.46755e-06
678,22,0.000177318
678,23,0.00103981
678,24,0.000649015
678,25,6.92311e-05
678,26,1.07382e-06
679,21,4.2781e-06
679,22,0.000174017
679,23,0.00104663
679,24,0.000670486
679,25,7.35222e-05
679,26,1.25153e-06
680,21,4.09479e-06
680,22,0.000170745
680,23,0.00105272
680,24,0.000692449
680,25,7.79803e-05
680,26,1.38475e-06
681,21,3.94459e-06
681,22,0.000167424
681,23,0.00105822
681,24,0.000714618
681,25,8.26464e-05
681,26,1.51486e-06
682,21,3.82999e-06
682,22,0.000164047
682,23,0.00106313
682,24,0.000737005
682,25,8.76619e-05
682,26,1.6631e-06
683,21,3.66016e-06
683,22,0.000160697
683,23,0.00106741
683,24,0.000759552
683,25,9.29284e-05
683,26,1.97078e-06
684,21,3.53405e-06
684,22,0.000157347
684,23,0.00107109
684,24,0.000782291
684,25,9.8361e-05
684,26,2.23794e-06
685,21,3.38129e-06
685,22,0.000153939
685,23,0.00107404
685,24,0.000805292
685,25,0.000104073
685,26,2.45565e-06
686,21,3.19841e-06
686,22,0.000150518
686,23,0.00107623
686,24,0.000828609
686,25,0.00010999
686,26,2.84541e-06
687,21,3.13066e-06
687,22,0.000147096
687,23,0.00107786
687,24,0.000851831
687,25,0.000116275
687,26,3.14167e-06
688,21,2.97996e-06
688,22,0.000143657
688,23,0.00107879
688,24,0.000875219
688,25,0.000122568
688,26,3.47521e-06
689,21,2.83633e-06
689,22,0.000140234
689,23,0.00107899
689,24,0.000898509
689,25,0.00012945
689,26,3.90463e-06
690,21,2.73268e-06
690,22,0.000136779
690,23,0.00107859
690,24,0.000921861
690,25,0.000136544
690,26,4.29444e-06
691,21,2.52626e-06
691,22,0.000133359
691,23,0.00107732
691,24,0.000945266
691,25,0.000143879
691,26,4.6974e-06
692,21,2.48473e-06
692,22,0.000129935
692,23,0.00107544
692,24,0.000968446
692,25,0.000151555
692,26,5.05403e-06
693,21,2.34607e-06
693,22,0.000126539
693,23,0.00107281
693,24,0.000991397
693,25,0.000159515
693,26,5.44488e-06
694,21,2.31166e-06
694,22,0.000123095
694,23,0.00106949
694,24,0.00101431
694,25,0.00016776
694,26,5.91195e-06
695,21,2.20289e-06
695,22,0.000119706
695,23,0.00106535
695,24,0.00103706
695,25,0.000176229
695,26,6.41732e-06
696,21,2.10069e-06
696,22,0.000116385
696,23,0.0010605
696,24,0.00105956
696,25,0.000184799
696,26,6.99316e-06
697,21,2.04556e-06
697,22,0.000113035
697,23,0.00105491
697,24,0.00108177
697,25,0.000193769
697,26,7.58797e-06
697,27,1e-08
698,21,1.9589e-06
698,22,0.000109709
698,23,0.00104863
698,24,0.00110366
698,25,0.000203145
698,26,8.18662e-06
698,27,1e-08
699,21,1.86295e-06
699,22,0.000106421
699,23,0.00104154
699,24,0.00112521
699,25,0.000212781
699,26,8.7621e-06
699,27,4e-08
700,21,1.78108e-06
700,22,0.000103145
700,23,0.00103375
700,24,0.00114633
700,25,0.000222741
700,26,9.47544e-06
700,27,7e-08
701,21,1.69732e-06
701,22,9.99703e-05
701,23,0.00102525
701,24,0.00116691
701,25,0.000233063
701,26,1.0249e-05
701,27,6e-08
702,21,1.6126e-06
702,22,9.68008e-05
702,23,0.0010161
702,24,0.00118703
702,25,0.00024355
702,26,1.10839e-05
702,27,6e-08
703,21,1.5475e-06
703,22,9.36385e-05
703,23,0.00100638
703,24,0.00120651
703,25,0.00025431
703,26,1.19059e-05
703,27,6e-08
704,21,1.47001e-06
704,22,9.05364e-05
704,23,0.000996008
704,24,0.00122528
704,25,0.000265444
704,26,1.2883e-05
704,27,1e-07
705,21,1.46198e-06
705,22,8.74974e-05
705,23,0.00098493
705,24,0.00124344
705,25,0.000276922
705,26,1.38734e-05
705,27,1.5e-07
706,21,1.33401e-06
706,22,8.45135e-05
706,23,0.000973278
706,24,0.00126086
706,25,0.000288677
706,26,1.48905e-05
706,27,1.80539e-07
707,21,1.2517e-06
707,22,8.14781e-05
707,23,0.000961025
707,24,0.00127766
707,25,0.000300546
707,26,1.59566e-05
707,27,2.02789e-07
708,21,1.18659e-06
708,22,7.85453e-05
708,23,0.000948231
708,24,0.00129358
708,25,0.00031259
708,26,1.71993e-05
708,27,2.46008e-07
709,21,1.1146e-06
709,22,7.56637e-05
709,23,0.000934872
709,24,0.00130854
709,25,0.000325066
709,26,1.83214e-05
709,27,3.0026e-07
710,21,1.03563e-06
710,22,7.28651e-05
710,23,0.000921022
710,24,0.00132269
710,25,0.000337607
710,26,1.97323e-05
710,27,3.35617e-07
711,21,9.76039e-07
711,22,7.01316e-05
711,23,0.000906688
711,24,0.00133591
711,25,0.000350475
711,26,2.10681e-05
711,27,3.82997e-07
712,21,9.54226e-07
712,22,6.74439e-05
712,23,0.000891928
712,24,0.00134814
712,25,0.00036339
712,26,2.25682e-05
712,27,4.40922e-07
713,21,8.17951e-07
713,22,6.4813e-05
713,23,0.000876688
713,24,0.00135939
713,25,0.000376577
713,26,2.41889e-05
713,27,5.00947e-07
714,21,6.97685e-07
714,22,6.22303e-05
714,23,0.00086108
714,24,0.00136975
714,25,0.000389865
714,26,2.57912e-05
714,27,5.93207e-07
715,21,5.88002e-07
715,22,5.97284e-05
715,23,0.000845162
715,24,0.00137903
715,25,0.000403285
715,26,2.74092e-05
715,27,6.28482e-07
716,21,5.71807e-07
716,22,5.73174e-05
716,23,0.000828776
716,24,0.00138721
716,25,0.00041701
716,26,2.91243e-05
716,27,6.77059e-07
717,21,6.61248e-07
717,22,5.4927e-05
717,23,0.000812053
717,24,0.0013944
717,25,0.000430746
717,26,3.09685e-05
717,27,7.59139e-07
718,21,6.98043e-07
718,22,5.25686e-05
718,23,0.000795237
718,24,0.00140031
718,25,0.000444653
718,26,3.28359e-05
718,27,8.35736e-07
719,21,6.88635e-07
719,22,5.03236e-05
719,23,0.000777986
719,24,0.00140521
719,25,0.000458624
719,26,3.4874e-05
719,27,9.1712e-07
720,21,5.79645e-07
720,22,4.81508e-05
720,23,0.000760665
720,24,0.00140887
720,25,0.00047257
720,26,3.69977e-05
720,27,1.02436e-06
721,21,5.31711e-07
721,22,4.60812e-05
721,23,0.000742993
721,24,0.00141157
721,25,0.000486547
721,26,3.92721e-05
721,27,1.13625e-06
722,21,4.29311e-07
722,22,4.40314e-05
722,23,0.000725287
722,24,0.001413
722,25,0.000500593
722,26,4.15941e-05
722,27,1.21305e-06
723,21,2.96877e-07
723,22,4.20342e-05
723,23,0.000707494
723,24,0.00141326
723,25,0.000514702
723,26,4.3977e-05
723,27,1.27657e-06
724,21,3.07879e-07
724,22,4.00899e-05
724,23,0.000689567
724,24,0.00141246
724,25,0.000528693
724,26,4.64349e-05
724,27,1.37567e-06
725,21,2.92116e-07
725,22,3.82288e-05
725,23,0.000671516
725,24,0.00141063
725,25,0.000542581
725,26,4.90766e-05
725,27,1.48142e-06
726,21,2.7143e-07
726,22,3.64295e-05
726,23,0.000653533
726,24,0.00140748
726,25,0.00055644
726,26,5.18353e-05
726,27,1.56416e-06
727,21,2.53928e-07
727,22,3.46735e-05
727,23,0.000635516
727,24,0.00140333
727,25,0.000570262
727,26,5.46466e-05
727,27,1.72428e-06
728,21,2e-07
728,22,3.2991e-05
728,23,0.000617545
728,24,0.00139797
728,25,0.000583842
728,26,5.76933e-05
728,27,1.84289e-06
729,21,1.7e-07
729,22,3.13481e-05
729,23,0.000599617
729,24,0.00139156
729,25,0.000597477
729,26,6.06411e-05
729,27,2.00899e-06
730,21,1.9e-07
730,22,2.97649e-05
730,23,0.000581829
730,24,0.00138407
730,25,0.000610758
730,26,6.37995e-05
730,27,2.1844e-06
731,21,1.4e-07
731,22,2.83016e-05
731,23,0.000564205
731,24,0.00137548
731,25,0.000623827
731,26,6.70442e-05
731,27,2.35815e-06
732,21,1.2e-07
732,22,2.68552e-05
732,23,0.000546649
732,24,0.00136586
732,25,0.000636734
732,26,7.04824e-05
732,27,2.60068e-06
733,21,7e-08
733,22,2.54551e-05
733,23,0.000529337
733,24,0.00135518
733,25,0.000649475
733,26,7.39272e-05
733,27,2.84309e-06
734,21,4e-08
734,22,2.41405e-05
734,23,0.000512068
734,24,0.00134378
734,25,0.00066182
734,26,7.75665e-05
734,27,3.08276e-06
735,21,2e-08
735,22,2.28489e-05
735,23,0.000495099
735,24,0.00133137
735,25,0.000673846
735,26,8.12919e-05
735,27,3.25121e-06
736,21,1e-08
736,22,2.16263e-05
736,23,0.000478324
736,24,0.00131794
736,25,0.000685691
736,26,8.51355e-05
736,27,3.45188e-06
737,21,2e-08
737,22,2.04162e-05
737,23,0.000461725
737,24,0.00130372
737,25,0.000697327
737,26,8.90956e-05
737,27,3.746e-06
738,21,3e-08
738,22,1.93099e-05
738,23,0.000445422
738,24,0.00128865
738,25,0.000708525
738,26,9.30955e-05
738,27,4.0535e-06
739,22,1.8252e-05
739,23,0.000429397
739,24,0.00127285
739,25,0.000719317
739,26,9.72782e-05
739,27,4.36564e-06
740,22,1.72215e-05
740,23,0.000413687
740,24,0.00125628
740,25,0.000729683
740,26,0.000101606
740,27,4.70241e-06
741,22,1.62573e-05
741,23,0.000398184
741,24,0.00123893
741,25,0.000739794
741,26,0.000106047
741,27,5.01218e-06
742,22,1.53673e-05
742,23,0.000383082
742,24,0.00122094
742,25,0.000749429
742,26,0.000110496
742,27,5.36656e-06
743,22,1.45002e-05
743,23,0.00036828
743,24,0.00120243
743,25,0.00075872
743,26,0.000114905
743,27,5.76965e-06
744,22,1.36846e-05
744,23,0.000353839
744,24,0.00118335
744,25,0.000767474
744,26,0.000119536
744,27,6.17534e-06
745,22,1.28792e-05
745,23,0.000339674
745,24,0.00116371
745,25,0.000775705
745,26,0.000124393
745,27,6.63083e-06
746,22,1.21425e-05
746,23,0.000325926
746,24,0.0011435
746,25,0.000783571
746,26,0.000129338
746,27,7.15751e-06
747,22,1.14432e-05
747,23,0.000312578
747,24,0.0011228
747,25,0.000791111
747,26,0.000134125
747,27,7.64804e-06
748,22,1.07533e-05
748,23,0.000299562
748,24,0.00110182
748,25,0.000797937
748,26,0.000139129
748,27,8.15333e-06
749,22,1.01511e-05
749,23,0.000286923
749,24,0.00108038
749,25,0.000804358
749,26,0.000144321
749,27,8.69373e-06
749,28,1e-08
750,22,9.53727e-06
750,23,0.000274602
750,24,0.00105872
750,25,0.000810266
750,26,0.000149634
750,27,9.3384e-06
750,28,2e-08
751,22,8.95581e-06
751,23,0.000262684
751,24,0.00103676
751,25,0.000815675
751,26,0.000154871
751,27,9.83824e-06
751,28,3e-08
752,22,8.40543e-06
752,23,0.000251137
752,24,0.00101457
752,25,0.00082054
752,26,0.000160279
752,27,1.05099e-05
752,28,1e-08
753,22,7.88483e-06
753,23,0.000239929
753,24,0.00099232
753,25,0.000824776
753,26,0.000165805
753,27,1.10869e-05
753,28,2e-08
754,22,7.39274e-06
754,23,0.000229081
754,24,0.000969831
754,25,0.000828609
754,26,0.000171346
754,27,1.1783e-05
754,28,3e-08
755,22,6.93236e-06
755,23,0.000218572
755,24,0.000947226
755,25,0.000831888
755,26,0.000176946
755,27,1.25492e-05
755,28,5e-08
756,22,6.52961e-06
756,23,0.000208488
756,24,0.000924542
756,25,0.000834691
756,26,0.000182562
756,27,1.33766e-05
756,28,7e-08
757,22,6.11306e-06
757,23,0.000198724
757,24,0.000901756
757,25,0.000837
757,26,0.000188278
757,27,1.40744e-05
757,28,4e-08
758,22,5.71206e-06
758,23,0.000189366
758,24,0.000879046
758,25,0.000838736
758,26,0.000194055
758,27,1.49186e-05
758,28,4e-08
759,22,5.39841e-06
759,23,0.000180258
759,24,0.000856515
759,25,0.000839949
759,26,0.000199695
759,27,1.58986e-05
759,28,4e-08
760,22,5.0773e-06
760,23,0.000171549
760,24,0.000833952
760,25,0.000840675
760,26,0.000205442
760,27,1.68841e-05
760,28,4e-08
761,22,4.74451e-06
761,23,0.000163229
761,24,0.00081135
761,25,0.000840906
761,26,0.000211353
761,27,1.79188e-05
761,28,5e-08
762,22,4.43154e-06
762,23,0.00015515
762,24,0.000789052
762,25,0.000840509
762,26,0.000217386
762,27,1.88883e-05
762,28,7e-08
763,22,4.13737e-06
763,23,0.000147449
763,24,0.000766903
763,25,0.000839649
763,26,0.000223408
763,27,2.00247e-05
763,28,6e-08
764,22,3.83264e-06
764,23,0.000140048
764,24,0.00074489
764,25,0.000838284
764,26,0.000229463
764,27,2.12614e-05
764,28,6e-08
765,22,3.57915e-06
765,23,0.000132938
765,24,0.00072318
765,25,0.000836421
765,26,0.00023551
765,27,2.25221e-05
765,28,5e-08
766,22,3.33562e-06
766,23,0.000126103
766,24,0.000701783
766,25,0.000833968
766,26,0.000241662
766,27,2.37104e-05
766,28,4e-08
767,22,3.09906e-06
767,23,0.000119598
767,24,0.000680598
767,25,0.000831077
767,26,0.000247755
767,27,2.50667e-05
767,28,5e-08
768,22,2.9381e-06
768,23,0.000113371
768,24,0.000659638
768,25,0.000827695
768,26,0.000253993
768,27,2.63794e-05
768,28,5e-08
769,22,2.77575e-06
769,23,0.000107425
769,24,0.000638933
769,25,0.000824036
769,26,0.000260078
769,27,2.77541e-05
769,28,9e-08
770,22,2.58566e-06
770,23,0.000101742
770,24,0.000618611
770,25,0.000819848
770,26,0.000266288
770,27,2.91836e-05
770,28,8e-08
771,22,2.38712e-06
771,23,9.62636e-05
771,24,0.000598695
771,25,0.000815245
771,26,0.000272392
771,27,3.06366e-05
771,28,1.4e-07
772,22,2.20194e-06
772,23,9.10545e-05
772,24,0.000579088
772,25,0.000810259
772,26,0.000278541
772,27,3.22649e-05
772,28,1.1e-07
773,22,2.06142e-06
773,23,8.61156e-05
773,24,0.000559783
773,25,0.000804922
773,26,0.000284603
773,27,3.39001e-05
773,28,1.4e-07
774,22,1.94093e-06
774,23,8.1417e-05
774,24,0.000540893
774,25,0.000799108
774,26,0.000290731
774,27,3.5496e-05
774,28,1.3778e-07
775,22,1.79972e-06
775,23,7.69204e-05
775,24,0.000522396
775,25,0.000793059
775,26,0.000296662
775,27,3.73024e-05
775,28,1.66061e-07
776,22,1.69723e-06
776,23,7.26388e-05
776,24,0.000504251
776,25,0.00078647
776,26,0.000302718
776,27,3.91437e-05
776,28,1.74871e-07
777,22,1.60613e-06
777,23,6.85744e-05
777,24,0.000486455
777,25,0.000779696
777,26,0.000308597
777,27,4.11307e-05
777,28,2.04241e-07
778,22,1.58382e-06
778,23,6.47189e-05
778,24,0.000469088
778,25,0.000772619
778,26,0.000314563
778,27,4.31079e-05
778,28,2.44203e-07
779,22,1.38827e-06
779,23,6.10742e-05
779,24,0.000452162
779,25,0.000765105
779,26,0.000320481
779,27,4.51565e-05
779,28,3.0479e-07
780,22,1.29193e-06
780,23,5.75815e-05
780,24,0.000435692
780,25,0.000757298
780,26,0.000326358
780,27,4.73246e-05
780,28,3.96722e-07
781,22,1.2022e-06
781,23,5.42552e-05
781,24,0.000419577
781,25,0.000749314
781,26,0.000332109
781,27,4.95688e-05
781,28,4.30072e-07
782,22,1.08097e-06
782,23,5.11389e-05
782,24,0.00040394
782,25,0.000740966
782,26,0.000337819
782,27,5.18078e-05
782,28,5.0492e-07
783,22,9.39085e-07
783,23,4.8153e-05
783,24,0.000388669
783,25,0.000732289
783,26,0.000343543
783,27,5.42027e-05
783,28,5.91349e-07
784,22,8.57528e-07
784,23,4.53425e-05
784,24,0.00037382
784,25,0.00072338
784,26,0.000349139
784,27,5.6665e-05
784,28,5.68785e-07
785,22,8.12385e-07
785,23,4.26794e-05
785,24,0.000359345
785,25,0.000714413
785,26,0.00035477
785,27,5.91083e-05
785,28,5.77884e-07
786,22,8.02068e-07
786,23,4.01675e-05
786,24,0.000345307
786,25,0.000705161
786,26,0.000360274
786,27,6.16004e-05
786,28,6.38737e-07
787,22,7.04605e-07
787,23,3.77896e-05
787,24,0.000331699
787,25,0.000695699
787,26,0.000365625
787,27,6.43238e-05
787,28,6.61437e-07
788,22,6.69807e-07
788,23,3.55298e-05
788,24,0.000318501
788,25,0.000686142
788,26,0.000370898
788,27,6.71005e-05
788,28,7.76086e-07
789,22,6.72224e-07
789,23,3.33748e-05
789,24,0.000305687
789,25,0.000676372
789,26,0.000376151
789,27,6.99019e-05
789,28,8.82787e-07
790,22,6.52105e-07
790,23,3.13706e-05
790,24,0.000293332
790,25,0.000666306
790,26,0.000381408
790,27,7.28116e-05
790,28,9.70029e-07
791,22,5.60902e-07
791,23,2.94776e-05
791,24,0.000281327
791,25,0.000656318
791,26,0.000386369
791,27,7.58676e-05
791,28,1.05004e-06
792,22,4.78015e-07
792,23,2.76732e-05
792,24,0.000269783
792,25,0.000646218
792,26,0.000391215
792,27,7.89072e-05
792,28,1.19296e-06
793,22,3.85284e-07
793,23,2.59753e-05
793,24,0.000258624
793,25,0.000635971
793,26,0.000395983
793,27,8.21558e-05
793,28,1.26894e-06
794,22,3.9268e-07
794,23,2.43752e-05
794,24,0.000247697
794,25,0.000625719
794,26,0.000400681
794,27,8.54973e-05
794,28,1.41814e-06
795,22,3.13287e-07
795,23,2.28535e-05
795,24,0.000237219
795,25,0.000615376
795,26,0.000405254
795,27,8.89027e-05
795,28,1.51826e-06
796,22,2.55324e-07
796,23,2.14283e-05
796,24,0.00022712
796,25,0.000604901
796,26,0.000409629
796,27,9.24535e-05
796,28,1.6886e-06
797,22,1.84331e-07
797,23,2.0021e-05
797,24,0.000217393
797,25,0.000594436
797,26,0.000413803
797,27,9.6169e-05
797,28,1.80279e-06
798,22,2.3e-07
798,23,1.88167e-05
798,24,0.000207931
798,25,0.000583733
798,26,0.000418112
798,27,9.98452e-05
798,28,1.9129e-06
799,22,2.30673e-07
799,23,1.76357e-05
799,24,0.000198781
799,25,0.000573048
799,26,0.000422214
799,27,0.0001036
799,28,2.02044e-06
800,22,1.92044e-07
800,23,1.6507e-05
800,24,0.000189983
800,25,0.000562421
800,26,0.000426155
800,27,0.000107545
800,28,2.20396e-06
801,22,1.6e-07
801,23,1.54538e-05
801,24,0.000181546
801,25,0.000551748
801,26,0.000429984
801,27,0.000111553
801,28,2.35437e-06
802,22,1.3e-07
802,23,1.44907e-05
802,24,0.000173379
802,25,0.000541112
802,26,0.000433587
802,27,0.000115644
802,28,2.5826e-06
803,22,1.1e-07
803,23,1.3574e-05
803,24,0.000165477
803,25,0.000530375
803,26,0.00043718
803,27,0.000119788
803,28,2.80925e-06
804,22,1.3e-07
804,23,1.2646e-05
804,24,0.000157925
804,25,0.000519694
804,26,0.000440663
804,27,0.000124078
804,28,3.07685e-06
805,22,1.4e-07
805,23,1.18227e-05
805,24,0.000150718
805,25,0.00050894
805,26,0.000443954
805,27,0.000128561
805,28,3.31484e-06
806,22,1.41275e-07
806,23,1.10224e-05
806,24,0.000143804
806,25,0.000498255
806,26,0.000447168
806,27,0.000133152
806,28,3.58595e-06
807,22,1.3e-07
807,23,1.02551e-05
807,24,0.000137142
807,25,0.000487694
807,26,0.000450246
807,27,0.000137668
807,28,3.88902e-06
808,22,9e-08
808,23,9.52227e-06
808,24,0.000130624
808,25,0.000477277
808,26,0.000453074
808,27,0.000142462
808,28,4.12638e-06
809,22,9e-08
809,23,8.92975e-06
809,24,0.000124435
809,25,0.000466876
809,26,0.000455781
809,27,0.000147306
809,28,4.4787e-06
810,22,8e-08
810,23,8.33588e-06
810,24,0.000118509
810,25,0.000456462
810,26,0.000458424
810,27,0.000152238
810,28,4.81536e-06
811,22,4e-08
811,23,7.73779e-06
811,24,0.000112912
811,25,0.000446083
811,26,0.000460834
811,27,0.00015731
811,28,5.24828e-06
812,22,3e-08
812,23,7.22389e-06
812,24,0.000107486
812,25,0.000435886
812,26,0.000463096
812,27,0.000162536
812,28,5.66051e-06
813,22,2e-08
813,23,6.72989e-06
813,24,0.000102325
813,25,0.000425838
813,26,0.000465241
813,27,0.000167874
813,28,6.00918e-06
814,22,2e-08
814,23,6.28586e-06
814,24,9.73691e-05
814,25,0.00041577
814,26,0.000467218
814,27,0.000173298
814,28,6.43645e-06
815,22,3e-08
815,23,5.82254e-06
815,24,9.26207e-05
815,25,0.000405841
815,26,0.000469005
815,27,0.000178835
815,28,6.9554e-06
816,22,2e-08
816,23,5.38982e-06
816,24,8.80461e-05
816,25,0.000396053
816,26,0.000470671
816,27,0.000184483
816,28,7.39869e-06
817,23,4.98178e-06
817,24,8.37386e-05
817,25,0.000386474
817,26,0.000472075
817,27,0.000190334
817,28,7.83906e-06
818,23,4.65341e-06
818,24,7.95922e-05
818,25,0.000376794
818,26,0.000473556
818,27,0.000196139
818,28,8.33163e-06
819,23,4.32627e-06
819,24,7.55874e-05
819,25,0.000367279
819,26,0.000474805
819,27,0.000202004
819,28,8.92955e-06
820,23,4.05907e-06
820,24,7.17228e-05
820,25,0.000357865
820,26,0.000475881
820,27,0.000207952
820,28,9.54667e-06
821,23,3.74058e-06
821,24,6.81272e-05
821,25,0.000348595
821,26,0.000476742
821,27,0.00021419
821,28,1.01326e-05
822,23,3.47967e-06
822,24,6.4693e-05
822,25,0.000339483
822,26,0.00047754
822,27,0.00022037
822,28,1.08075e-05
823,23,3.24524e-06
823,24,6.14442e-05
823,25,0.000330462
823,26,0.000478113
823,27,0.000226738
823,28,1.15732e-05
824,23,2.99627e-06
824,24,5.83144e-05
824,25,0.000321535
824,26,0.000478532
824,27,0.000233247
824,28,1.23135e-05
825,23,2.76699e-06
825,24,5.53511e-05
825,25,0.000312837
825,26,0.000478807
825,27,0.000239795
825,28,1.31573e-05
826,23,2.62271e-06
826,24,5.25056e-05
826,25,0.000304298
826,26,0.000478899
826,27,0.000246348
826,28,1.40797e-05
826,29,1e-08
827,23,2.44095e-06
827,24,4.97235e-05
827,25,0.000295938
827,26,0.000478787
827,27,0.000253135
827,28,1.49391e-05
827,29,1e-08
828,23,2.27136e-06
828,24,4.71396e-05
828,25,0.000287618
828,26,0.000478562
828,27,0.000259997
828,28,1.58874e-05
828,29,2e-08
829,23,2.12452e-06
829,24,4.46621e-05
829,25,0.000279543
829,26,0.000477984
829,27,0.000267112
829,28,1.67998e-05
829,29,4e-08
830,23,2.00657e-06
830,24,4.23424e-05
830,25,0.000271587
830,26,0.000477446
830,27,0.00027422
830,28,1.78075e-05
830,29,6e-08
831,23,1.86211e-06
831,24,4.01678e-05
831,25,0.000263744
831,26,0.000476687
831,27,0.000281418
831,28,1.88697e-05
831,29,1e-07
832,23,1.74285e-06
832,24,3.81009e-05
832,25,0.000256007
832,26,0.000475798
832,27,0.000288825
832,28,1.99592e-05
832,29,1.7e-07
833,23,1.63754e-06
833,24,3.6112e-05
833,25,0.000248452
833,26,0.000474771
833,27,0.000296281
833,28,2.10548e-05
833,29,1.80498e-07
834,23,1.53289e-06
834,24,3.42119e-05
834,25,0.000241032
834,26,0.000473596
834,27,0.000303812
834,28,2.21291e-05
834,29,2.01743e-07
835,23,1.37929e-06
835,24,3.23629e-05
835,25,0.000233839
835,26,0.000472265
835,27,0.000311398
835,28,2.33546e-05
835,29,2.63783e-07
836,23,1.30015e-06
836,24,3.05762e-05
836,25,0.000226742
836,26,0.00047077
836,27,0.000319004
836,28,2.47216e-05
836,29,3.16674e-07
837,23,1.14444e-06
837,24,2.88497e-05
837,25,0.000219796
837,26,0.000469052
837,27,0.000326827
837,28,2.61191e-05
837,29,3.6047e-07
838,23,1.04843e-06
838,24,2.72722e-05
838,25,0.000213086
838,26,0.000467273
838,27,0.000334605
838,28,2.75662e-05
838,29,4.04067e-07
839,23,1.00886e-06
839,24,2.5749e-05
839,25,0.00020647
839,26,0.000465415
839,27,0.000342483
839,28,2.91146e-05
839,29,4.40042e-07
840,23,8.86709e-07
840,24,2.43648e-05
840,25,0.000200007
840,26,0.000463359
840,27,0.000350469
840,28,3.06567e-05
840,29,4.4855e-07
841,23,8.02474e-07
841,24,2.30009e-05
841,25,0.000193647
841,26,0.000461316
841,27,0.000358391
841,28,3.23255e-05
841,29,4.99028e-07
842,23,7.44357e-07
842,24,2.17322e-05
842,25,0.000187479
842,26,0.00045898
842,27,0.000366431
842,28,3.39851e-05
842,29,5.41603e-07
843,23,7.40877e-07
843,24,2.06681e-05
843,25,0.000181412
843,26,0.000456511
843,27,0.000374678
843,28,3.57575e-05
843,29,5.6641e-07
844,23,7.45993e-07
844,24,1.95181e-05
844,25,0.00017559
844,26,0.000453893
844,27,0.000382869
844,28,3.76238e-05
844,29,6.04311e-07
845,23,7.97304e-07
845,24,1.8378e-05
845,25,0.000169844
845,26,0.000451189
845,27,0.00039109
845,28,3.96583e-05
845,29,6.55504e-07
846,23,7.67849e-07
846,24,1.73598e-05
846,25,0.000164198
846,26,0.000448309
846,27,0.000399475
846,28,4.17301e-05
846,29,7.29483e-07
847,23,7.41418e-07
847,24,1.63943e-05
847,25,0.000158792
847,26,0.000445347
847,27,0.000407852
847,28,4.39037e-05
847,29,7.66422e-07
848,23,6.84851e-07
848,24,1.54606e-05
848,25,0.000153456
848,26,0.000442245
848,27,0.000416326
848,28,4.61601e-05
848,29,8.36507e-07
849,23,6.16475e-07
849,24,1.45509e-05
849,25,0.000148255
849,26,0.000439026
849,27,0.00042477
849,28,4.85207e-05
849,29,9.4064e-07
850,23,6.52159e-07
850,24,1.36861e-05
850,25,0.000143216
850,26,0.000435573
850,27,0.000433361
850,28,5.09943e-05
850,29,1.02837e-06
851,23,6.08324e-07
851,24,1.29257e-05
851,25,0.000138268
851,26,0.000432169
851,27,0.000441835
851,28,5.35698e-05
851,29,1.11991e-06
852,23,5.66828e-07
852,24,1.21242e-05
852,25,0.000133431
852,26,0.000428646
852,27,0.000450275
852,28,5.62656e-05
852,29,1.2355e-06
853,23,5.06889e-07
853,24,1.14462e-05
853,25,0.000128778
853,26,0.000425076
853,27,0.000458844
853,28,5.89505e-05
853,29,1.36609e-06
854,23,6.21754e-07
854,24,1.06608e-05
854,25,0.000124189
854,26,0.000421363
854,27,0.000467368
854,28,6.17569e-05
854,29,1.57196e-06
855,23,5.09898e-07
855,24,1.00458e-05
855,25,0.000119727
855,26,0.0004176
855,27,0.000475881
855,28,6.46185e-05
855,29,1.67999e-06
856,23,4.50372e-07
856,24,9.50247e-06
856,25,0.000115457
856,26,0.000413689
856,27,0.000484357
856,28,6.76974e-05
856,29,1.82504e-06
857,23,4.0301e-07
857,24,9.01338e-06
857,25,0.000111257
857,26,0.000409593
857,27,0.000492998
857,28,7.08039e-05
857,29,1.97751e-06
858,23,3.81549e-07
858,24,8.47603e-06
858,25,0.000107215
858,26,0.000405497
858,27,0.000501491
858,28,7.40654e-05
858,29,2.17853e-06
859,23,3.71071e-07
859,24,7.93401e-06
859,25,0.000103424
859,26,0.000401233
859,27,0.000509967
859,28,7.75154e-05
859,29,2.48861e-06
860,23,4.17758e-07
860,24,7.41932e-06
860,25,9.95203e-05
860,26,0.000396965
860,27,0.00051834
860,28,8.10507e-05
860,29,2.74568e-06
861,23,4.06451e-07
861,24,7.10557e-06
861,25,9.58592e-05
861,26,0.000392635
861,27,0.000526693
861,28,8.4743e-05
861,29,2.93276e-06
862,23,3.96728e-07
862,24,6.7917e-06
862,25,9.22483e-05
862,26,0.000388167
862,27,0.000535188
862,28,8.8506e-05
862,29,3.05097e-06
863,23,3.38476e-07
863,24,6.39261e-06
863,25,8.87144e-05
863,26,0.000383605
863,27,0.000543572
863,28,9.24791e-05
863,29,3.2916e-06
864,23,2.87238e-07
864,24,6.03683e-06
864,25,8.53279e-05
864,26,0.000379052
864,27,0.000551854
864,28,9.6518e-05
864,29,3.52536e-06
865,23,2.3e-07
865,24,5.66259e-06
865,25,8.20467e-05
865,26,0.000374421
865,27,0.00056002
865,28,0.000100774
865,29,3.82232e-06
866,23,2e-07
866,24,5.30419e-06
866,25,7.88469e-05
866,26,0.000369695
866,27,0.000568049
866,28,0.000105232
866,29,4.14389e-06
867,23,1.1e-07
867,24,4.97535e-06
867,25,7.57171e-05
867,26,0.000364909
867,27,0.000576034
867,28,0.000109859
867,29,4.4202e-06
868,23,1.2e-07
868,24,4.61316e-06
868,25,7.27909e-05
868,26,0.000360015
868,27,0.000584098
868,28,0.000114529
868,29,4.70208e-06
869,23,1.3e-07
869,24,4.3265e-06
869,25,6.99311e-05
869,26,0.000355138
869,27,0.000592065
869,28,0.000119383
869,29,5.06037e-06
870,23,1.3e-07
870,24,4.01185e-06
870,25,6.72142e-05
870,26,0.00035023
870,27,0.00059983
870,28,0.000124369
870,29,5.48273e-06
870,30,1e-08
871,23,1.1e-07
871,24,3.79739e-06
871,25,6.44279e-05
871,26,0.000345315
871,27,0.00060741
871,28,0.000129417
871,29,5.89074e-06
871,30,1e-08
872,23,1.5e-07
872,24,3.51248e-06
872,25,6.17244e-05
872,26,0.000340306
872,27,0.000614989
872,28,0.000134712
872,29,6.39639e-06
872,30,2e-08
873,23,1.8e-07
873,24,3.31089e-06
873,25,5.9201e-05
873,26,0.000335216
873,27,0.000622441
873,28,0.000140126
873,29,6.98435e-06
873,30,3e-08
874,23,1.69694e-07
874,24,3.15502e-06
874,25,5.68834e-05
874,26,0.00033009
874,27,0.000629737
874,28,0.000145672
874,29,7.46629e-06
874,30,5e-08
875,23,1.80181e-07
875,24,2.95902e-06
875,25,5.4591e-05
875,26,0.000324952
875,27,0.000636938
875,28,0.000151424
875,29,8.08708e-06
875,30,7e-08
876,23,1.71402e-07
876,24,2.76206e-06
876,25,5.229e-05
876,26,0.000319744
876,27,0.000643918
876,28,0.000157493
876,29,8.63633e-06
876,30,8e-08
877,23,1.9e-07
877,24,2.4538e-06
877,25,5.00829e-05
877,26,0.000314552
877,27,0.000650827
877,28,0.000163504
877,29,9.19729e-06
877,30,1e-07
878,23,1.78789e-07
878,24,2.31478e-06
878,25,4.81213e-05
878,26,0.000309376
878,27,0.000657529
878,28,0.000169627
878,29,9.8597e-06
878,30,1.4e-07
879,23,1.8845e-07
879,24,2.18475e-06
879,25,4.60519e-05
879,26,0.000304161
879,27,0.000664026
879,28,0.000176101
879,29,1.05282e-05
879,30,1.50194e-07
880,23,2.18917e-07
880,24,2.0732e-06
880,25,4.4014e-05
880,26,0.000298871
880,27,0.000670389
880,28,0.000182841
880,29,1.12446e-05
880,30,2.01215e-07
881,23,2.01255e-07
881,24,1.89964e-06
881,25,4.21493e-05
881,26,0.000293658
881,27,0.00067649
881,28,0.000189614
881,29,1.20489e-05
881,30,2.23125e-07
882,23,2.5e-07
882,24,1.78553e-06
882,25,4.03387e-05
882,26,0.000288388
882,27,0.000682443
882,28,0.000196756
882,29,1.28327e-05
882,30,2.95994e-07
883,23,2.37026e-07
883,24,1.733e-06
883,25,3.8544e-05
883,26,0.000283141
883,27,0.000688149
883,28,0.000203932
883,29,1.36386e-05
883,30,3.20777e-07
884,23,2.05074e-07
884,24,1.57894e-06
884,25,3.68459e-05
884,26,0.000277822
884,27,0.000693681
884,28,0.00021136
884,29,1.456e-05
884,30,3.47536e-07
885,23,1.84067e-07
885,24,1.51762e-06
885,25,3.52066e-05
885,26,0.000272586
885,27,0.000699042
885,28,0.00021896
885,29,1.548e-05
885,30,3.76418e-07
886,23,1.83931e-07
886,24,1.43982e-06
886,25,3.36651e-05
886,26,0.000267383
886,27,0.000704065
886,28,0.000226637
886,29,1.65375e-05
886,30,4.17582e-07
887,23,1.44599e-07
887,24,1.28276e-06
887,25,3.20963e-05
887,26,0.000262226
887,27,0.000708862
887,28,0.000234606
887,29,1.75863e-05
887,30,4.62022e-07
888,23,1.7e-07
888,24,1.20631e-06
888,25,3.06956e-05
888,26,0.000256976
888,27,0.000713526
888,28,0.000242687
888,29,1.86917e-05
888,30,4.9998e-07
889,23,1.39299e-07
889,24,1.17237e-06
889,25,2.93006e-05
889,26,0.0002518
889,27,0.000717872
889,28,0.000250902
889,29,1.99338e-05
889,30,5.40895e-07
890,23,1.19454e-07
890,24,1.16074e-06
890,25,2.79415e-05
890,26,0.00024657
890,27,0.000722073
890,28,0.000259316
890,29,2.1165e-05
890,30,6.04984e-07
891,23,1.00399e-07
891,24,9.54906e-07
891,25,2.65753e-05
891,26,0.000241389
891,27,0.000725903
891,28,0.000267959
891,29,2.25409e-05
891,30,6.53288e-07
892,23,6e-08
892,24,8.66103e-07
892,25,2.53941e-05
892,26,0.00023623
892,27,0.000729465
892,28,0.000276852
892,29,2.39282e-05
892,30,7.15303e-07
893,23,7e-08
893,24,8.33055e-07
893,25,2.42582e-05
893,26,0.000231118
893,27,0.000732873
893,28,0.000285772
893,29,2.53772e-05
893,30,7.91294e-07
894,23,9e-08
894,24,7.56897e-07
894,25,2.31237e-05
894,26,0.000226063
894,27,0.000736004
894,28,0.000294887
894,29,2.70202e-05
894,30,8.32346e-07
895,23,8e-08
895,24,6.93065e-07
895,25,2.20163e-05
895,26,0.000220986
895,27,0.00073886
895,28,0.000304182
895,29,2.87032e-05
895,30,9.08019e-07
896,23,5e-08
896,24,6.51418e-07
896,25,2.09434e-05
896,26,0.000216033
896,27,0.000741338
896,28,0.000313758
896,29,3.04194e-05
896,30,9.98637e-07
897,23,6e-08
897,24,5.87489e-07
897,25,1.98983e-05
897,26,0.000211034
897,27,0.000743561
897,28,0.000323455
897,29,3.22077e-05
897,30,1.09455e-06
898,23,7e-08
898,24,5.33202e-07
898,25,1.89477e-05
898,26,0.000206031
898,27,0.000745547
898,28,0.000333422
898,29,3.40541e-05
898,30,1.16611e-06
899,23,1.2e-07
899,24,4.79848e-07
899,25,1.79966e-05
899,26,0.000201109
899,27,0.00074717
899,28,0.000343472
899,29,3.60199e-05
899,30,1.25372e-06
900,23,1.09846e-07
900,24,4.67372e-07
900,25,1.71048e-05
900,26,0.000196209
900,27,0.000748558
900,28,0.000353642
900,29,3.80416e-05
900,30,1.35858e-06
901,23,1.00528e-07
901,24,4.48057e-07
901,25,1.61933e-05
901,26,0.000191295
901,27,0.000749637
901,28,0.000363936
901,29,4.02214e-05
901,30,1.46039e-06
902,23,5e-08
902,24,3.84833e-07
902,25,1.53311e-05
902,26,0.000186491
902,27,0.000750373
902,28,0.000374266
902,29,4.26344e-05
902,30,1.5804e-06
903,23,6e-08
903,24,3.56955e-07
903,25,1.45628e-05
903,26,0.000181796
903,27,0.000750784
903,28,0.000384866
903,29,4.50207e-05
903,30,1.71839e-06
904,23,4e-08
904,24,2.55189e-07
904,25,1.38873e-05
904,26,0.000177161
904,27,0.000750888
904,28,0.000395672
904,29,4.75354e-05
904,30,1.88489e-06
905,23,4e-08
905,24,2.5634e-07
905,25,1.31732e-05
905,26,0.000172548
905,27,0.000750733
905,28,0.000406471
905,29,5.01443e-05
905,30,2.01046e-06
906,23,7e-08
906,24,2.18086e-07
906,25,1.24837e-05
906,26,0.00016798
906,27,0.000750197
906,28,0.000417414
906,29,5.29899e-05
906,30,2.18646e-06
907,23,6e-08
907,24,2.00389e-07
907,25,1.18554e-05
907,26,0.000163481
907,27,0.00074939
907,28,0.000428554
907,29,5.58222e-05
907,30,2.3728e-06
908,23,8e-08
908,24,1.7e-07
908,25,1.1197e-05
908,26,0.000159031
908,27,0.00074828
908,28,0.000439755
908,29,5.88397e-05
908,30,2.60016e-06
909,23,3e-08
909,24,1.8e-07
909,25,1.06451e-05
909,26,0.000154621
909,27,0.000746847
909,28,0.000450981
909,29,6.20379e-05
909,30,2.81924e-06
910,23,2e-08
910,24,1.6e-07
910,25,1.00784e-05
910,26,0.000150318
910,27,0.000745091
910,28,0.000462319
910,29,6.53735e-05
910,30,3.09227e-06
911,23,2e-08
911,24,1.5e-07
911,25,9.55617e-06
911,26,0.000146078
911,27,0.000743102
911,28,0.000473631
911,29,6.88715e-05
911,30,3.41903e-06
912,23,2e-08
912,24,1.5e-07
912,25,9.07738e-06
912,26,0.000141949
912,27,0.000740503
912,28,0.000485217
912,29,7.25163e-05
912,30,3.60144e-06
913,23,6e-08
913,24,1.3e-07
913,25,8.61114e-06
913,26,0.000137744
913,27,0.000737883
913,28,0.000496652
913,29,7.63355e-05
913,30,3.80971e-06
914,23,5e-08
914,24,1.2e-07
914,25,8.15657e-06
914,26,0.000133777
914,27,0.000734826
914,28,0.00050816
914,29,8.03625e-05
914,30,4.06483e-06
915,23,5e-08
915,24,1.2e-07
915,25,7.68282e-06
915,26,0.000129725
915,27,0.000731492
915,28,0.000519864
915,29,8.44506e-05
915,30,4.41855e-06
916,23,7e-08
916,24,1.4e-07
916,25,7.29257e-06
916,26,0.000125791
916,27,0.000727805
916,28,0.000531583
916,29,8.87803e-05
916,30,4.71198e-06
917,23,5e-08
917,24,1.40393e-07
917,25,6.91316e-06
917,26,0.000121975
917,27,0.000723898
917,28,0.00054314
917,29,9.3438e-05
917,30,5.0663e-06
918,23,7e-08
918,24,1.41464e-07
918,25,6.57192e-06
918,26,0.000118218
918,27,0.000719684
918,28,0.000554868
918,29,9.79169e-05
918,30,5.45992e-06
918,31,1e-08
919,23,7e-08
919,24,1.23166e-07
919,25,6.23157e-06
919,26,0.000114469
919,27,0.000715207
919,28,0.000566478
919,29,0.00010283
919,30,5.88743e-06
919,31,3e-08
920,23,8e-08
920,24,6e-08
920,25,5.86823e-06
920,26,0.000110822
920,27,0.00071037
920,28,0.000578237
920,29,0.000107676
920,30,6.3673e-06
920,31,1e-08
921,23,6e-08
921,24,2e-08
921,25,5.5412e-06
921,26,0.000107207
921,27,0.00070527
921,28,0.000589844
921,29,0.000112854
921,30,6.87718e-06
921,31,3e-08
922,23,5e-08
922,24,3e-08
922,25,5.31401e-06
922,26,0.000103724
922,27,0.000699891
922,28,0.000601396
922,29,0.000118256
922,30,7.45808e-06
922,31,2e-08
923,23,4e-08
923,24,5e-08
923,25,5.03455e-06
923,26,0.000100411
923,27,0.000694168
923,28,0.000612897
923,29,0.000123851
923,30,8.04663e-06
923,31,5e-08
924,23,2e-08
924,24,9e-08
924,25,4.75674e-06
924,26,9.70846e-05
924,27,0.000688258
924,28,0.000624367
924,29,0.000129415
924,30,8.68493e-06
924,31,9e-08
925,23,2e-08
925,24,1.1e-07
925,25,4.44291e-06
925,26,9.384e-05
925,27,0.000681986
925,28,0.000635812
925,29,0.000135434
925,30,9.33312e-06
925,31,1.4e-07
926,23,3e-08
926,24,1.01599e-07
926,25,4.19245e-06
926,26,9.06793e-05
926,27,0.000675581
926,28,0.000647051
926,29,0.000141818
926,30,9.98066e-06
926,31,1.62745e-07
927,24,1.1e-07
927,25,3.93966e-06
927,26,8.75666e-05
927,27,0.000668966
927,28,0.000658216
927,29,0.000148161
927,30,1.0739e-05
927,31,1.86591e-07
928,24,1.01537e-07
928,25,3.68965e-06
928,26,8.45051e-05
928,27,0.000662071
928,28,0.000669223
928,29,0.000154791
928,30,1.16116e-05
928,31,1.91626e-07
929,24,1.1e-07
929,25,3.50934e-06
929,26,8.15246e-05
929,27,0.000654931
929,28,0.000680268
929,29,0.000161528
929,30,1.24723e-05
929,31,2.17948e-07
930,24,1.01476e-07
930,25,3.27515e-06
930,26,7.85851e-05
930,27,0.000647515
930,28,0.000691019
930,29,0.000168624
930,30,1.34128e-05
930,31,2.35659e-07
931,24,1e-07
931,25,3.02116e-06
931,26,7.57861e-05
931,27,0.000639912
931,28,0.000701599
931,29,0.000175793
931,30,1.4311e-05
931,31,2.44868e-07
932,24,7e-08
932,25,2.87694e-06
932,26,7.30367e-05
932,27,0.00063209
932,28,0.000712146
932,29,0.000183177
932,30,1.52532e-05
932,31,3.05695e-07
933,24,4e-08
933,25,2.73016e-06
933,26,7.03183e-05
933,27,0.000624077
933,28,0.000722364
933,29,0.000190899
933,30,1.63135e-05
933,31,3.59148e-07
934,24,3e-08
934,25,2.58622e-06
934,26,6.77022e-05
934,27,0.000615923
934,28,0.000732258
934,29,0.000198884
934,30,1.74342e-05
934,31,3.84554e-07
935,24,3e-08
935,25,2.43262e-06
935,26,6.51269e-05
935,27,0.000607535
935,28,0.000742093
935,29,0.000207162
935,30,1.86675e-05
935,31,4.52065e-07
936,24,3e-08
936,25,2.30021e-06
936,26,6.26525e-05
936,27,0.000598974
936,28,0.000751686
936,29,0.00021551
936,30,2.00315e-05
936,31,5.42712e-07
937,24,4e-08
937,25,2.17286e-06
937,26,6.01779e-05
937,27,0.000590239
937,28,0.000761032
937,29,0.000224066
937,30,2.14316e-05
937,31,5.77999e-07
938,24,2e-08
938,25,2.0325e-06
938,26,5.78771e-05
938,27,0.000581359
938,28,0.000770098
938,29,0.000233016
938,30,2.28387e-05
938,31,6.26974e-07
939,24,3e-08
939,25,1.80133e-06
939,26,5.55972e-05
939,27,0.000572465
939,28,0.000778698
939,29,0.000242146
939,30,2.43709e-05
939,31,6.99915e-07
940,24,2e-08
940,25,1.6506e-06
940,26,5.33925e-05
940,27,0.000563353
940,28,0.000787167
940,29,0.000251338
940,30,2.59482e-05
940,31,8.08825e-07
941,24,3e-08
941,25,1.54671e-06
941,26,5.12121e-05
941,27,0.000554116
941,28,0.000795284
941,29,0.000260832
941,30,2.77814e-05
941,31,8.83298e-07
942,24,4e-08
942,25,1.42812e-06
942,26,4.91149e-05
942,27,0.000544684
942,28,0.000803094
942,29,0.000270678
942,30,2.95923e-05
942,31,9.92901e-07
943,24,4e-08
943,25,1.35557e-06
943,26,4.71216e-05
943,27,0.000535256
943,28,0.000810534
943,29,0.000280558
943,30,3.14895e-05
943,31,1.09642e-06
944,24,2e-08
944,25,1.34425e-06
944,26,4.51217e-05
944,27,0.000525703
944,28,0.000817664
944,29,0.000290654
944,30,3.36179e-05
944,31,1.19733e-06
945,25,1.32699e-06
945,26,4.32731e-05
945,27,0.000516055
945,28,0.000824248
945,29,0.000301135
945,30,3.58842e-05
945,31,1.31618e-06
946,25,1.24339e-06
946,26,4.14938e-05
946,27,0.000506462
946,28,0.000830446
946,29,0.000311903
946,30,3.80114e-05
946,31,1.46353e-06
947,25,1.20965e-06
947,26,3.97478e-05
947,27,0.000496721
947,28,0.000836414
947,29,0.000322614
947,30,4.04181e-05
947,31,1.64998e-06
948,25,1.13202e-06
948,26,3.80212e-05
948,27,0.000486993
948,28,0.000841894
948,29,0.000333666
948,30,4.28971e-05
948,31,1.85699e-06
949,25,1.03392e-06
949,26,3.6321e-05
949,27,0.000477169
949,28,0.000847074
949,29,0.000344838
949,30,4.55088e-05
949,31,2.03508e-06
950,25,9.93736e-07
950,26,3.47374e-05
950,27,0.000467247
950,28,0.000851815
950,29,0.000356311
950,30,4.8271e-05
950,31,2.25436e-06
951,25,9.55424e-07
951,26,3.32081e-05
951,27,0.000457341
951,28,0.000856169
951,29,0.000367844
951,30,5.11847e-05
951,31,2.45609e-06
952,25,9.21294e-07
952,26,3.1672e-05
952,27,0.000447498
952,28,0.000859965
952,29,0.000379573
952,30,5.43102e-05
952,31,2.67298e-06
953,25,8.89029e-07
953,26,3.02429e-05
953,27,0.000437616
953,28,0.000863436
953,29,0.000391368
953,30,5.75577e-05
953,31,2.91524e-06
954,25,8.57394e-07
954,26,2.88545e-05
954,27,0.000427736
954,28,0.000866346
954,29,0.000403484
954,30,6.09356e-05
954,31,3.1655e-06
955,25,8.18927e-07
955,26,2.75157e-05
955,27,0.000417736
955,28,0.000868937
955,29,0.000415677
955,30,6.45091e-05
955,31,3.45337e-06
956,25,7.71782e-07
956,26,2.62854e-05
956,27,0.00040795
956,28,0.000870873
956,29,0.000428098
956,30,6.81971e-05
956,31,3.73156e-06
956,32,1e-08
957,25,7.10877e-07
957,26,2.51219e-05
957,27,0.000398201
957,28,0.000872499
957,29,0.000440426
957,30,7.21585e-05
957,31,4.04984e-06
957,32,1e-08
958,25,6.5471e-07
958,26,2.39476e-05
958,27,0.000388409
958,28,0.000873691
958,29,0.000452977
958,30,7.62772e-05
958,31,4.42104e-06
958,32,2e-08
959,25,6.19795e-07
959,26,2.28006e-05
959,27,0.00037866
959,28,0.000874386
959,29,0.000465621
959,30,8.04975e-05
959,31,4.83663e-06
959,32,3e-08
960,25,5.32711e-07
960,26,2.17504e-05
960,27,0.000368995
960,28,0.00087457
960,29,0.000478486
960,30,8.48602e-05
960,31,5.27655e-06
960,32,2e-08
961,25,5.23897e-07
961,26,2.07407e-05
961,27,0.000359382
961,28,0.000874242
961,29,0.000491573
961,30,8.93904e-05
961,31,5.70764e-06
961,32,5e-08
962,25,4.23067e-07
962,26,1.97363e-05
962,27,0.000349898
962,28,0.00087332
962,29,0.00050464
962,30,9.42131e-05
962,31,6.18879e-06
962,32,2e-08
963,25,3.87575e-07
963,26,1.87722e-05
963,27,0.000340419
963,28,0.000872073
963,29,0.000517676
963,30,9.92538e-05
963,31,6.71259e-06
963,32,2e-08
964,25,3.8e-07
964,26,1.78472e-05
964,27,0.000331084
964,28,0.000870334
964,29,0.000530676
964,30,0.000104498
964,31,7.22251e-06
964,32,3e-08
965,25,4.5088e-07
965,26,1.69326e-05
965,27,0.000321898
965,28,0.000868022
965,29,0.00054367
965,30,0.000110047
965,31,7.787e-06
965,32,3e-08
966,25,4.21076e-07
966,26,1.61116e-05
966,27,0.000312698
966,28,0.000865359
966,29,0.000556765
966,30,0.000115647
966,31,8.41883e-06
966,32,3e-08
967,25,4.32576e-07
967,26,1.52472e-05
967,27,0.000303552
967,28,0.00086232
967,29,0.000569908
967,30,0.000121356
967,31,9.10384e-06
967,32,6e-08
968,25,3.68341e-07
968,26,1.44772e-05
968,27,0.000294589
968,28,0.000858666
968,29,0.000583042
968,30,0.000127485
968,31,9.80379e-06
968,32,4e-08
969,25,3.59156e-07
969,26,1.3734e-05
969,27,0.000285722
969,28,0.000854543
969,29,0.000596042
969,30,0.000133945
969,31,1.05184e-05
969,32,6e-08
970,25,3.70587e-07
970,26,1.29898e-05
970,27,0.000277117
970,28,0.000850007
970,29,0.000609029
970,30,0.000140632
970,31,1.13301e-05
970,32,1.2e-07
971,25,3.32595e-07
971,26,1.23206e-05
971,27,0.0002685
971,28,0.000844942
971,29,0.000622148
971,30,0.000147338
971,31,1.22229e-05
971,32,1.7e-07
972,25,3.6e-07
972,26,1.16592e-05
972,27,0.000260023
972,28,0.000839507
972,29,0.000635004
972,30,0.000154452
972,31,1.31119e-05
972,32,1.73057e-07
973,25,3.21243e-07
973,26,1.10689e-05
973,27,0.000251679
973,28,0.000833609
973,29,0.000647748
973,30,0.000161812
973,31,1.41593e-05
973,32,1.7726e-07
974,25,3.03086e-07
974,26,1.046e-05
974,27,0.000243453
974,28,0.000827417
974,29,0.000660358
974,30,0.000169492
974,31,1.51789e-05
974,32,1.92704e-07
975,25,2.7e-07
975,26,9.90176e-06
975,27,0.000235408
975,28,0.000820638
975,29,0.000672999
975,30,0.00017733
975,31,1.62727e-05
975,32,2.10406e-07
976,25,2.2e-07
976,26,9.36974e-06
976,27,0.000227458
976,28,0.000813643
976,29,0.000685234
976,30,0.00018553
976,31,1.74954e-05
976,32,2.29635e-07
977,25,1.7e-07
977,26,8.86884e-06
977,27,0.000219777
977,28,0.000806073
977,29,0.00069746
977,30,0.00019395
977,31,1.87018e-05
977,32,2.70513e-07
978,25,1.8e-07
978,26,8.37549e-06
978,27,0.000212193
978,28,0.000798157
978,29,0.000709524
978,30,0.000202608
978,31,2.0053e-05
978,32,3.04075e-07
979,25,1.3e-07
979,26,7.84375e-06
979,27,0.000204833
979,28,0.000789959
979,29,0.000721216
979,30,0.000211578
979,31,2.14626e-05
979,32,3.49632e-07
980,25,1.1e-07
980,26,7.44188e-06
980,27,0.000197584
980,28,0.00078132
980,29,0.000732685
980,30,0.000220914
980,31,2.30046e-05
980,32,3.89129e-07
981,25,9e-08
981,26,7.19602e-06
981,27,0.000190481
981,28,0.000772363
981,29,0.000743944
981,30,0.000230363
981,31,2.46128e-05
981,32,4.11093e-07
982,25,1e-07
982,26,6.7401e-06
982,27,0.000183566
982,28,0.000763041
982,29,0.000754863
982,30,0.000240161
982,31,2.6282e-05
982,32,4.65712e-07
983,25,8e-08
983,26,6.31702e-06
983,27,0.000176828
983,28,0.000753328
983,29,0.000765706
983,30,0.000250085
983,31,2.80871e-05
983,32,4.93189e-07
984,25,9e-08
984,26,5.93143e-06
984,27,0.00017021
984,28,0.0007434
984,29,0.000776185
984,30,0.000260249
984,31,3.00796e-05
984,32,5.13739e-07
985,25,8e-08
985,26,5.64935e-06
985,27,0.000163742
985,28,0.000733259
985,29,0.000786212
985,30,0.000270775
985,31,3.21675e-05
985,32,5.57591e-07
986,25,7e-08
986,26,5.29013e-06
986,27,0.000157506
986,28,0.00072276
986,29,0.000796028
986,30,0.000281351
986,31,3.43303e-05
986,32,6.14992e-07
987,25,5e-08
987,26,5.08151e-06
987,27,0.000151331
987,28,0.000712019
987,29,0.000805417
987,30,0.000292278
987,31,3.66434e-05
987,32,6.86202e-07
988,25,2e-08
988,26,4.87692e-06
988,27,0.000145356
988,28,0.000701142
988,29,0.000814382
988,30,0.000303546
988,31,3.89828e-05
988,32,7.71498e-07
989,25,2e-08
989,26,4.55973e-06
989,27,0.000139493
989,28,0.000689941
989,29,0.000823155
989,30,0.000314964
989,31,4.15492e-05
989,32,8.52028e-07
990,25,1e-08
990,26,4.29102e-06
990,27,0.000133961
990,28,0.000678466
990,29,0.000831322
990,30,0.000326713
990,31,4.4261e-05
990,32,9.1732e-07
991,25,1e-08
991,26,4.12633e-06
991,27,0.00012842
991,28,0.000666842
991,29,0.000839096
991,30,0.000338732
991,31,4.71241e-05
991,32,1.02939e-06
992,25,1e-08
992,26,3.88534e-06
992,27,0.00012314
992,28,0.000655025
992,29,0.000846454
992,30,0.000350975
992,31,5.00929e-05
992,32,1.14706e-06
993,26,3.6012e-06
993,27,0.00011797
993,28,0.000643103
993,29,0.00085334
993,30,0.000363476
993,31,5.32134e-05
993,32,1.2007e-06
994,26,3.43898e-06
994,27,0.000113031
994,28,0.000630919
994,29,0.00085983
994,30,0.000376018
994,31,5.65402e-05
994,32,1.35074e-06
995,26,3.19838e-06
995,27,0.000108155
995,28,0.000618682
995,29,0.000865924
995,30,0.000388739
995,31,6.00218e-05
995,32,1.5076e-06
996,26,3.0001e-06
996,27,0.000103451
996,28,0.000606359
996,29,0.000871369
996,30,0.00040175
996,31,6.36428e-05
996,32,1.63236e-06
997,26,2.90224e-06
997,27,9.89205e-05
997,28,0.000593863
997,29,0.000876384
997,30,0.000414984
997,31,6.74486e-05
997,32,1.82568e-06
998,26,2.71574e-06
998,27,9.45804e-05
998,28,0.000581322
998,29,0.000880868
998,30,0.00042849
998,31,7.13906e-05
998,32,1.95815e-06
999,26,2.4644e-06
999,27,9.03595e-05
999,28,0.000568712
999,29,0.000884731
999,30,0.00044213
999,31,7.56081e-05
999,32,2.09195e-06
1000,26,2.3244e-06
1000,27,8.62821e-05
1000,28,0.000556059
1000,29,0.000888286
1000,30,0.000455822
1000,31,7.99797e-05
1000,32,2.24704e-06
1001,26,2.08661e-06
1001,27,8.23498e-05
1001,28,0.000543339
1001,29,0.000891224
1001,30,0.000469681
1001,31,8.46379e-05
1001,32,2.53414e-06
1002,26,2.05085e-06
1002,27,7.84961e-05
1002,28,0.000530496
1002,29,0.000893679
1002,30,0.000483643
1002,31,8.94224e-05
1002,32,2.79322e-06
1002,33,1e-08
1003,26,1.88236e-06
1003,27,7.4803e-05
1003,28,0.000517748
1003,29,0.000895426
1003,30,0.000497795
1003,31,9.44077e-05
1003,32,3.05739e-06
1003,33,2e-08
1004,26,1.80103e-06
1004,27,7.13539e-05
1004,28,0.000505017
1004,29,0.00089673
1004,30,0.000512094
1004,31,9.96019e-05
1004,32,3.37531e-06
1004,33,5e-08
1005,26,1.71609e-06
1005,27,6.79841e-05
1005,28,0.00049237
1005,29,0.000897417
1005,30,0.000526456
1005,31,0.000105026
1005,32,3.71769e-06
1005,33,6e-08
1006,26,1.52212e-06
1006,27,6.46379e-05
1006,28,0.000479755
1006,29,0.000897474
1006,30,0.000540874
1006,31,0.000110753
1006,32,4.05146e-06
1006,33,3e-08
1007,26,1.47987e-06
1007,27,6.13928e-05
1007,28,0.000467197
1007,29,0.000896971
1007,30,0.00055533
1007,31,0.000116697
1007,32,4.44472e-06
1007,33,1e-08
1008,26,1.42153e-06
1008,27,5.83639e-05
1008,28,0.00045465
1008,29,0.000896107
1008,30,0.000569788
1008,31,0.000122939
1008,32,4.82097e-06
1008,33,1e-08
1009,26,1.17355e-06
1009,27,5.54041e-05
1009,28,0.000442218
1009,29,0.000894552
1009,30,0.000584281
1009,31,0.000129505
1009,32,5.26827e-06
1009,33,2e-08
1010,26,1.19674e-06
1010,27,5.26248e-05
1010,28,0.000429982
1010,29,0.000892419
1010,30,0.000598648
1010,31,0.000136192
1010,32,5.67177e-06
1010,33,3e-08
1011,26,1.08015e-06
1011,27,5.0038e-05
1011,28,0.00041767
1011,29,0.000889929
1011,30,0.000613049
1011,31,0.000143126
1011,32,6.16327e-06
1011,33,3e-08
1012,26,1.02492e-06
1012,27,4.75401e-05
1012,28,0.00040558
1012,29,0.000886638
1012,30,0.000627526
1012,31,0.000150254
1012,32,6.7769e-06
1012,33,5e-08
1013,26,9.14156e-07
1013,27,4.50718e-05
1013,28,0.0003936
1013,29,0.00088295
1013,30,0.000641852
1013,31,0.000157823
1013,32,7.36589e-06
1013,33,6e-08
1014,26,8.01681e-07
1014,27,4.27193e-05
1014,28,0.000381699
1014,29,0.00087878
1014,30,0.000656073
1014,31,0.000165675
1014,32,7.90011e-06
1014,33,7e-08
1015,26,7.44907e-07
1015,27,4.04341e-05
1015,28,0.00036996
1015,29,0.000873916
1015,30,0.000670348
1015,31,0.000173868
1015,32,8.49775e-06
1015,33,7e-08
1016,26,6.08408e-07
1016,27,3.82135e-05
1016,28,0.00035848
1016,29,0.000868577
1016,30,0.000684409
1016,31,0.000182217
1016,32,9.20554e-06
1016,33,6e-08
1017,26,4.89987e-07
1017,27,3.61727e-05
1017,28,0.000347063
1017,29,0.0008628
1017,30,0.000698344
1017,31,0.000190795
1017,32,9.96841e-06
1017,33,7e-08
1018,26,3.19204e-07
1018,27,3.40928e-05
1018,28,0.00033585
1018,29,0.000856507
1018,30,0.000712052
1018,31,0.000199702
1018,32,1.07173e-05
1018,33,9e-08
1019,26,2.9989e-07
1019,27,3.22447e-05
1019,28,0.000324788
1019,29,0.000849686
1019,30,0.000725581
1019,31,0.000208929
1019,32,1.15104e-05
1019,33,1.4e-07
1020,26,3.11201e-07
1020,27,3.04934e-05
1020,28,0.000313924
1020,29,0.000842392
1020,30,0.000738909
1020,31,0.000218362
1020,32,1.23934e-05
1020,33,1.62786e-07
1021,26,3.13623e-07
1021,27,2.87923e-05
1021,28,0.000303205
1021,29,0.000834755
1021,30,0.000752002
1021,31,0.000228074
1021,32,1.32787e-05
1021,33,1.8666e-07
1022,26,2.91696e-07
1022,27,2.72416e-05
1022,28,0.000292718
1022,29,0.000826698
1022,30,0.00076475
1022,31,0.000238224
1022,32,1.42575e-05
1022,33,2.11707e-07
1023,26,2.83468e-07
1023,27,2.57638e-05
1023,28,0.000282339
1023,29,0.000818166
1023,30,0.0007773
1023,31,0.000248623
1023,32,1.5323e-05
1023,33,2.38016e-07
1024,26,2.4e-07
1024,27,2.43536e-05
1024,28,0.000272258
1024,29,0.000809243
1024,30,0.00078951
1024,31,0.000259283
1024,32,1.64859e-05
1024,33,2.56577e-07
1025,26,2.2e-07
1025,27,2.29028e-05
1025,28,0.0002624
1025,29,0.000799855
1025,30,0.000801419
1025,31,0.000270143
1025,32,1.76934e-05
1025,33,2.76673e-07
1026,26,1.6e-07
1026,27,2.16026e-05
1026,28,0.00025277
1026,29,0.000790037
1026,30,0.000812986
1026,31,0.000281388
1026,32,1.89282e-05
1026,33,3.38422e-07
1027,26,1.1e-07
1027,27,2.03221e-05
1027,28,0.000243276
1027,29,0.000779908
1027,30,0.000824139
1027,31,0.000292995
1027,32,2.02929e-05
1027,33,3.32821e-07
1028,26,9e-08
1028,27,1.91141e-05
1028,28,0.000234022
1028,29,0.000769234
1028,30,0.000835029
1028,31,0.000304776
1028,32,2.16694e-05
1028,33,3.69196e-07
1029,26,7e-08
1029,27,1.79856e-05
1029,28,0.000224945
1029,29,0.000758384
1029,30,0.000845406
1029,31,0.000316894
1029,32,2.32216e-05
1029,33,4.07692e-07
1030,26,9e-08
1030,27,1.68705e-05
1030,28,0.000216172
1030,29,0.000747226
1030,30,0.000855369
1030,31,0.000329212
1030,32,2.48284e-05
1030,33,4.68462e-07
1031,26,7e-08
1031,27,1.58679e-05
1031,28,0.000207537
1031,29,0.000735797
1031,30,0.0008649
1031,31,0.000341863
1031,32,2.64613e-05
1031,33,5.1167e-07
1032,26,5e-08
1032,27,1.48856e-05
1032,28,0.000199158
1032,29,0.000724016
1032,30,0.00087406
1032,31,0.000354677
1032,32,2.82232e-05
1032,33,5.97488e-07
1033,26,3e-08
1033,27,1.40026e-05
1033,28,0.000191111
1033,29,0.000711983
1033,30,0.000882624
1033,31,0.000367891
1033,32,3.01475e-05
1033,33,6.47917e-07
1034,26,1e-08
1034,27,1.31395e-05
1034,28,0.000183275
1034,29,0.000699648
1034,30,0.000890801
1034,31,0.000381315
1034,32,3.21383e-05
1034,33,7.02251e-07
1035,26,1e-08
1035,27,1.23297e-05
1035,28,0.000175649
1035,29,0.0006871
1035,30,0.000898499
1035,31,0.000394917
1035,32,3.42698e-05
1035,33,7.70757e-07
1036,26,1e-08
1036,27,1.14639e-05
1036,28,0.000168236
1036,29,0.00067436
1036,30,0.000905711
1036,31,0.000408547
1036,32,3.65439e-05
1036,33,8.54551e-07
1037,27,1.07802e-05
1037,28,0.00016106
1037,29,0.000661577
1037,30,0.000912214
1037,31,0.00042251
1037,32,3.89423e-05
1037,33,9.34811e-07
1038,27,1.02407e-05
1038,28,0.000154085
1038,29,0.000648598
1038,30,0.000918132
1038,31,0.000436776
1038,32,4.14665e-05
1038,33,1.01116e-06
1039,27,9.59491e-06
1039,28,0.000147279
1039,29,0.000635423
1039,30,0.000923534
1039,31,0.00045126
1039,32,4.39716e-05
1039,33,1.11318e-06
1040,27,9.09074e-06
1040,28,0.000140799
1040,29,0.000622214
1040,30,0.000928299
1040,31,0.000465959
1040,32,4.66656e-05
1040,33,1.20287e-06
1041,27,8.50815e-06
1041,28,0.000134506
1041,29,0.000608838
1041,30,0.000932536
1041,31,0.000480791
1041,32,4.94963e-05
1041,33,1.31911e-06
1042,27,7.91995e-06
1042,28,0.000128392
1042,29,0.000595402
1042,30,0.000936226
1042,31,0.000495632
1042,32,5.25963e-05
1042,33,1.42393e-06
1043,27,7.46971e-06
1043,28,0.000122511
1043,29,0.000581807
1043,30,0.000939323
1043,31,0.00051071
1043,32,5.57131e-05
1043,33,1.56628e-06
1044,27,7.02443e-06
1044,28,0.00011676
1044,29,0.000568203
1044,30,0.000941849
1044,31,0.000525783
1044,32,5.90484e-05
1044,33,1.70899e-06
1045,27,6.46232e-06
1045,28,0.000111276
1045,29,0.000554639
1045,30,0.000943668
1045,31,0.000540971
1045,32,6.25112e-05
1045,33,1.87193e-06
1046,27,6.04887e-06
1046,28,0.000105934
1046,29,0.00054102
1046,30,0.000944868
1046,31,0.000556268
1046,32,6.61444e-05
1046,33,2.03573e-06
1047,27,5.71794e-06
1047,28,0.000100878
1047,29,0.000527364
1047,30,0.000945445
1047,31,0.000571697
1047,32,6.9882e-05
1047,33,2.2218e-06
1048,27,5.28249e-06
1048,28,9.60731e-05
1048,29,0.000513739
1048,30,0.000945457
1048,31,0.000587111
1048,32,7.37947e-05
1048,33,2.38938e-06
1049,27,5.06331e-06
1049,28,9.14429e-05
1049,29,0.000500232
1049,30,0.000944754
1049,31,0.0006025
1049,32,7.79373e-05
1049,33,2.59837e-06
1050,27,4.77701e-06
1050,28,8.69482e-05
1050,29,0.000486716
1050,30,0.000943538
1050,31,0.000618143
1050,32,8.21075e-05
1050,33,2.85021e-06
1051,27,4.3773e-06
1051,28,8.25702e-05
1051,29,0.00047337
1051,30,0.00094159
1051,31,0.000633453
1051,32,8.65908e-05
1051,33,3.12711e-06
1052,27,4.10251e-06
1052,28,7.83115e-05
1052,29,0.000459975
1052,30,0.000939245
1052,31,0.000648825
1052,32,9.11974e-05
1052,33,3.44215e-06
1053,27,3.81028e-06
1053,28,7.42417e-05
1053,29,0.000446629
1053,30,0.000936206
1053,31,0.00066429
1053,32,9.59783e-05
1053,33,3.70343e-06
1054,27,3.53383e-06
1054,28,7.04162e-05
1054,29,0.000433576
1054,30,0.00093243
1054,31,0.000679721
1054,32,0.000100896
1054,33,3.99184e-06
1054,34,1e-08
1055,27,3.32403e-06
1055,28,6.67661e-05
1055,29,0.000420645
1055,30,0.000928074
1055,31,0.000695007
1055,32,0.000106022
1055,33,4.36688e-06
1055,34,2e-08
1056,27,3.13847e-06
1056,28,6.3195e-05
1056,29,0.000407862
1056,30,0.000923218
1056,31,0.000710194
1056,32,0.000111268
1056,33,4.75375e-06
1056,34,4e-08
1057,27,2.9185e-06
1057,28,5.99032e-05
1057,29,0.000395213
1057,30,0.00091776
1057,31,0.000725097
1057,32,0.000116796
1057,33,5.07928e-06
1057,34,4e-08
1058,27,2.67845e-06
1058,28,5.67362e-05
1058,29,0.000382662
1058,30,0.000911771
1058,31,0.000739883
1058,32,0.000122511
1058,33,5.49726e-06
1058,34,3e-08
1059,27,2.41364e-06
1059,28,5.36413e-05
1059,29,0.000370232
1059,30,0.000905263
1059,31,0.000754488
1059,32,0.000128414
1059,33,5.95512e-06
1059,34,5e-08
1060,27,2.17822e-06
1060,28,5.07747e-05
1060,29,0.000358124
1060,30,0.000898059
1060,31,0.000768979
1060,32,0.000134498
1060,33,6.39887e-06
1060,34,8e-08
1061,27,2.06082e-06
1061,28,4.79987e-05
1061,29,0.000346202
1061,30,0.000890384
1061,31,0.000783146
1061,32,0.000140804
1061,33,6.91979e-06
1061,34,2e-08
1062,27,1.93754e-06
1062,28,4.53516e-05
1062,29,0.000334402
1062,30,0.000882282
1062,31,0.000796934
1062,32,0.000147404
1062,33,7.43674e-06
1062,34,3e-08
1063,27,1.86571e-06
1063,28,4.27838e-05
1063,29,0.000322749
1063,30,0.000873679
1063,31,0.000810618
1063,32,0.000154162
1063,33,7.94338e-06
1063,34,6e-08
1064,27,1.77831e-06
1064,28,4.03711e-05
1064,29,0.000311472
1064,30,0.000864521
1064,31,0.000823969
1064,32,0.000161066
1064,33,8.55112e-06
1064,34,5e-08
1065,27,1.6619e-06
1065,28,3.80715e-05
1065,29,0.000300368
1065,30,0.000854936
1065,31,0.000836923
1065,32,0.000168104
1065,33,9.20408e-06
1065,34,6e-08
1066,27,1.53358e-06
1066,28,3.58904e-05
1066,29,0.000289438
1066,30,0.000844973
1066,31,0.000849489
1066,32,0.000175354
1066,33,9.93192e-06
1066,34,6e-08
1067,27,1.52298e-06
1067,28,3.37986e-05
1067,29,0.000278672
1067,30,0.000834568
1067,31,0.000861795
1067,32,0.000182946
1067,33,1.06582e-05
1067,34,8e-08
1068,27,1.40487e-06
1068,28,3.17558e-05
1068,29,0.000268259
1068,30,0.000823713
1068,31,0.00087364
1068,32,0.000190605
1068,33,1.14414e-05
1068,34,1e-07
1069,27,1.25459e-06
1069,28,2.98935e-05
1069,29,0.000258091
1069,30,0.000812538
1069,31,0.000885043
1069,32,0.000198425
1069,33,1.22553e-05
1069,34,1.1e-07
1070,27,1.16541e-06
1070,28,2.80117e-05
1070,29,0.000248193
1070,30,0.000800962
1070,31,0.000896085
1070,32,0.000206482
1070,33,1.31039e-05
1070,34,1.08665e-07
1071,27,1.08348e-06
1071,28,2.63483e-05
1071,29,0.000238399
1071,30,0.000789087
1071,31,0.000906787
1071,32,0.000214647
1071,33,1.40666e-05
1071,34,1.28024e-07
1072,27,9.76031e-07
1072,28,2.47396e-05
1072,29,0.000228887
1072,30,0.000776893
1072,31,0.000916933
1072,32,0.000223062
1072,33,1.4987e-05
1072,34,1.38125e-07
1073,27,8.53621e-07
1073,28,2.3268e-05
1073,29,0.000219723
1073,30,0.000764383
1073,31,0.000926414
1073,32,0.000231757
1073,33,1.59766e-05
1073,34,1.59023e-07
1074,27,8.01976e-07
1074,28,2.18503e-05
1074,29,0.000210815
1074,30,0.000751627
1074,31,0.000935541
1074,32,0.000240522
1074,33,1.70827e-05
1074,34,1.70774e-07
1075,27,6.33392e-07
1075,28,2.05561e-05
1075,29,0.000202198
1075,30,0.000738628
1075,31,0.000944218
1075,32,0.000249428
1075,33,1.83034e-05
1075,34,1.73439e-07
1076,27,5.77663e-07
1076,28,1.92773e-05
1076,29,0.000193637
1076,30,0.000725357
1076,31,0.000952321
1076,32,0.00025847
1076,33,1.95707e-05
1076,34,2.17081e-07
1077,27,4.52113e-07
1077,28,1.80901e-05
1077,29,0.000185393
1077,30,0.000711927
1077,31,0.000959846
1077,32,0.000267653
1077,33,2.09217e-05
1077,34,2.43426e-07
1078,27,3.64848e-07
1078,28,1.69051e-05
1078,29,0.000177477
1078,30,0.000698328
1078,31,0.000966779
1078,32,0.00027708
1078,33,2.23303e-05
1078,34,2.81014e-07
1079,27,2.70872e-07
1079,28,1.58111e-05
1079,29,0.000169724
1079,30,0.000684483
1079,31,0.000973158
1079,32,0.000286748
1079,33,2.38643e-05
1079,34,3.29929e-07
1080,27,2.77955e-07
1080,28,1.48804e-05
1080,29,0.000162253
1080,30,0.000670475
1080,31,0.000979022
1080,32,0.000296452
1080,33,2.53453e-05
1080,34,4.1026e-07
1081,27,2.8602e-07
1081,28,1.39232e-05
1081,29,0.000155073
1081,30,0.000656344
1081,31,0.000984183
1081,32,0.000306315
1081,33,2.69641e-05
1081,34,5.0372e-07
1082,27,3.44999e-07
1082,28,1.30289e-05
1082,29,0.000148111
1082,30,0.000642194
1082,31,0.000988659
1082,32,0.000316428
1082,33,2.85428e-05
1082,34,5.39349e-07
1083,27,3.25873e-07
1083,28,1.21387e-05
1083,29,0.000141352
1083,30,0.000627972
1083,31,0.000992606
1083,32,0.000326548
1083,33,3.02758e-05
1083,34,5.99182e-07
1084,27,2.95439e-07
1084,28,1.14204e-05
1084,29,0.000134848
1084,30,0.000613679
1084,31,0.000995905
1084,32,0.000336724
1084,33,3.2098e-05
1084,34,6.3191e-07
1085,27,2.2e-07
1085,28,1.06292e-05
1085,29,0.00012851
1085,30,0.000599325
1085,31,0.000998694
1085,32,0.000347056
1085,33,3.39943e-05
1085,34,6.87718e-07
1086,27,2.4e-07
1086,28,9.8517e-06
1086,29,0.000122438
1086,30,0.000584941
1086,31,0.00100085
1086,32,0.000357434
1086,33,3.60865e-05
1086,34,7.77586e-07
1087,27,2.00891e-07
1087,28,9.19644e-06
1087,29,0.0001166
1087,30,0.000570616
1087,31,0.0010023
1087,32,0.00036793
1087,33,3.81653e-05
1087,34,8.80994e-07
1088,27,1.7e-07
1088,28,8.61644e-06
1088,29,0.000111011
1088,30,0.000556246
1088,31,0.00100317
1088,32,0.000378545
1088,33,4.03555e-05
1088,34,9.56652e-07
1089,27,1.2998e-07
1089,28,8.05854e-06
1089,29,0.000105669
1089,30,0.000541961
1089,31,0.00100338
1089,32,0.00038918
1089,33,4.26891e-05
1089,34,1.00766e-06
1090,27,1.10758e-07
1090,28,7.51959e-06
1090,29,0.000100462
1090,30,0.000527758
1090,31,0.00100292
1090,32,0.000399962
1090,33,4.51274e-05
1090,34,1.0836e-06
1091,27,6e-08
1091,28,6.97322e-06
1091,29,9.54747e-05
1091,30,0.000513553
1091,31,0.00100207
1091,32,0.000410574
1091,33,4.76145e-05
1091,34,1.19552e-06
1092,27,7e-08
1092,28,6.59104e-06
1092,29,9.07096e-05
1092,30,0.000499483
1092,31,0.00100044
1092,32,0.000421369
1092,33,5.01528e-05
1092,34,1.36452e-06
1093,27,7e-08
1093,28,6.18416e-06
1093,29,8.61201e-05
1093,30,0.000485562
1093,31,0.000998147
1093,32,0.000432169
1093,33,5.27933e-05
1093,34,1.48403e-06
1094,27,4e-08
1094,28,5.76081e-06
1094,29,8.16033e-05
1094,30,0.000471773
1094,31,0.000995239
1094,32,0.000442884
1094,33,5.57293e-05
1094,34,1.58096e-06
1095,27,4e-08
1095,28,5.35998e-06
1095,29,7.73779e-05
1095,30,0.000458041
1095,31,0.000991807
1095,32,0.000453619
1095,33,5.86735e-05
1095,34,1.76574e-06
1096,27,3e-08
1096,28,4.95775e-06
1096,29,7.3326e-05
1096,30,0.00044442
1096,31,0.000987752
1096,32,0.000464382
1096,33,6.17303e-05
1096,34,1.93103e-06
1097,27,3e-08
1097,28,4.60885e-06
1097,29,6.9552e-05
1097,30,0.000430983
1097,31,0.000983152
1097,32,0.000475143
1097,33,6.49419e-05
1097,34,2.06598e-06
1098,27,1e-08
1098,28,4.28046e-06
1098,29,6.59161e-05
1098,30,0.000417712
1098,31,0.000978018
1098,32,0.000485838
1098,33,6.82164e-05
1098,34,2.28042e-06
1099,28,3.90622e-06
1099,29,6.24565e-05
1099,30,0.000404718
1099,31,0.000972231
1099,32,0.000496436
1099,33,7.16681e-05
1099,34,2.48703e-06
1100,28,3.65282e-06
1100,29,5.90731e-05
1100,30,0.000391847
1100,31,0.000966054
1100,32,0.000507003
1100,33,7.52613e-05
1100,34,2.70288e-06
1101,28,3.42701e-06
1101,29,5.58537e-05
1101,30,0.000379202
1101,31,0.00095922
1101,32,0.000517477
1101,33,7.89823e-05
1101,34,2.94268e-06
1102,28,3.22348e-06
1102,29,5.28188e-05
1102,30,0.00036679
1102,31,0.000951793
1102,32,0.000527883
1102,33,8.28476e-05
1102,34,3.17722e-06
1102,35,1e-08
1103,28,2.94883e-06
1103,29,4.98464e-05
1103,30,0.000354517
1103,31,0.000943979
1103,32,0.000538291
1103,33,8.67736e-05
1103,34,3.42659e-06
1103,35,1e-08
1104,28,2.67653e-06
1104,29,4.70555e-05
1104,30,0.000342514
1104,31,0.000935683
1104,32,0.00054841
1104,33,9.09011e-05
1104,34,3.70158e-06
1105,28,2.44447e-06
1105,29,4.42873e-05
1105,30,0.000330696
1105,31,0.00092697
1105,32,0.000558424
1105,33,9.51023e-05
1105,34,4.0437e-06
1106,28,2.24434e-06
1106,29,4.17678e-05
1106,30,0.00031915
1106,31,0.000917759
1106,32,0.00056821
1106,33,9.9457e-05
1106,34,4.36725e-06
1107,28,2.08916e-06
1107,29,3.93241e-05
1107,30,0.0003078
1107,31,0.000908076
1107,32,0.000577995
1107,33,0.00010393
1107,34,4.71132e-06
1108,28,1.93789e-06
1108,29,3.70204e-05
1108,30,0.000296701
1108,31,0.000898059
1108,32,0.000587568
1108,33,0.000108539
1108,34,5.07628e-06
1109,28,1.80759e-06
1109,29,3.48888e-05
1109,30,0.000285898
1109,31,0.000887616
1109,32,0.000596918
1109,33,0.000113336
1109,34,5.45388e-06
1109,35,1e-08
1110,28,1.707e-06
1110,29,3.2825e-05
1110,30,0.000275414
1110,31,0.000876707
1110,32,0.00060608
1110,33,0.000118273
1110,34,5.80324e-06
1110,35,3e-08
1111,28,1.57076e-06
1111,29,3.0865e-05
1111,30,0.000265155
1111,31,0.000865452
1111,32,0.000615053
1111,33,0.000123364
1111,34,6.2335e-06
1111,35,6e-08
1112,28,1.47903e-06
1112,29,2.90872e-05
1112,30,0.000255104
1112,31,0.000853901
1112,32,0.000623775
1112,33,0.000128628
1112,34,6.67891e-06
1112,35,2e-08
1113,28,1.36694e-06
1113,29,2.7381e-05
1113,30,0.000245317
1113,31,0.000841962
1113,32,0.000632296
1113,33,0.000133935
1113,34,7.1894e-06
1113,35,1e-08
1114,28,1.28129e-06
1114,29,2.58012e-05
1114,30,0.000235774
1114,31,0.000829838
1114,32,0.000640513
1114,33,0.000139487
1114,34,7.70937e-06
1115,28,1.16465e-06
1115,29,2.42563e-05
1115,30,0.000226506
1115,31,0.000817405
1115,32,0.000648526
1115,33,0.000145137
1115,34,8.29703e-06
1116,28,1.11415e-06
1116,29,2.28169e-05
1116,30,0.00021745
1116,31,0.000804727
1116,32,0.000656274
1116,33,0.000150951
1116,34,8.91683e-06
1116,35,1e-08
1117,28,1.09624e-06
1117,29,2.13985e-05
1117,30,0.000208641
1117,31,0.000791672
1117,32,0.000663827
1117,33,0.000156968
1117,34,9.52151e-06
1117,35,1e-08
1118,28,9.9986e-07
1118,29,2.00909e-05
1118,30,0.000200165
1118,31,0.000778501
1118,32,0.000670966
1118,33,0.00016311
1118,34,1.01733e-05
1118,35,1e-08
1119,28,8.29851e-07
1119,29,1.88749e-05
1119,30,0.000191909
1119,31,0.000765224
1119,32,0.000677851
1119,33,0.000169396
1119,34,1.08501e-05
1119,35,1e-08
1120,28,7.00228e-07
1120,29,1.7717e-05
1120,30,0.000183843
1120,31,0.000751779
1120,32,0.000684463
1120,33,0.000175861
1120,34,1.15735e-05
1120,35,2e-08
1121,28,6.8168e-07
1121,29,1.66794e-05
1121,30,0.000176094
1121,31,0.000738105
1121,32,0.000690753
1121,33,0.000182417
1121,34,1.23357e-05
1121,35,3e-08
1122,28,6.8324e-07
1122,29,1.5646e-05
1122,30,0.000168512
1122,31,0.000724373
1122,32,0.000696734
1122,33,0.000189014
1122,34,1.31678e-05
1122,35,1e-08
1123,28,5.71113e-07
1123,29,1.47046e-05
1123,30,0.000161275
1123,31,0.00071046
1123,32,0.000702288
1123,33,0.00019594
1123,34,1.40433e-05
1123,35,1e-08
1124,28,4.19922e-07
1124,29,1.37737e-05
1124,30,0.000154244
1124,31,0.000696447
1124,32,0.000707597
1124,33,0.000202922
1124,34,1.49252e-05
1124,35,1e-08
1125,28,4.09741e-07
1125,29,1.28702e-05
1125,30,0.000147368
1125,31,0.000682335
1125,32,0.000712536
1125,33,0.000210073
1125,34,1.58925e-05
1125,35,1e-08
1126,28,3.38264e-07
1126,29,1.2104e-05
1126,30,0.000140796
1126,31,0.00066825
1126,32,0.000717057
1126,33,0.000217369
1126,34,1.69076e-05
1126,35,1e-08
1127,28,2.58642e-07
1127,29,1.13181e-05
1127,30,0.000134511
1127,31,0.000654056
1127,32,0.000721246
1127,33,0.000224843
1127,34,1.7983e-05
1128,28,1.8e-07
1128,29,1.0509e-05
1128,30,0.000128428
1128,31,0.000639866
1128,32,0.000725137
1128,33,0.000232331
1128,34,1.91795e-05
1128,35,1e-08
1129,28,1.4e-07
1129,29,9.79592e-06
1129,30,0.000122504
1129,31,0.000625654
1129,32,0.000728696
1129,33,0.000239957
1129,34,2.03895e-05
1129,35,1e-08
1130,28,1.6e-07
1130,29,9.16565e-06
1130,30,0.000116796
1130,31,0.000611436
1130,32,0.00073194
1130,33,0.000247677
1130,34,2.16281e-05
1130,35,5e-08
1131,28,1.2e-07
1131,29,8.57382e-06
1131,30,0.000111357
1131,31,0.000597209
1131,32,0.000734846
1131,33,0.000255508
1131,34,2.29362e-05
1131,35,5e-08
1132,28,1.2e-07
1132,29,7.99813e-06
1132,30,0.000106122
1132,31,0.000582968
1132,32,0.00073737
1132,33,0.000263484
1132,34,2.43074e-05
1132,35,6e-08
1133,28,1.3e-07
1133,29,7.42661e-06
1133,30,0.000101118
1133,31,0.000568861
1133,32,0.00073936
1133,33,0.000271615
1133,34,2.58034e-05
1133,35,2e-08
1134,28,1e-07
1134,29,6.92805e-06
1134,30,9.62701e-05
1134,31,0.000554918
1134,32,0.000741015
1134,33,0.000279836
1134,34,2.7297e-05
1134,35,5e-08
1135,28,8e-08
1135,29,6.45993e-06
1135,30,9.16079e-05
1135,31,0.00054094
1135,32,0.000742354
1135,33,0.000288113
1135,34,2.89155e-05
1135,35,1.2e-07
1136,28,1.1e-07
1136,29,6.05429e-06
1136,30,8.70712e-05
1136,31,0.000527092
1136,32,0.000743285
1136,33,0.00029642
1136,34,3.06795e-05
1136,35,1.6e-07
1137,28,8e-08
1137,29,5.69472e-06
1137,30,8.28061e-05
1137,31,0.000513507
1137,32,0.0007438
1137,33,0.00030487
1137,34,3.24632e-05
1137,35,2.1e-07
1138,28,5e-08
1138,29,5.29247e-06
1138,30,7.86784e-05
1138,31,0.000499912
1138,32,0.000743999
1138,33,0.00031341
1138,34,3.43476e-05
1138,35,2.4e-07
1139,28,2e-08
1139,29,4.90493e-06
1139,30,7.47617e-05
1139,31,0.000486381
1139,32,0.000743842
1139,33,0.000322034
1139,34,3.6296e-05
1139,35,2.8e-07
1140,28,2e-08
1140,29,4.59042e-06
1140,30,7.10076e-05
1140,31,0.000473027
1140,32,0.000743302
1140,33,0.000330688
1140,34,3.84091e-05
1140,35,2.5e-07
1141,28,3e-08
1141,29,4.23593e-06
1141,30,6.73854e-05
1141,31,0.000459861
1141,32,0.000742431
1141,33,0.000339434
1141,34,4.05631e-05
1141,35,2.6e-07
1142,28,3e-08
1142,29,3.92114e-06
1142,30,6.40248e-05
1142,31,0.000446809
1142,32,0.000741171
1142,33,0.000348246
1142,34,4.27774e-05
1142,35,3e-07
1143,28,4e-08
1143,29,3.75976e-06
1143,30,6.07485e-05
1143,31,0.00043385
1143,32,0.000739506
1143,33,0.00035723
1143,34,4.50957e-05
1143,35,3.4747e-07
1144,28,5e-08
1144,29,3.57292e-06
1144,30,5.76398e-05
1144,31,0.000421166
1144,32,0.00073759
1144,33,0.00036615
1144,34,4.7499e-05
1144,35,3.72884e-07
1145,28,7e-08
1145,29,3.26701e-06
1145,30,5.46193e-05
1145,31,0.000408763
1145,32,0.000735226
1145,33,0.000375118
1145,34,5.00119e-05
1145,35,4.1083e-07
1146,28,7e-08
1146,29,2.98992e-06
1146,30,5.17356e-05
1146,31,0.000396566
1146,32,0.00073244
1146,33,0.000384197
1146,34,5.26462e-05
1146,35,4.21466e-07
1147,28,4e-08
1147,29,2.78187e-06
1147,30,4.89763e-05
1147,31,0.000384393
1147,32,0.000729457
1147,33,0.000393231
1147,34,5.54169e-05
1147,35,4.84957e-07
1148,29,2.72594e-06
1148,30,4.6369e-05
1148,31,0.00037246
1148,32,0.000726121
1148,33,0.000402312
1148,34,5.82216e-05
1148,35,5.60752e-07
1149,29,2.49484e-06
1149,30,4.39378e-05
1149,31,0.000360713
1149,32,0.000722479
1149,33,0.000411423
1149,34,6.11473e-05
1149,35,5.49713e-07
1150,29,2.27334e-06
1150,30,4.15356e-05
1150,31,0.000349232
1150,32,0.000718348
1150,33,0.000420646
1150,34,6.42187e-05
1150,35,7.01313e-07
1151,29,2.114e-06
1151,30,3.92299e-05
1151,31,0.000338046
1151,32,0.000713994
1151,33,0.000429686
1151,34,6.74883e-05
1151,35,7.52139e-07
1152,29,1.94501e-06
1152,30,3.71426e-05
1152,31,0.000327149
1152,32,0.000709295
1152,33,0.000438761
1152,34,7.08224e-05
1152,35,7.96349e-07
1153,29,1.79389e-06
1153,30,3.50717e-05
1153,31,0.0003163
1153,32,0.000704328
1153,33,0.000447854
1153,34,7.43435e-05
1153,35,8.43432e-07
1154,29,1.69874e-06
1154,30,3.30639e-05
1154,31,0.000305803
1154,32,0.000699021
1154,33,0.000456898
1154,34,7.79146e-05
1154,35,9.63558e-07
1155,29,1.4925e-06
1155,30,3.12736e-05
1155,31,0.000295518
1155,32,0.000693472
1155,33,0.000465883
1155,34,8.16764e-05
1155,35,1.10738e-06
1156,29,1.35597e-06
1156,30,2.94756e-05
1156,31,0.000285366
1156,32,0.00068774
1156,33,0.000474751
1156,34,8.55014e-05
1156,35,1.24666e-06
1157,29,1.23031e-06
1157,30,2.76929e-05
1157,31,0.000275434
1157,32,0.000681661
1157,33,0.000483632
1157,34,8.95423e-05
1157,35,1.33447e-06
1158,29,1.23491e-06
1158,30,2.61043e-05
1158,31,0.000265807
1158,32,0.000675357
1158,33,0.000492438
1158,34,9.37846e-05
1158,35,1.45786e-06
1159,29,1.26e-06
1159,30,2.45283e-05
1159,31,0.000256365
1159,32,0.000668795
1159,33,0.00050125
1159,34,9.8086e-05
1159,35,1.61783e-06
1160,29,1.13466e-06
1160,30,2.3078e-05
1160,31,0.000247188
1160,32,0.000662106
1160,33,0.000509902
1160,34,0.000102552
1160,35,1.81406e-06
1161,29,1.09473e-06
1161,30,2.17151e-05
1161,31,0.000238194
1161,32,0.000655116
1161,33,0.000518472
1161,34,0.000107175
1161,35,1.96242e-06
1162,29,9.7487e-07
1162,30,2.04817e-05
1162,31,0.000229418
1162,32,0.000647807
1162,33,0.000526953
1162,34,0.000111974
1162,35,2.13936e-06
1163,29,9.90497e-07
1163,30,1.93283e-05
1163,31,0.000220802
1163,32,0.00064029
1163,33,0.000535404
1163,34,0.00011688
1163,35,2.35602e-06
1164,29,9.17316e-07
1164,30,1.80823e-05
1164,31,0.000212504
1164,32,0.000632645
1164,33,0.00054378
1164,34,0.000121881
1164,35,2.5622e-06
1165,29,8.29167e-07
1165,30,1.69053e-05
1165,31,0.000204394
1165,32,0.000624749
1165,33,0.00055196
1165,34,0.000127048
1165,35,2.79104e-06
1166,29,8.14554e-07
1166,30,1.58591e-05
1166,31,0.000196435
1166,32,0.000616746
1166,33,0.000559946
1166,34,0.000132385
1166,35,3.05319e-06
1167,29,7.83953e-07
1167,30,1.48982e-05
1167,31,0.000188896
1167,32,0.000608453
1167,33,0.000567948
1167,34,0.000137895
1167,35,3.30002e-06
1168,29,8.1654e-07
1168,30,1.3979e-05
1168,31,0.00018139
1168,32,0.000600063
1168,33,0.000575768
1168,34,0.000143599
1168,35,3.57227e-06
1169,29,7.11365e-07
1169,30,1.30814e-05
1169,31,0.000174082
1169,32,0.000591565
1169,33,0.000583348
1169,34,0.00014958
1169,35,3.87075e-06
1170,29,7.03305e-07
1170,30,1.23024e-05
1170,31,0.000167153
1170,32,0.000582839
1170,33,0.000590829
1170,34,0.000155614
1170,35,4.22562e-06
1171,29,5.42473e-07
1171,30,1.15253e-05
1171,31,0.000160411
1171,32,0.000573976
1171,33,0.000598112
1171,34,0.000161814
1171,35,4.52962e-06
1172,29,4.73961e-07
1172,30,1.08449e-05
1172,31,0.000153865
1172,32,0.000565057
1172,33,0.000605138
1172,34,0.000168275
1172,35,4.93308e-06
1173,29,4.37603e-07
1173,30,1.01663e-05
1173,31,0.000147493
1173,32,0.00055613
1173,33,0.00061196
1173,34,0.0001749
1173,35,5.33882e-06
1174,29,4.9e-07
1174,30,9.59617e-06
1174,31,0.000141528
1174,32,0.000546955
1174,33,0.000618707
1174,34,0.000181614
1174,35,5.69608e-06
1175,29,3.98876e-07
1175,30,8.85206e-06
1175,31,0.000135594
1175,32,0.000537704
1175,33,0.000625215
1175,34,0.000188565
1175,35,6.10525e-06
1176,29,4.38603e-07
1176,30,8.18786e-06
1176,31,0.000129875
1176,32,0.000528467
1176,33,0.000631464
1176,34,0.000195563
1176,35,6.62739e-06
1177,29,4.16321e-07
1177,30,7.75347e-06
1177,31,0.000124292
1177,32,0.000519161
1177,33,0.000637516
1177,34,0.000202804
1177,35,7.07787e-06
1178,29,4.15754e-07
1178,30,7.25789e-06
1178,31,0.000118942
1178,32,0.000509757
1178,33,0.000643275
1178,34,0.000210221
1178,35,7.69435e-06
1179,29,3.44494e-07
1179,30,6.81896e-06
1179,31,0.000113829
1179,32,0.000500324
1179,33,0.000648803
1179,34,0.000217905
1179,35,8.23829e-06
1180,29,3.2444e-07
1180,30,6.36529e-06
1180,31,0.000108857
1180,32,0.000490923
1180,33,0.000654073
1180,34,0.000225726
1180,35,8.92183e-06
1181,29,3.26259e-07
1181,30,5.93617e-06
1181,31,0.000104052
1181,32,0.00048138
1181,33,0.000659158
1181,34,0.0002338
1181,35,9.56345e-06
1182,29,2.7e-07
1182,30,5.43028e-06
1182,31,9.94236e-05
1182,32,0.000471886
1182,33,0.000663952
1182,34,0.000242073
1182,35,1.02295e-05
1183,29,2.51033e-07
1183,30,5.08572e-06
1183,31,9.49075e-05
1183,32,0.00046238
1183,33,0.000668439
1183,34,0.000250481
1183,35,1.10009e-05
1184,29,1.9e-07
1184,30,4.7962e-06
1184,31,9.06326e-05
1184,32,0.00045285
1184,33,0.000672652
1184,34,0.000259091
1184,35,1.17534e-05
1184,36,1e-08
1185,29,1.6e-07
1185,30,4.46263e-06
1185,31,8.63836e-05
1185,32,0.000443314
1185,33,0.000676647
1185,34,0.000267767
1185,35,1.2565e-05
1185,36,4e-08
1186,29,1.4e-07
1186,30,4.14061e-06
1186,31,8.24052e-05
1186,32,0.000433782
1186,33,0.000680358
1186,34,0.000276667
1186,35,1.33988e-05
1186,36,3e-08
1187,29,1.9e-07
1187,30,3.84004e-06
1187,31,7.8606e-05
1187,32,0.000424321
1187,33,0.00068376
1187,34,0.000285745
1187,35,1.42553e-05
1187,36,5e-08
1188,29,1.1e-07
1188,30,3.58898e-06
1188,31,7.49658e-05
1188,32,0.000414868
1188,33,0.000686819
1188,34,0.000294965
1188,35,1.51745e-05
1188,36,8e-08
1189,29,7e-08
1189,30,3.3775e-06
1189,31,7.14558e-05
1189,32,0.000405471
1189,33,0.00068972
1189,34,0.0003042
1189,35,1.61593e-05
1189,36,1.2e-07
1190,29,7e-08
1190,30,3.10401e-06
1190,31,6.82909e-05
1190,32,0.000396086
1190,33,0.00069228
1190,34,0.000313692
1190,35,1.72132e-05
1190,36,1.2e-07
1191,29,3e-08
1191,30,2.89577e-06
1191,31,6.49499e-05
1191,32,0.000386823
1191,33,0.000694436
1191,34,0.000323399
1191,35,1.83093e-05
1191,36,1.5e-07
1192,30,2.7494e-06
1192,31,6.18686e-05
1192,32,0.000377545
1192,33,0.000696373
1192,34,0.000333291
1192,35,1.94384e-05
1192,36,2e-07
1193,30,2.61419e-06
1193,31,5.88637e-05
1193,32,0.000368321
1193,33,0.000697999
1193,34,0.000343312
1193,35,2.06821e-05
1193,36,2.8e-07
1194,30,2.4195e-06
1194,31,5.60331e-05
1194,32,0.000359188
1194,33,0.000699252
1194,34,0.000353599
1194,35,2.1915e-05
1194,36,3.08595e-07
1195,30,2.2347e-06
1195,31,5.33378e-05
1195,32,0.00035015
1195,33,0.00070026
1195,34,0.00036384
1195,35,2.32862e-05
1195,36,3.97816e-07
1196,30,2.06921e-06
1196,31,5.06963e-05
1196,32,0.000341264
1196,33,0.000700871
1196,34,0.000374266
1196,35,2.47505e-05
1196,36,4.25445e-07
1197,30,1.91248e-06
1197,31,4.82675e-05
1197,32,0.000332393
1197,33,0.000701204
1197,34,0.00038489
1197,35,2.61422e-05
1197,36,4.54345e-07
1198,30,1.83637e-06
1198,31,4.58357e-05
1198,32,0.000323664
1198,33,0.000701248
1198,34,0.000395399
1198,35,2.78399e-05
1198,36,4.94601e-07
1199,30,1.67322e-06
1199,31,4.35138e-05
1199,32,0.000315001
1199,33,0.000700953
1199,34,0.000406154
1199,35,2.94944e-05
1199,36,5.36301e-07
1200,30,1.50273e-06
1200,31,4.14227e-05
1200,32,0.000306408
1200,33,0.000700479
1200,34,0.000416893
1200,35,3.12331e-05
1200,36,6.2954e-07
1201,30,1.31468e-06
1201,31,3.92989e-05
1201,32,0.000297992
1201,33,0.000699597
1201,34,0.000427795
1201,35,3.30683e-05
1201,36,7.14416e-07
1202,30,1.19766e-06
1202,31,3.72585e-05
1202,32,0.000289547
1202,33,0.000698497
1202,34,0.00043868
1202,35,3.48822e-05
1202,36,7.60799e-07
1203,30,1.02576e-06
1203,31,3.53054e-05
1203,32,0.000281346
1203,33,0.00069698
1203,34,0.000449802
1203,35,3.67986e-05
1203,36,8.2121e-07
1204,30,9.68669e-07
1204,31,3.3492e-05
1204,32,0.000273182
1204,33,0.000695258
1204,34,0.000460924
1204,35,3.88381e-05
1204,36,7.74418e-07
1205,30,8.46084e-07
1205,31,3.17821e-05
1205,32,0.00026521
1205,33,0.000693214
1205,34,0.000472037
1205,35,4.10149e-05
1205,36,8.70599e-07
1206,30,8.07722e-07
1206,31,3.00606e-05
1206,32,0.000257411
1206,33,0.000690718
1206,34,0.00048335
1206,35,4.33048e-05
1206,36,1.00994e-06
1207,30,7.33317e-07
1207,31,2.84894e-05
1207,32,0.000249626
1207,33,0.000688036
1207,34,0.000494717
1207,35,4.55588e-05
1207,36,1.09068e-06
1208,30,6.82617e-07
1208,31,2.69995e-05
1208,32,0.000242022
1208,33,0.000685
1208,34,0.00050617
1208,35,4.8035e-05
1208,36,1.14698e-06
1209,30,6.35385e-07
1209,31,2.55257e-05
1209,32,0.000234579
1209,33,0.000681673
1209,34,0.000517548
1209,35,5.06312e-05
1209,36,1.25772e-06
1210,30,5.714e-07
1210,31,2.41716e-05
1210,32,0.000227218
1210,33,0.000678149
1210,34,0.000528982
1210,35,5.33302e-05
1210,36,1.37319e-06
1211,30,5.30452e-07
1211,31,2.28895e-05
1211,32,0.000220053
1211,33,0.000674284
1211,34,0.000540368
1211,35,5.61156e-05
1211,36,1.49296e-06
1212,30,4.82342e-07
1212,31,2.16207e-05
1212,32,0.000212984
1212,33,0.0006702
1212,34,0.000551739
1212,35,5.89977e-05
1212,36,1.55864e-06
1213,30,4.46887e-07
1213,31,2.04287e-05
1213,32,0.000206094
1213,33,0.000665824
1213,34,0.000563121
1213,35,6.1972e-05
1213,36,1.70057e-06
1214,30,4.13912e-07
1214,31,1.92572e-05
1214,32,0.000199332
1214,33,0.000661211
1214,34,0.000574336
1214,35,6.51092e-05
1214,36,1.85912e-06
1215,30,3.83253e-07
1215,31,1.81417e-05
1215,32,0.000192719
1215,33,0.000656266
1215,34,0.000585731
1215,35,6.83142e-05
1215,36,2.03238e-06
1216,30,3.54758e-07
1216,31,1.71386e-05
1216,32,0.000186217
1216,33,0.000651045
1216,34,0.000597045
1216,35,7.17469e-05
1216,36,2.22189e-06
1217,30,3.28281e-07
1217,31,1.62042e-05
1217,32,0.000179887
1217,33,0.000645616
1217,34,0.000608147
1217,35,7.52725e-05
1217,36,2.44027e-06
1218,30,3.03689e-07
1218,31,1.53317e-05
1218,32,0.000173688
1218,33,0.000639894
1218,34,0.000619373
1218,35,7.88834e-05
1218,36,2.66941e-06
1219,30,2.80855e-07
1219,31,1.44983e-05
1219,32,0.00016765
1219,33,0.000634007
1219,34,0.000630344
1219,35,8.26105e-05
1219,36,2.91605e-06
1220,30,2.59658e-07
1220,31,1.36491e-05
1220,32,0.000161734
1220,33,0.000627862
1220,34,0.000641324
1220,35,8.64407e-05
1220,36,3.2071e-06
1221,30,2.3999e-07
1221,31,1.2921e-05
1221,32,0.00015601
1221,33,0.000621455
1221,34,0.000652244
1221,35,9.04301e-05
1221,36,3.49334e-06
1222,30,1.83071e-07
1222,31,1.21476e-05
1222,32,0.000150445
1222,33,0.000614866
1222,34,0.00066297
1222,35,9.45533e-05
1222,36,3.81425e-06
1223,30,1.8368e-07
1223,31,1.14391e-05
1223,32,0.000144998
1223,33,0.000608072
1223,34,0.00067355
1223,35,9.88811e-05
1223,36,4.10263e-06
1224,30,1.64974e-07
1224,31,1.07716e-05
1224,32,0.00013961
1224,33,0.000601111
1224,34,0.000684031
1224,35,0.000103329
1224,36,4.43473e-06
1225,30,1e-07
1225,31,1.01966e-05
1225,32,0.000134433
1225,33,0.000593911
1225,34,0.000694382
1225,35,0.000107795
1225,36,4.80585e-06
1226,30,6e-08
1226,31,9.60513e-06
1226,32,0.000129383
1226,33,0.00058659
1226,34,0.00070439
1226,35,0.000112631
1226,36,5.18028e-06
1227,30,2e-08
1227,31,9.10968e-06
1227,32,0.000124439
1227,33,0.000579078
1227,34,0.000714321
1227,35,0.000117441
1227,36,5.58465e-06
1228,30,2e-08
1228,31,8.60437e-06
1228,32,0.000119682
1228,33,0.000571402
1228,34,0.000723994
1228,35,0.000122551
1228,36,5.97647e-06
1229,30,1e-08
1229,31,8.1054e-06
1229,32,0.000114999
1229,33,0.000563602
1229,34,0.000733435
1229,35,0.000127801
1229,36,6.50067e-06
1230,30,1e-08
1230,31,7.47869e-06
1230,32,0.000110489
1230,33,0.000555596
1230,34,0.000742782
1230,35,0.000133042
1230,36,7.01927e-06
1231,31,7.01944e-06
1231,32,0.000106183
1231,33,0.000547404
1231,34,0.000751914
1231,35,0.000138495
1231,36,7.5627e-06
1232,31,6.55934e-06
1232,32,0.000101941
1232,33,0.000539126
1232,34,0.000760789
1232,35,0.000144139
1232,36,8.10571e-06
1233,31,6.11161e-06
1233,32,9.78271e-05
1233,33,0.000530751
1233,34,0.000769465
1233,35,0.000149856
1233,36,8.65911e-06
1234,31,5.74948e-06
1234,32,9.38587e-05
1234,33,0.000522267
1234,34,0.000777722
1234,35,0.000155814
1234,36,9.31373e-06
1235,31,5.37472e-06
1235,32,9.00133e-05
1235,33,0.000513725
1235,34,0.000785686
1235,35,0.000161957
1235,36,9.9497e-06
1236,31,5.04966e-06
1236,32,8.62791e-05
1236,33,0.000505071
1236,34,0.000793317
1236,35,0.000168243
1236,36,1.0641e-05
1236,37,1e-08
1237,31,4.75888e-06
1237,32,8.26444e-05
1237,33,0.000496357
1237,34,0.000800693
1237,35,0.000174644
1237,36,1.14397e-05
1238,31,4.4361e-06
1238,32,7.91507e-05
1238,33,0.00048754
1238,34,0.000807893
1238,35,0.000181157
1238,36,1.2252e-05
1239,31,4.0842e-06
1239,32,7.57796e-05
1239,33,0.000478651
1239,34,0.00081471
1239,35,0.000187836
1239,36,1.30566e-05
1239,37,1e-08
1240,31,3.79079e-06
1240,32,7.25412e-05
1240,33,0.000469738
1240,34,0.000821172
1240,35,0.000194675
1240,36,1.39273e-05
1241,31,3.56866e-06
1241,32,6.9406e-05
1241,33,0.00046076
1241,34,0.0008272
1241,35,0.000201764
1241,36,1.48337e-05
1241,37,1e-08
1242,31,3.35039e-06
1242,32,6.63886e-05
1242,33,0.000451697
1242,34,0.000833024
1242,35,0.000208915
1242,36,1.57566e-05
1242,37,2e-08
1243,31,3.15516e-06
1243,32,6.34362e-05
1243,33,0.000442668
1243,34,0.000838428
1243,35,0.000216204
1243,36,1.67874e-05
1243,37,2e-08
1244,31,2.91226e-06
1244,32,6.06371e-05
1244,33,0.0004336
1244,34,0.000843582
1244,35,0.000223529
1244,36,1.79298e-05
1244,37,4e-08
1245,31,2.72102e-06
1245,32,5.79486e-05
1245,33,0.000424523
1245,34,0.000848279
1245,35,0.000231104
1245,36,1.90811e-05
1245,37,1e-08
1246,31,2.5208e-06
1246,32,5.53373e-05
1246,33,0.000415475
1246,34,0.000852562
1246,35,0.000238781
1246,36,2.03802e-05
1246,37,1e-08
1247,31,2.33098e-06
1247,32,5.27919e-05
1247,33,0.000406483
1247,34,0.000856434
1247,35,0.000246705
1247,36,2.16024e-05
1247,37,3e-08
1248,31,2.15099e-06
1248,32,5.03705e-05
1248,33,0.000397435
1248,34,0.00085995
1248,35,0.000254677
1248,36,2.29834e-05
1248,37,2e-08
1249,31,2.00029e-06
1249,32,4.80394e-05
1249,33,0.000388449
1249,34,0.000863114
1249,35,0.000262781
1249,36,2.43982e-05
1249,37,3e-08
1250,31,1.84888e-06
1250,32,4.57771e-05
1250,33,0.000379523
1250,34,0.000865841
1250,35,0.000270993
1250,36,2.58613e-05
1250,37,5e-08
1251,31,1.69187e-06
1251,32,4.36523e-05
1251,33,0.000370573
1251,34,0.000868276
1251,35,0.000279319
1251,36,2.74443e-05
1251,37,9e-08
1252,31,1.56222e-06
1252,32,4.16011e-05
1252,33,0.000361677
1252,34,0.000870187
1252,35,0.000287734
1252,36,2.91413e-05
1252,37,1.4e-07
1253,31,1.49951e-06
1253,32,3.96222e-05
1253,33,0.000352883
1253,34,0.00087168
1253,35,0.000296364
1253,36,3.09816e-05
1253,37,1.5e-07
1254,31,1.35333e-06
1254,32,3.77233e-05
1254,33,0.000344126
1254,34,0.000872801
1254,35,0.000305025
1254,36,3.28123e-05
1254,37,1.78545e-07
1255,31,1.2833e-06
1255,32,3.5891e-05
1255,33,0.000335412
1255,34,0.000873511
1255,35,0.000313891
1255,36,3.47275e-05
1255,37,2.28479e-07
1256,31,1.14906e-06
1256,32,3.41431e-05
1256,33,0.000326749
1256,34,0.000873767
1256,35,0.000322721
1256,36,3.67402e-05
1256,37,2.79126e-07
1257,31,1.08105e-06
1257,32,3.24768e-05
1257,33,0.000318264
1257,34,0.000873558
1257,35,0.000331697
1257,36,3.88238e-05
1257,37,3.3053e-07
1258,31,1.00593e-06
1258,32,3.08305e-05
1258,33,0.000309778
1258,34,0.000873024
1258,35,0.000340814
1258,36,4.09803e-05
1258,37,3.32742e-07
1259,31,9.35713e-07
1259,32,2.92919e-05
1259,33,0.00030147
1259,34,0.000871977
1259,35,0.000350055
1259,36,4.32415e-05
1259,37,3.65813e-07
1260,31,8.43526e-07
1260,32,2.78194e-05
1260,33,0.000293193
1260,34,0.000870567
1260,35,0.000359277
1260,36,4.55809e-05
1260,37,4.10551e-07
1261,31,7.59056e-07
1261,32,2.63722e-05
1261,33,0.000285033
1261,34,0.000868706
1261,35,0.000368608
1261,36,4.80506e-05
1261,37,4.34547e-07
1262,31,7.282e-07
1262,32,2.49889e-05
1262,33,0.000277004
1262,34,0.000866436
1262,35,0.000377913
1262,36,5.0655e-05
1262,37,5.00199e-07
1263,31,6.90735e-07
1263,32,2.37245e-05
1263,33,0.00026907
1263,34,0.000863722
1263,35,0.000387372
1263,36,5.33387e-05
1263,37,5.88352e-07
1264,31,6.61351e-07
1264,32,2.25172e-05
1264,33,0.000261235
1264,34,0.000860647
1264,35,0.00039681
1264,36,5.61633e-05
1264,37,6.38422e-07
1265,31,6.18267e-07
1265,32,2.13844e-05
1265,33,0.000253564
1265,34,0.000857134
1265,35,0.000406238
1265,36,5.91435e-05
1265,37,7.10529e-07
1266,31,5.481e-07
1266,32,2.02746e-05
1266,33,0.000245958
1266,34,0.0008533
1266,35,0.000415687
1266,36,6.22241e-05
1266,37,8.65523e-07
1267,31,4.94748e-07
1267,32,1.91991e-05
1267,33,0.000238472
1267,34,0.000849038
1267,35,0.000425227
1267,36,6.53876e-05
1267,37,9.80097e-07
1268,31,4.76833e-07
1268,32,1.81633e-05
1268,33,0.000231169
1268,34,0.000844376
1268,35,0.000434762
1268,36,6.86551e-05
1268,37,1.12835e-06
1269,31,4.20835e-07
1269,32,1.71952e-05
1269,33,0.00022391
1269,34,0.00083936
1269,35,0.000444303
1269,36,7.21586e-05
1269,37,1.19909e-06
1270,31,3.50701e-07
1270,32,1.6226e-05
1270,33,0.000216851
1270,34,0.000834048
1270,35,0.000453751
1270,36,7.57165e-05
1270,37,1.34381e-06
1271,31,2.95224e-07
1271,32,1.53633e-05
1271,33,0.00020987
1271,34,0.000828305
1271,35,0.000463284
1271,36,7.93781e-05
1271,37,1.48255e-06
1272,31,2.60825e-07
1272,32,1.45322e-05
1272,33,0.000203043
1272,34,0.000822161
1272,35,0.000472716
1272,36,8.3295e-05
1272,37,1.61843e-06
1273,31,2.47434e-07
1273,32,1.37617e-05
1273,33,0.00019638
1273,34,0.000815745
1273,35,0.000482096
1273,36,8.73156e-05
1273,37,1.76046e-06
1274,31,2.24986e-07
1274,32,1.30036e-05
1274,33,0.000189831
1274,34,0.000808995
1274,35,0.000491344
1274,36,9.15911e-05
1274,37,1.83968e-06
1275,31,1.73417e-07
1275,32,1.22726e-05
1275,33,0.000183468
1275,34,0.00080185
1275,35,0.000500799
1275,36,9.57494e-05
1275,37,2.03649e-06
1276,31,1.82669e-07
1276,32,1.15778e-05
1276,33,0.000177222
1276,34,0.000794461
1276,35,0.000509914
1276,36,0.000100301
1276,37,2.2127e-06
1277,31,1.52688e-07
1277,32,1.08623e-05
1277,33,0.000171112
1277,34,0.000786717
1277,35,0.000519116
1277,36,0.000104861
1277,37,2.44814e-06
1278,31,1.43422e-07
1278,32,1.02508e-05
1278,33,0.000165091
1278,34,0.00077879
1278,35,0.000528138
1278,36,0.000109644
1278,37,2.66215e-06
1279,31,1.54823e-07
1279,32,9.65089e-06
1279,33,0.000159232
1279,34,0.000770499
1279,35,0.000537207
1279,36,0.000114535
1279,37,2.89764e-06
1280,31,1.3e-07
1280,32,9.09114e-06
1280,33,0.000153513
1280,34,0.000761965
1280,35,0.000546085
1280,36,0.000119527
1280,37,3.21193e-06
1281,31,1.9e-07
1281,32,8.56428e-06
1281,33,0.000147933
1281,34,0.000753191
1281,35,0.000554702
1281,36,0.000124877
1281,37,3.51004e-06
1282,31,2.40031e-07
1282,32,8.0654e-06
1282,33,0.000142533
1282,34,0.000744187
1282,35,0.000563256
1282,36,0.000130308
1282,37,3.87594e-06
1283,31,2.21556e-07
1283,32,7.68207e-06
1283,33,0.0001373
1283,34,0.000734924
1283,35,0.000571565
1283,36,0.000135966
1283,37,4.21925e-06
1284,31,2.0444e-07
1284,32,7.23378e-06
1284,33,0.000132161
1284,34,0.000725326
1284,35,0.000579972
1284,36,0.000141707
1284,37,4.48956e-06
1285,31,1.9e-07
1285,32,6.80927e-06
1285,33,0.000127188
1285,34,0.000715586
1285,35,0.000588157
1285,36,0.000147599
1285,37,4.8184e-06
1286,31,2.01439e-07
1286,32,6.38747e-06
1286,33,0.00012236
1286,34,0.000705565
1286,35,0.000596241
1286,36,0.000153653
1286,37,5.18669e-06
1287,31,1.8e-07
1287,32,5.9973e-06
1287,33,0.000117666
1287,34,0.000695435
1287,35,0.000603984
1287,36,0.000159999
1287,37,5.57349e-06
1288,31,1.4e-07
1288,32,5.62935e-06
1288,33,0.000113083
1288,34,0.00068514
1288,35,0.000611695
1288,36,0.000166375
1288,37,5.96163e-06
1289,31,1.2e-07
1289,32,5.28599e-06
1289,33,0.000108626
1289,34,0.000674771
1289,35,0.000619016
1289,36,0.000173014
1289,37,6.4015e-06
1290,31,1.2e-07
1290,32,4.97159e-06
1290,33,0.000104326
1290,34,0.00066408
1290,35,0.000626376
1290,36,0.000179682
1290,37,6.95481e-06
1291,31,1.1e-07
1291,32,4.71689e-06
1291,33,0.00010014
1291,34,0.000653381
1291,35,0.000633359
1291,36,0.000186664
1291,37,7.50517e-06
1292,31,1.1e-07
1292,32,4.49793e-06
1292,33,9.60403e-05
1292,34,0.000642466
1292,35,0.000640192
1292,36,0.000193865
1292,37,7.9413e-06
1293,31,7e-08
1293,32,4.23294e-06
1293,33,9.21141e-05
1293,34,0.000631477
1293,35,0.000646778
1293,36,0.000201206
1293,37,8.4438e-06
1294,31,8e-08
1294,32,4.00575e-06
1294,33,8.82969e-05
1294,34,0.000620437
1294,35,0.000653159
1294,36,0.000208638
1294,37,8.95389e-06
1295,31,6e-08
1295,32,3.72117e-06
1295,33,8.45828e-05
1295,34,0.000609298
1295,35,0.000659235
1295,36,0.000216285
1295,37,9.60464e-06
1296,31,3e-08
1296,32,3.42565e-06
1296,33,8.08744e-05
1296,34,0.000598121
1296,35,0.00066496
1296,36,0.00022423
1296,37,1.03092e-05
1297,31,2e-08
1297,32,3.28951e-06
1297,33,7.73916e-05
1297,34,0.00058674
1297,35,0.000670573
1297,36,0.000232204
1297,37,1.09668e-05
1298,31,1e-08
1298,32,3.07311e-06
1298,33,7.41036e-05
1298,34,0.000575317
1298,35,0.00067591
1298,36,0.000240424
1298,37,1.17318e-05
1299,31,1e-08
1299,32,2.8337e-06
1299,33,7.09011e-05
1299,34,0.000563997
1299,35,0.000680863
1299,36,0.000248838
1299,37,1.25934e-05
1299,38,1e-08
1300,31,2e-08
1300,32,2.61019e-06
1300,33,6.77453e-05
1300,34,0.000552647
1300,35,0.000685484
1300,36,0.000257417
1300,37,1.33961e-05
1300,38,3e-08
1301,31,2e-08
1301,32,2.43087e-06
1301,33,6.46881e-05
1301,34,0.000541277
1301,35,0.000689917
1301,36,0.000266119
1301,37,1.42975e-05
1301,38,3e-08
1302,31,1e-08
1302,32,2.22165e-06
1302,33,6.17927e-05
1302,34,0.000529835
1302,35,0.000693966
1302,36,0.000275039
1302,37,1.52332e-05
1302,38,5e-08
1303,32,2.07239e-06
1303,33,5.89706e-05
1303,34,0.000518486
1303,35,0.000697586
1303,36,0.000284236
1303,37,1.62857e-05
1303,38,5e-08
1304,32,1.99092e-06
1304,33,5.63398e-05
1304,34,0.000507077
1304,35,0.000700992
1304,36,0.000293491
1304,37,1.73267e-05
1304,38,7e-08
1305,32,1.9388e-06
1305,33,5.37465e-05
1305,34,0.000495643
1305,35,0.000704228
1305,36,0.000302828
1305,37,1.84882e-05
1305,38,1.2e-07
1306,32,1.81889e-06
1306,33,5.12684e-05
1306,34,0.000484305
1306,35,0.000706881
1306,36,0.000312471
1306,37,1.9729e-05
1306,38,1.2878e-07
1307,32,1.75072e-06
1307,33,4.88731e-05
1307,34,0.000472972
1307,35,0.000709415
1307,36,0.00032224
1307,37,2.09836e-05
1307,38,1.58214e-07
1308,32,1.67026e-06
1308,33,4.6589e-05
1308,34,0.000461783
1308,35,0.000711648
1308,36,0.000332
1308,37,2.23339e-05
1308,38,1.88347e-07
1309,32,1.61604e-06
1309,33,4.44134e-05
1309,34,0.000450601
1309,35,0.000713468
1309,36,0.000342063
1309,37,2.36579e-05
1309,38,1.79226e-07
1310,32,1.43846e-06
1310,33,4.2316e-05
1310,34,0.000439508
1310,35,0.00071496
1310,36,0.000352187
1310,37,2.51196e-05
1310,38,1.80902e-07
1311,32,1.38157e-06
1311,33,4.03086e-05
1311,34,0.000428513
1311,35,0.000716194
1311,36,0.000362415
1311,37,2.66343e-05
1311,38,1.73427e-07
1312,32,1.35456e-06
1312,33,3.83624e-05
1312,34,0.000417584
1312,35,0.000717067
1312,36,0.000372751
1312,37,2.82127e-05
1312,38,1.96859e-07
1313,32,1.23654e-06
1313,33,3.65342e-05
1313,34,0.000406649
1313,35,0.000717558
1313,36,0.000383308
1313,37,2.99029e-05
1313,38,2.41258e-07
1314,32,1.13909e-06
1314,33,3.47235e-05
1314,34,0.000395897
1314,35,0.000717686
1314,36,0.000393962
1314,37,3.16697e-05
1314,38,2.36685e-07
1315,32,1.09665e-06
1315,33,3.29434e-05
1315,34,0.000385283
1315,35,0.000717582
1315,36,0.000404618
1315,37,3.35433e-05
1315,38,2.5321e-07
1316,32,1.03445e-06
1316,33,3.13666e-05
1316,34,0.000374799
1316,35,0.000717055
1316,36,0.000415394
1316,37,3.55387e-05
1316,38,2.90901e-07
1317,32,1.00108e-06
1317,33,2.9778e-05
1317,34,0.000364413
1317,35,0.000716186
1317,36,0.000426293
1317,37,3.75779e-05
1317,38,3.3059e-07
1318,32,9.34627e-07
1318,33,2.82096e-05
1318,34,0.000354185
1318,35,0.000714916
1318,36,0.000437279
1318,37,3.97463e-05
1318,38,3.51652e-07
1319,32,8.46686e-07
1319,33,2.68188e-05
1319,34,0.000344157
1319,35,0.000713436
1319,36,0.000448184
1319,37,4.20315e-05
1319,38,4.04174e-07
1320,32,7.80188e-07
1320,33,2.54763e-05
1320,34,0.000334235
1320,35,0.00071153
1320,36,0.000459356
1320,37,4.42561e-05
1320,38,4.38249e-07
1321,32,5.74086e-07
1321,33,2.41663e-05
1321,34,0.000324384
1321,35,0.000709299
1321,36,0.00047057
1321,37,4.6733e-05
1321,38,5.3471e-07
1322,32,5.3972e-07
1322,33,2.30136e-05
1322,34,0.000314771
1322,35,0.000706806
1322,36,0.000481697
1322,37,4.92542e-05
1322,38,5.12971e-07
1323,32,4.76984e-07
1323,33,2.17522e-05
1323,34,0.00030542
1323,35,0.000703895
1323,36,0.000492924
1323,37,5.18378e-05
1323,38,5.83873e-07
1324,32,4.25775e-07
1324,33,2.06968e-05
1324,34,0.000296074
1324,35,0.00070085
1324,36,0.000504084
1324,37,5.4575e-05
1324,38,6.0685e-07
1325,32,4.15998e-07
1325,33,1.95629e-05
1325,34,0.000286857
1325,35,0.000697355
1325,36,0.000515434
1325,37,5.73995e-05
1325,38,6.62027e-07
1326,32,4.17564e-07
1326,33,1.85185e-05
1326,34,0.000277811
1326,35,0.000693575
1326,36,0.000526647
1326,37,6.0425e-05
1326,38,6.59534e-07
1327,32,3.90986e-07
1327,33,1.75091e-05
1327,34,0.000268989
1327,35,0.000689444
1327,36,0.00053795
1327,37,6.34795e-05
1327,38,7.09509e-07
1328,32,3.56229e-07
1328,33,1.66622e-05
1328,34,0.000260351
1328,35,0.000684999
1328,36,0.000549274
1328,37,6.66649e-05
1328,38,8.52808e-07
1329,32,3.53176e-07
1329,33,1.58261e-05
1329,34,0.000251781
1329,35,0.000680376
1329,36,0.000560519
1329,37,7.0019e-05
1329,38,9.18918e-07
1330,32,3.15616e-07
1330,33,1.50701e-05
1330,34,0.000243432
1330,35,0.000675451
1330,36,0.000571653
1330,37,7.34966e-05
1330,38,1.048e-06
1331,32,2.32711e-07
1331,33,1.4252e-05
1331,34,0.000235295
1331,35,0.000670219
1331,36,0.000582742
1331,37,7.71414e-05
1331,38,1.13023e-06
1332,32,2.10706e-07
1332,33,1.3426e-05
1332,34,0.00022732
1332,35,0.000664709
1332,36,0.000593754
1332,37,8.09622e-05
1332,38,1.16271e-06
1333,32,1.79543e-07
1333,33,1.27032e-05
1333,34,0.000219518
1333,35,0.000658977
1333,36,0.000604719
1333,37,8.48183e-05
1333,38,1.28914e-06
1334,32,1.79166e-07
1334,33,1.196e-05
1334,34,0.000211862
1334,35,0.00065286
1334,36,0.000615843
1334,37,8.873e-05
1334,38,1.48973e-06
1335,32,1.49524e-07
1335,33,1.1308e-05
1335,34,0.00020442
1335,35,0.000646579
1335,36,0.000626731
1335,37,9.2845e-05
1335,38,1.59471e-06
1336,32,1.30566e-07
1336,33,1.05647e-05
1336,34,0.000197185
1336,35,0.00064011
1336,36,0.000637346
1336,37,9.72086e-05
1336,38,1.7011e-06
1337,32,1.02249e-07
1337,33,9.99337e-06
1337,34,0.000190061
1337,35,0.000633281
1337,36,0.000648093
1337,37,0.000101636
1337,38,1.81279e-06
1338,32,1.1e-07
1338,33,9.40115e-06
1338,34,0.000183154
1338,35,0.000626273
1338,36,0.000658646
1338,37,0.000106198
1338,38,2.02005e-06
1339,32,1.01662e-07
1339,33,8.73676e-06
1339,34,0.000176411
1339,35,0.000619043
1339,36,0.000669009
1339,37,0.000110852
1339,38,2.28649e-06
1340,32,9e-08
1340,33,8.2187e-06
1340,34,0.000169865
1340,35,0.000611671
1340,36,0.00067911
1340,37,0.000115761
1340,38,2.42255e-06
1341,32,6e-08
1341,33,7.68739e-06
1341,34,0.000163473
1341,35,0.000603985
1341,36,0.000689086
1341,37,0.000120872
1341,38,2.61675e-06
1342,32,7e-08
1342,33,7.14034e-06
1342,34,0.000157247
1342,35,0.000596327
1342,36,0.000698823
1342,37,0.000125968
1342,38,2.93737e-06
1343,32,9e-08
1343,33,6.6954e-06
1343,34,0.000151287
1343,35,0.000588433
1343,36,0.00070834
1343,37,0.000131314
1343,38,3.24301e-06
1344,32,7e-08
1344,33,6.29446e-06
1344,34,0.000145459
1344,35,0.000580303
1344,36,0.000717794
1344,37,0.000136796
1344,38,3.42142e-06
1345,32,1e-07
1345,33,5.8646e-06
1345,34,0.000139758
1345,35,0.000572059
1345,36,0.000727035
1345,37,0.000142454
1345,38,3.70132e-06
1346,32,1.4e-07
1346,33,5.43888e-06
1346,34,0.000134306
1346,35,0.00056368
1346,36,0.00073594
1346,37,0.000148303
1346,38,4.01582e-06
1347,32,1.29071e-07
1347,33,5.0543e-06
1347,34,0.000128911
1347,35,0.000555205
1347,36,0.000744548
1347,37,0.000154301
1347,38,4.32436e-06
1348,32,1.18959e-07
1348,33,4.75765e-06
1348,34,0.000123759
1348,35,0.000546544
1348,36,0.000752825
1348,37,0.000160519
1348,38,4.76887e-06
1349,32,1.09607e-07
1349,33,4.55686e-06
1349,34,0.000118745
1349,35,0.000537767
1349,36,0.00076096
1349,37,0.000166861
1349,38,5.18759e-06
1350,32,1.00959e-07
1350,33,4.26443e-06
1350,34,0.000113794
1350,35,0.000528954
1350,36,0.000768803
1350,37,0.000173268
1350,38,5.68849e-06
1350,39,1e-08
1351,32,1.4e-07
1351,33,4.01042e-06
1351,34,0.00010903
1351,35,0.000520157
1351,36,0.000776323
1351,37,0.000179843
1351,38,6.15509e-06
1351,39,1e-08
1352,32,1.28877e-07
1352,33,3.78327e-06
1352,34,0.000104518
1352,35,0.000511149
1352,36,0.000783619
1352,37,0.000186519
1352,38,6.69428e-06
1353,32,1.18602e-07
1353,33,3.54032e-06
1353,34,0.000100077
1353,35,0.000502015
1353,36,0.000790593
1353,37,0.00019344
1353,38,7.25167e-06
1354,32,1.09115e-07
1354,33,3.31606e-06
1354,34,9.58416e-05
1354,35,0.000492786
1354,36,0.000797293
1354,37,0.000200501
1354,38,7.7139e-06
1355,32,1.00356e-07
1355,33,3.13665e-06
1355,34,9.16939e-05
1355,35,0.00048357
1355,36,0.000803591
1355,37,0.000207789
1355,38,8.2809e-06
1356,32,1.2e-07
1356,33,2.8724e-06
1356,34,8.7735e-05
1356,35,0.000474267
1356,36,0.000809598
1356,37,0.000215206
1356,38,8.86025e-06
1357,32,1.10302e-07
1357,33,2.73133e-06
1357,34,8.39439e-05
1357,35,0.000464896
1357,36,0.000815275
1357,37,0.00022277
1357,38,9.4669e-06
1358,32,1.01359e-07
1358,33,2.56914e-06
1358,34,8.01807e-05
1358,35,0.000455537
1358,36,0.000820513
1358,37,0.000230477
1358,38,1.02107e-05
1359,32,1.1e-07
1359,33,2.28283e-06
1359,34,7.66166e-05
1359,35,0.00044624
1359,36,0.000825386
1359,37,0.000238326
1359,38,1.09167e-05
1360,32,1.01022e-07
1360,33,2.26892e-06
1360,34,7.32041e-05
1360,35,0.0004368
1360,36,0.000830015
1360,37,0.000246274
1360,38,1.16845e-05
1361,32,7e-08
1361,33,2.08736e-06
1361,34,6.98755e-05
1361,35,0.000427471
1361,36,0.000834215
1361,37,0.000254338
1361,38,1.2424e-05
1362,32,9e-08
1362,33,1.9537e-06
1362,34,6.67437e-05
1362,35,0.000418129
1362,36,0.000837999
1362,37,0.000262572
1362,38,1.32628e-05
1363,32,7e-08
1363,33,1.78754e-06
1363,34,6.36283e-05
1363,35,0.000408731
1363,36,0.000841452
1363,37,0.000271006
1363,38,1.41031e-05
1364,32,8e-08
1364,33,1.69923e-06
1364,34,6.06985e-05
1364,35,0.000399499
1364,36,0.000844468
1364,37,0.000279477
1364,38,1.50654e-05
1365,32,8e-08
1365,33,1.63338e-06
1365,34,5.79595e-05
1365,35,0.0003903
1365,36,0.000846993
1365,37,0.000288278
1365,38,1.60023e-05
1366,32,3e-08
1366,33,1.51613e-06
1366,34,5.52289e-05
1366,35,0.00038099
1366,36,0.000849162
1366,37,0.00029716
1366,38,1.69918e-05
1366,39,1e-08
1367,32,5e-08
1367,33,1.44907e-06
1367,34,5.25828e-05
1367,35,0.000371888
1367,36,0.000850963
1367,37,0.000306109
1367,38,1.80285e-05
1367,39,2e-08
1368,32,7e-08
1368,33,1.3519e-06
1368,34,5.00642e-05
1368,35,0.000362756
1368,36,0.000852353
1368,37,0.000315217
1368,38,1.90748e-05
1368,39,4e-08
1369,32,6e-08
1369,33,1.2502e-06
1369,34,4.75164e-05
1369,35,0.000353676
1369,36,0.00085337
1369,37,0.000324342
1369,38,2.02225e-05
1369,39,4e-08
1370,32,4e-08
1370,33,1.11633e-06
1370,34,4.52772e-05
1370,35,0.000344703
1370,36,0.000853942
1370,37,0.000333568
1370,38,2.14843e-05
1370,39,3e-08
1371,32,5e-08
1371,33,1.00125e-06
1371,34,4.30657e-05
1371,35,0.000335754
1371,36,0.000854199
1371,37,0.000342926
1371,38,2.27822e-05
1371,39,4e-08
1372,32,7e-08
1372,33,9.70325e-07
1372,34,4.09541e-05
1372,35,0.000326976
1372,36,0.000853839
1372,37,0.000352371
1372,38,2.42548e-05
1372,39,5e-08
1373,32,9e-08
1373,33,9.03304e-07
1373,34,3.88311e-05
1373,35,0.000318064
1373,36,0.000853245
1373,37,0.000361927
1373,38,2.57102e-05
1373,39,1.2e-07
1374,32,8e-08
1374,33,8.19957e-07
1374,34,3.68004e-05
1374,35,0.000309379
1374,36,0.000852165
1374,37,0.000371549
1374,38,2.72851e-05
1374,39,1.2e-07
1375,32,8e-08
1375,33,7.40066e-07
1375,34,3.49387e-05
1375,35,0.000300802
1375,36,0.000850693
1375,37,0.000381337
1375,38,2.89361e-05
1375,39,1.8e-07
1376,32,5e-08
1376,33,6.63425e-07
1376,34,3.32041e-05
1376,35,0.000292439
1376,36,0.00084876
1376,37,0.000391148
1376,38,3.05748e-05
1376,39,1.88225e-07
1377,32,4e-08
1377,33,6.29838e-07
1377,34,3.15716e-05
1377,35,0.000284163
1377,36,0.000846569
1377,37,0.000400952
1377,38,3.2403e-05
1377,39,1.77017e-07
1378,32,2e-08
1378,33,5.79119e-07
1378,34,2.99544e-05
1378,35,0.000275954
1378,36,0.000843813
1378,37,0.000410931
1378,38,3.42353e-05
1378,39,1.96411e-07
1379,32,2e-08
1379,33,5.31095e-07
1379,34,2.82818e-05
1379,35,0.000267891
1379,36,0.000840626
1379,37,0.00042104
1379,38,3.60704e-05
1379,39,1.66445e-07
1380,32,3e-08
1380,33,5.05599e-07
1380,34,2.6884e-05
1380,35,0.000259906
1380,36,0.000837224
1380,37,0.000430953
1380,38,3.80401e-05
1380,39,1.87158e-07
1381,32,3e-08
1381,33,4.82476e-07
1381,34,2.55154e-05
1381,35,0.000252094
1381,36,0.000833271
1381,37,0.000441014
1381,38,4.00085e-05
1381,39,2.4859e-07
1382,32,4e-08
1382,33,4.41578e-07
1382,34,2.41648e-05
1382,35,0.000244358
1382,36,0.000829093
1382,37,0.00045099
1382,38,4.21953e-05
1382,39,2.9151e-07
1383,32,4e-08
1383,33,4.02766e-07
1383,34,2.28332e-05
1383,35,0.000236762
1383,36,0.000824495
1383,37,0.000461029
1383,38,4.44958e-05
1383,39,3.46005e-07
1384,32,4e-08
1384,33,3.6591e-07
1384,34,2.1635e-05
1384,35,0.000229302
1384,36,0.000819575
1384,37,0.000471011
1384,38,4.67446e-05
1384,39,3.41456e-07
1385,32,6e-08
1385,33,3.30884e-07
1385,34,2.04942e-05
1385,35,0.000221945
1385,36,0.00081429
1385,37,0.000481027
1385,38,4.91496e-05
1385,39,4.47918e-07
1386,32,3e-08
1386,33,2.87696e-07
1386,34,1.93523e-05
1386,35,0.000214796
1386,36,0.000808497
1386,37,0.000491109
1386,38,5.17511e-05
1386,39,4.46157e-07
1387,32,4e-08
1387,33,2.53275e-07
1387,34,1.82349e-05
1387,35,0.000207766
1387,36,0.000802525
1387,37,0.000501038
1387,38,5.42659e-05
1387,39,5.35575e-07
1388,32,4e-08
1388,33,2.39852e-07
1388,34,1.71685e-05
1388,35,0.000200875
1388,36,0.000796192
1388,37,0.000510934
1388,38,5.69643e-05
1388,39,6.26936e-07
1389,32,6e-08
1389,33,2.37362e-07
1389,34,1.62724e-05
1389,35,0.000194156
1389,36,0.000789548
1389,37,0.000520866
1389,38,5.97487e-05
1389,39,6.57303e-07
1390,32,3e-08
1390,33,2.15745e-07
1390,34,1.54304e-05
1390,35,0.000187549
1390,36,0.00078262
1390,37,0.000530694
1390,38,6.25442e-05
1390,39,7.30281e-07
1391,32,3e-08
1391,33,2.34942e-07
1391,34,1.45075e-05
1391,35,0.000181084
1391,36,0.00077535
1391,37,0.000540438
1391,38,6.55188e-05
1391,39,7.85331e-07
1392,32,2e-08
1392,33,2.54901e-07
1392,34,1.37081e-05
1392,35,0.000174796
1392,36,0.000767837
1392,37,0.000550108
1392,38,6.84349e-05
1392,39,8.33933e-07
1393,32,4e-08
1393,33,2.35859e-07
1393,34,1.29322e-05
1393,35,0.0001686
1393,36,0.000760081
1393,37,0.000559573
1393,38,7.17109e-05
1393,39,9.56283e-07
1394,32,2e-08
1394,33,2.18172e-07
1394,34,1.22703e-05
1394,35,0.000162571
1394,36,0.000752023
1394,37,0.000569011
1394,38,7.50336e-05
1394,39,1.11124e-06
1395,32,4e-08
1395,33,1.72892e-07
1395,34,1.15238e-05
1395,35,0.000156741
1395,36,0.000743654
1395,37,0.000578282
1395,38,7.86531e-05
1395,39,1.16631e-06
1396,32,3e-08
1396,33,1.6e-07
1396,34,1.0856e-05
1396,35,0.000150988
1396,36,0.000734915
1396,37,0.000587587
1396,38,8.22491e-05
1396,39,1.25606e-06
1397,32,5e-08
1397,33,1.9e-07
1397,34,1.01002e-05
1397,35,0.000145488
1397,36,0.000725999
1397,37,0.000596686
1397,38,8.593e-05
1397,39,1.38073e-06
1398,32,6e-08
1398,33,1.6858e-07
1398,34,9.5698e-06
1398,35,0.000140049
1398,36,0.000716878
1398,37,0.000605619
1398,38,8.97861e-05
1398,39,1.48057e-06
1399,32,3e-08
1399,33,1.3799e-07
1399,34,8.99075e-06
1399,35,0.000134784
1399,36,0.000707563
1399,37,0.000614424
1399,38,9.36694e-05
1399,39,1.59522e-06
1400,32,4e-08
1400,33,1.28174e-07
1400,34,8.35586e-06
1400,35,0.000129849
1400,36,0.000698035
1400,37,0.000623093
1400,38,9.76277e-05
1400,39,1.6162e-06
1401,32,3e-08
1401,33,1.09078e-07
1401,34,7.74996e-06
1401,35,0.000124856
1401,36,0.000688427
1401,37,0.000631425
1401,38,0.000101813
1401,39,1.77386e-06
1402,32,4e-08
1402,33,1.00651e-07
1402,34,7.34184e-06
1402,35,0.000120023
1402,36,0.00067852
1402,37,0.000639629
1402,38,0.000106081
1402,39,2.07724e-06
1403,32,5e-08
1403,33,9e-08
1403,34,6.88871e-06
1403,35,0.000115373
1403,36,0.000668527
1403,37,0.000647625
1403,38,0.000110509
1403,39,2.31322e-06
1404,32,5e-08
1404,33,9e-08
1404,34,6.49939e-06
1404,35,0.000110767
1404,36,0.000658269
1404,37,0.000655544
1404,38,0.000114966
1404,39,2.46646e-06
1405,32,4e-08
1405,33,9e-08
1405,34,6.16737e-06
1405,35,0.000106347
1405,36,0.000647951
1405,37,0.000663158
1405,38,0.000119647
1405,39,2.69857e-06
1406,32,2e-08
1406,33,4e-08
1406,34,5.80073e-06
1406,35,0.000102061
1406,36,0.000637603
1406,37,0.000670447
1406,38,0.000124447
1406,39,2.91998e-06
1407,32,1e-08
1407,33,3e-08
1407,34,5.42466e-06
1407,35,9.78852e-05
1407,36,0.000627015
1407,37,0.00067768
1407,38,0.000129325
1407,39,3.15053e-06
1408,32,1e-08
1408,33,3e-08
1408,34,5.06893e-06
1408,35,9.38601e-05
1408,36,0.000616393
1408,37,0.000684581
1408,38,0.000134348
1408,39,3.473e-06
1409,32,2e-08
1409,33,5e-08
1409,34,4.69713e-06
1409,35,8.9983e-05
1409,36,0.000605657
1409,37,0.00069126
1409,38,0.000139556
1409,39,3.68047e-06
1410,32,1e-08
1410,33,2e-08
1410,34,4.38261e-06
1410,35,8.6227e-05
1410,36,0.000594808
1410,37,0.0006977
1410,38,0.000144793
1410,39,4.01546e-06
1411,32,1e-08
1411,33,2e-08
1411,34,4.09447e-06
1411,35,8.25942e-05
1411,36,0.00058391
1411,37,0.000703883
1411,38,0.000150247
1411,39,4.29607e-06
1412,32,1e-08
1412,33,5e-08
1412,34,3.83188e-06
1412,35,7.91331e-05
1412,36,0.000573034
1412,37,0.000709702
1412,38,0.00015574
1412,39,4.67325e-06
1413,32,2e-08
1413,33,7e-08
1413,34,3.60402e-06
1413,35,7.56615e-05
1413,36,0.000562089
1413,37,0.000715227
1413,38,0.000161457
1413,39,5.06372e-06
1414,32,1e-08
1414,33,7e-08
1414,34,3.38013e-06
1414,35,7.23999e-05
1414,36,0.000551067
1414,37,0.000720504
1414,38,0.000167341
1414,39,5.36141e-06
1415,32,1e-08
1415,33,1.3e-07
1415,34,3.14947e-06
1415,35,6.92421e-05
1415,36,0.00054001
1415,37,0.000725515
1415,38,0.000173317
1415,39,5.65709e-06
1415,40,1e-08
1416,32,1e-08
1416,33,1.19469e-07
1416,34,2.94133e-06
1416,35,6.62194e-05
1416,36,0.00052899
1416,37,0.000730094
1416,38,0.000179482
1416,39,6.08095e-06
1416,40,1e-08
1417,33,1.09761e-07
1417,34,2.72504e-06
1417,35,6.32927e-05
1417,36,0.000517975
1417,37,0.000734496
1417,38,0.000185559
1417,39,6.51377e-06
1417,40,1e-08
1418,33,1.00813e-07
1418,34,2.56995e-06
1418,35,6.05051e-05
1418,36,0.000506945
1418,37,0.000738605
1418,38,0.000191818
1418,39,6.97694e-06
1418,40,2e-08
1419,33,1.1e-07
1419,34,2.41546e-06
1419,35,5.77881e-05
1419,36,0.000495873
1419,37,0.000742476
1419,38,0.000198227
1419,39,7.39132e-06
1419,40,3e-08
1420,33,1.00977e-07
1420,34,2.26098e-06
1420,35,5.50863e-05
1420,36,0.000484837
1420,37,0.000745996
1420,38,0.000204776
1420,39,7.90665e-06
1420,40,2e-08
1421,33,1.8e-07
1421,34,2.08596e-06
1421,35,5.25126e-05
1421,36,0.000473898
1421,37,0.000749181
1421,38,0.000211348
1421,39,8.47435e-06
1421,40,1e-08
1422,33,1.65144e-07
1422,34,1.94987e-06
1422,35,5.00726e-05
1422,36,0.000462994
1422,37,0.000752106
1422,38,0.000218027
1422,39,9.03376e-06
1423,33,1.51473e-07
1423,34,1.8322e-06
1423,35,4.76659e-05
1423,36,0.000452163
1423,37,0.000754649
1423,38,0.000224889
1423,39,9.6778e-06
1423,40,1e-08
1424,33,1.38897e-07
1424,34,1.72248e-06
1424,35,4.54306e-05
1424,36,0.000441415
1424,37,0.000756686
1424,38,0.000232053
1424,39,1.02991e-05
1424,40,1e-08
1425,33,1.2733e-07
1425,34,1.65026e-06
1425,35,4.33189e-05
1425,36,0.000430726
1425,37,0.000758535
1425,38,0.000239064
1425,39,1.10431e-05
1425,40,4e-08
1426,33,1.16695e-07
1426,34,1.5151e-06
1426,35,4.12112e-05
1426,36,0.000420094
1426,37,0.000759994
1426,38,0.000246382
1426,39,1.16817e-05
1426,40,5e-08
1427,33,1.0692e-07
1427,34,1.3966e-06
1427,35,3.93082e-05
1427,36,0.000409509
1427,37,0.000761243
1427,38,0.000253628
1427,39,1.23661e-05
1427,40,2e-08
1428,33,5e-08
1428,34,1.29436e-06
1428,35,3.73747e-05
1428,36,0.000399038
1428,37,0.00076206
1428,38,0.000261064
1428,39,1.30728e-05
1428,40,4e-08
1429,33,6e-08
1429,34,1.19803e-06
1429,35,3.56011e-05
1429,36,0.000388707
1429,37,0.000762494
1429,38,0.000268581
1429,39,1.38137e-05
1429,40,8e-08
1430,33,4e-08
1430,34,1.11724e-06
1430,35,3.38375e-05
1430,36,0.000378543
1430,37,0.000762566
1430,38,0.000276203
1430,39,1.46394e-05
1430,40,7e-08
1431,34,1.04168e-06
1431,35,3.2158e-05
1431,36,0.000368469
1431,37,0.000762276
1431,38,0.000283987
1431,39,1.54237e-05
1431,40,1.2e-07
1432,34,9.61023e-07
1432,35,3.05409e-05
1432,36,0.000358442
1432,37,0.000761785
1432,38,0.000291772
1432,39,1.63755e-05
1432,40,2e-07
1433,34,9.14981e-07
1433,35,2.90175e-05
1433,36,0.00034852
1433,37,0.000760874
1433,38,0.000299781
1433,39,1.72966e-05
1433,40,1.91365e-07
1434,34,8.23271e-07
1434,35,2.75731e-05
1434,36,0.000338769
1434,37,0.000759726
1434,38,0.000307813
1434,39,1.82072e-05
1434,40,2.23533e-07
1435,34,7.65629e-07
1435,35,2.61362e-05
1435,36,0.000329131
1435,37,0.000758153
1435,38,0.000315904
1435,39,1.93383e-05
1435,40,2.57305e-07
1436,34,7.11807e-07
1436,35,2.48114e-05
1436,36,0.000319653
1436,37,0.000756276
1436,38,0.000324088
1436,39,2.05897e-05
1436,40,2.52038e-07
1437,34,6.75686e-07
1437,35,2.35497e-05
1437,36,0.000310347
1437,37,0.000754151
1437,38,0.000332231
1437,39,2.18056e-05
1437,40,2.87795e-07
1438,34,6.01239e-07
1438,35,2.22692e-05
1438,36,0.000301127
1438,37,0.000751648
1438,38,0.000340503
1438,39,2.31078e-05
1438,40,3.04641e-07
1439,34,5.48513e-07
1439,35,2.10856e-05
1439,36,0.000292098
1439,37,0.000748934
1439,38,0.000348684
1439,39,2.44158e-05
1439,40,3.42643e-07
1440,34,4.2072e-07
1440,35,2.00342e-05
1440,36,0.000283281
1440,37,0.000745771
1440,38,0.000357004
1440,39,2.58311e-05
1440,40,3.71875e-07
1441,34,3.81312e-07
1441,35,1.90036e-05
1441,36,0.000274619
1441,37,0.000742315
1441,38,0.000365379
1441,39,2.72947e-05
1441,40,4.23142e-07
1442,34,3.23226e-07
1442,35,1.79956e-05
1442,36,0.000266093
1442,37,0.00073859
1442,38,0.000373763
1442,39,2.86298e-05
1442,40,4.7382e-07
1443,34,2.46378e-07
1443,35,1.70144e-05
1443,36,0.000257666
1443,37,0.000734653
1443,38,0.00038217
1443,39,3.01318e-05
1443,40,4.97281e-07
1444,34,2.50689e-07
1444,35,1.61187e-05
1444,36,0.000249542
1444,37,0.000730358
1444,38,0.000390445
1444,39,3.17391e-05
1444,40,5.62976e-07
1445,34,2.06083e-07
1445,35,1.52097e-05
1445,36,0.000241539
1445,37,0.000725751
1445,38,0.000398856
1445,39,3.33199e-05
1445,40,6.12471e-07
1446,34,1.9249e-07
1446,35,1.44144e-05
1446,36,0.000233629
1446,37,0.00072092
1446,38,0.000407322
1446,39,3.50743e-05
1446,40,6.44573e-07
1447,34,1.79844e-07
1447,35,1.36385e-05
1447,36,0.000225895
1447,37,0.000715801
1447,38,0.000415717
1447,39,3.68698e-05
1447,40,7.2944e-07
1448,34,1.58083e-07
1448,35,1.29005e-05
1448,36,0.000218309
1448,37,0.00071042
1448,38,0.000424123
1448,39,3.88487e-05
1448,40,7.68642e-07
1449,34,1.47148e-07
1449,35,1.21789e-05
1449,36,0.00021094
1449,37,0.000704814
1449,38,0.000432472
1449,39,4.09193e-05
1449,40,8.31037e-07
1450,34,1.36984e-07
1450,35,1.1502e-05
1450,36,0.000203739
1450,37,0.000698922
1450,38,0.000440876
1450,39,4.29083e-05
1450,40,9.06814e-07
1451,34,1.27541e-07
1451,35,1.0789e-05
1451,36,0.000196704
1451,37,0.000692831
1451,38,0.000449151
1451,39,4.50923e-05
1451,40,9.86167e-07
1452,34,1.18769e-07
1452,35,1.01984e-05
1452,36,0.000189896
1452,37,0.000686408
1452,38,0.000457547
1452,39,4.72636e-05
1452,40,1.07931e-06
1453,34,1.10624e-07
1453,35,9.61824e-06
1453,36,0.000183233
1453,37,0.000679823
1453,38,0.000465779
1453,39,4.96805e-05
1453,40,1.21713e-06
1454,34,8e-08
1454,35,9.0472e-06
1454,36,0.000176754
1454,37,0.000672902
1454,38,0.000474049
1454,39,5.20452e-05
1454,40,1.35923e-06
1455,34,4e-08
1455,35,8.54455e-06
1455,36,0.000170409
1455,37,0.000665917
1455,38,0.000482222
1455,39,5.44866e-05
1455,40,1.50467e-06
1456,34,4e-08
1456,35,8.06844e-06
1456,36,0.000164287
1456,37,0.000658604
1456,38,0.000490448
1456,39,5.70601e-05
1456,40,1.64745e-06
1457,34,4e-08
1457,35,7.57768e-06
1457,36,0.000158275
1457,37,0.000651282
1457,38,0.000498352
1457,39,5.98378e-05
1457,40,1.77732e-06
1458,34,2e-08
1458,35,7.16169e-06
1458,36,0.000152414
1458,37,0.00064365
1458,38,0.000506342
1458,39,6.26057e-05
1458,40,1.964e-06
1459,34,3e-08
1459,35,6.72932e-06
1459,36,0.000146722
1459,37,0.000635906
1459,38,0.000514235
1459,39,6.5528e-05
1459,40,2.11447e-06
1460,34,3e-08
1460,35,6.35889e-06
1460,36,0.000141169
1460,37,0.00062803
1460,38,0.000522101
1460,39,6.8448e-05
1460,40,2.27418e-06
1461,34,1e-08
1461,35,5.94996e-06
1461,36,0.000135782
1461,37,0.000619991
1461,38,0.000529726
1461,39,7.15103e-05
1461,40,2.46299e-06
1462,34,1e-08
1462,35,5.59091e-06
1462,36,0.00013057
1462,37,0.000611746
1462,38,0.000537339
1462,39,7.47097e-05
1462,40,2.65335e-06
1463,34,1e-08
1463,35,5.27079e-06
1463,36,0.00012555
1463,37,0.000603307
1463,38,0.000544944
1463,39,7.79287e-05
1463,40,2.83456e-06
1464,35,4.9487e-06
1464,36,0.000120639
1464,37,0.000594863
1464,38,0.000552266
1464,39,8.12888e-05
1464,40,3.03657e-06
1465,35,4.64375e-06
1465,36,0.000115895
1465,37,0.000586302
1465,38,0.000559425
1465,39,8.48128e-05
1465,40,3.24058e-06
1466,35,4.3551e-06
1466,36,0.000111246
1466,37,0.000577653
1466,38,0.000566633
1466,39,8.82414e-05
1466,40,3.51721e-06
1467,35,4.09195e-06
1467,36,0.000106781
1467,37,0.000568783
1467,38,0.000573626
1467,39,9.19502e-05
1467,40,3.7984e-06
1468,35,3.84351e-06
1468,36,0.000102507
1468,37,0.000559946
1468,38,0.000580294
1468,39,9.57179e-05
1468,40,4.07425e-06
1469,35,3.60905e-06
1469,36,9.83292e-05
1469,37,0.000551016
1469,38,0.000586831
1469,39,9.96635e-05
1469,40,4.35678e-06
1469,41,1e-08
1470,35,3.38787e-06
1470,36,9.42861e-05
1470,37,0.000541944
1470,38,0.000593338
1470,39,0.000103681
1470,40,4.69433e-06
1470,41,3e-08
1471,35,3.17927e-06
1471,36,9.03555e-05
1471,37,0.000532949
1471,38,0.000599512
1471,39,0.000107841
1471,40,4.94888e-06
1471,41,8e-08
1472,35,2.98376e-06
1472,36,8.65857e-05
1472,37,0.000523768
1472,38,0.000605653
1472,39,0.000112085
1472,40,5.32068e-06
1472,41,8e-08
1473,35,2.74458e-06
1473,36,8.29326e-05
1473,37,0.000514582
1473,38,0.00061148
1473,39,0.00011648
1473,40,5.77055e-06
1473,41,7e-08
1474,35,2.58577e-06
1474,36,7.94141e-05
1474,37,0.000505347
1474,38,0.000617221
1474,39,0.000120931
1474,40,6.23001e-06
1474,41,7e-08
1475,35,2.38678e-06
1475,36,7.60269e-05
1475,37,0.000496093
1475,38,0.000622773
1475,39,0.000125441
1475,40,6.7712e-06
1475,41,1.1e-07
1476,35,2.2371e-06
1476,36,7.27578e-05
1476,37,0.000486877
1476,38,0.000628059
1476,39,0.000130125
1476,40,7.22183e-06
1476,41,1.1e-07
1477,35,2.09624e-06
1477,36,6.96242e-05
1477,37,0.000477577
1477,38,0.000633233
1477,39,0.000134897
1477,40,7.76429e-06
1477,41,1.9e-07
1478,35,1.9537e-06
1478,36,6.65924e-05
1478,37,0.000468292
1478,38,0.000638121
1478,39,0.000139845
1478,40,8.23513e-06
1478,41,2.10807e-07
1479,35,1.82905e-06
1479,36,6.36502e-05
1479,37,0.000459068
1479,38,0.000642797
1479,39,0.000144911
1479,40,8.79725e-06
1479,41,2.42467e-07
1480,35,1.71186e-06
1480,36,6.08355e-05
1480,37,0.000449782
1480,38,0.000647294
1480,39,0.000150096
1480,40,9.37328e-06
1480,41,2.75043e-07
1481,35,1.6017e-06
1481,36,5.81348e-05
1481,37,0.000440533
1481,38,0.00065145
1481,39,0.000155399
1481,40,9.97891e-06
1481,41,2.9764e-07
1482,35,1.4982e-06
1482,36,5.55149e-05
1482,37,0.000431237
1482,38,0.000655609
1482,39,0.000160783
1482,40,1.06655e-05
1482,41,3.21996e-07
1483,35,1.38696e-06
1483,36,5.30039e-05
1483,37,0.000422083
1483,38,0.000659417
1483,39,0.000166241
1483,40,1.13513e-05
1483,41,3.48242e-07
1484,35,1.2818e-06
1484,36,5.05887e-05
1484,37,0.000412935
1484,38,0.00066285
1484,39,0.000171926
1484,40,1.20819e-05
1484,41,3.86513e-07
1485,35,1.13497e-06
1485,36,4.82666e-05
1485,37,0.00040381
1485,38,0.000666134
1485,39,0.000177719
1485,40,1.27698e-05
1485,41,4.17766e-07
1486,35,1.08632e-06
1486,36,4.60349e-05
1486,37,0.000394675
1486,38,0.000669214
1486,39,0.000183603
1486,40,1.35944e-05
1486,41,4.6141e-07
1487,35,1.07192e-06
1487,36,4.3901e-05
1487,37,0.000385627
1487,38,0.000671989
1487,39,0.000189673
1487,40,1.44507e-05
1487,41,4.9842e-07
1488,35,9.91534e-07
1488,36,4.18417e-05
1488,37,0.000376761
1488,38,0.000674365
1488,39,0.000195916
1488,40,1.53677e-05
1488,41,5.48236e-07
1489,35,9.04919e-07
1489,36,3.98649e-05
1489,37,0.00036787
1489,38,0.000676669
1489,39,0.000202139
1489,40,1.63176e-05
1489,41,6.01059e-07
1490,35,7.88186e-07
1490,36,3.79782e-05
1490,37,0.000359151
1490,38,0.000678628
1490,39,0.000208556
1490,40,1.72544e-05
1490,41,6.571e-07
1491,35,7.31452e-07
1491,36,3.61585e-05
1491,37,0.000350477
1491,38,0.000680361
1491,39,0.000214967
1491,40,1.83062e-05
1491,41,7.06585e-07
1492,35,6.57046e-07
1492,36,3.44139e-05
1492,37,0.000341854
1492,38,0.000681825
1492,39,0.00022152
1492,40,1.93976e-05
1492,41,7.99755e-07
1493,35,5.74832e-07
1493,36,3.27518e-05
1493,37,0.000333277
1493,38,0.00068315
1493,39,0.000228172
1493,40,2.06384e-05
1493,41,8.68432e-07
1494,35,5.34677e-07
1494,36,3.11495e-05
1494,37,0.000324861
1494,38,0.000684183
1494,39,0.000234894
1494,40,2.17835e-05
1494,41,9.12217e-07
1495,35,4.79634e-07
1495,36,2.9625e-05
1495,37,0.000316509
1495,38,0.000684904
1495,39,0.000241752
1495,40,2.30137e-05
1495,41,9.70687e-07
1496,35,5.2492e-07
1496,36,2.81656e-05
1496,37,0.000308335
1496,38,0.000685272
1496,39,0.000248663
1496,40,2.44322e-05
1496,41,1.03416e-06
1497,35,4.64701e-07
1497,36,2.67691e-05
1497,37,0.000300241
1497,38,0.000685377
1497,39,0.000255773
1497,40,2.57685e-05
1497,41,1.12298e-06
1498,35,4.35798e-07
1498,36,2.54431e-05
1498,37,0.000292211
1498,38,0.000685248
1498,39,0.000262904
1498,40,2.7227e-05
1498,41,1.22827e-06
1499,35,3.8295e-07
1499,36,2.41552e-05
1499,37,0.000284319
1499,38,0.000684866
1499,39,0.00027013
1499,40,2.87629e-05
1499,41,1.32971e-06
1500,35,3.75415e-07
1500,36,2.29341e-05
1500,37,0.000276528
1500,38,0.000684312
1500,39,0.000277469
1500,40,3.02783e-05
1500,41,1.42771e-06
1501,35,3.94649e-07
1501,36,2.17674e-05
1501,37,0.00026889
1501,38,0.000683405
1501,39,0.000284888
1501,40,3.19627e-05
1501,41,1.54269e-06
1502,35,3.36082e-07
1502,36,2.0663e-05
1502,37,0.000261307
1502,38,0.000682227
1502,39,0.000292372
1502,40,3.36504e-05
1502,41,1.66589e-06
1503,35,3.25791e-07
1503,36,1.96084e-05
1503,37,0.000253884
1503,38,0.000680781
1503,39,0.000299969
1503,40,3.54357e-05
1503,41,1.79783e-06
1504,35,2.71561e-07
1504,36,1.85818e-05
1504,37,0.000246611
1504,38,0.000678976
1504,39,0.000307686
1504,40,3.73503e-05
1504,41,1.9191e-06
1505,35,2.63688e-07
1505,36,1.76224e-05
1505,37,0.00023945
1505,38,0.000677046
1505,39,0.000315322
1505,40,3.94262e-05
1505,41,2.06954e-06
1506,35,2.6e-07
1506,36,1.67053e-05
1506,37,0.000232312
1506,38,0.000674793
1506,39,0.000323235
1506,40,4.15399e-05
1506,41,2.28051e-06
1507,35,3.02183e-07
1507,36,1.58276e-05
1507,37,0.000225399
1507,38,0.000672329
1507,39,0.000331029
1507,40,4.37676e-05
1507,41,2.4434e-06
1508,35,3e-07
1508,36,1.49729e-05
1508,37,0.000218582
1508,38,0.000669627
1508,39,0.000338955
1508,40,4.5998e-05
1508,41,2.65825e-06
1509,35,2.9e-07
1509,36,1.41811e-05
1509,37,0.000211883
1509,38,0.00066667
1509,39,0.000346968
1509,40,4.8387e-05
1509,41,2.85654e-06
1510,35,2.8e-07
1510,36,1.34402e-05
1510,37,0.000205315
1510,38,0.000663462
1510,39,0.000355005
1510,40,5.08978e-05
1510,41,3.03767e-06
1511,35,3.22075e-07
1511,36,1.27352e-05
1511,37,0.000198946
1511,38,0.000660046
1511,39,0.00036296
1511,40,5.35786e-05
1511,41,3.24317e-06
1512,35,3.3e-07
1512,36,1.20347e-05
1512,37,0.000192657
1512,38,0.000656245
1512,39,0.000371136
1512,40,5.63293e-05
1512,41,3.50321e-06
1513,35,2.93317e-07
1513,36,1.12909e-05
1513,37,0.000186536
1513,38,0.000652326
1513,39,0.00037924
1513,40,5.91392e-05
1513,41,3.7894e-06
1514,35,3.23196e-07
1514,36,1.06609e-05
1514,37,0.000180536
1514,38,0.00064822
1514,39,0.000387376
1514,40,6.20516e-05
1514,41,4.10203e-06
1515,35,2.60507e-07
1515,36,1.00709e-05
1515,37,0.000174644
1515,38,0.000643954
1515,39,0.000395556
1515,40,6.49516e-05
1515,41,4.42351e-06
1516,35,2.51679e-07
1516,36,9.51959e-06
1516,37,0.000168923
1516,38,0.00063932
1516,39,0.000403807
1516,40,6.80956e-05
1516,41,4.70428e-06
1517,35,2.0347e-07
1517,36,8.99581e-06
1517,37,0.00016334
1517,38,0.000634506
1517,39,0.000411963
1517,40,7.14007e-05
1517,41,5.0248e-06
1518,35,1.7e-07
1518,36,8.50833e-06
1518,37,0.000157806
1518,38,0.000629515
1518,39,0.000420204
1518,40,7.47616e-05
1518,41,5.46694e-06
1519,35,1.9e-07
1519,36,8.02599e-06
1519,37,0.00015246
1519,38,0.000624324
1519,39,0.000428427
1519,40,7.83961e-05
1519,41,5.86176e-06
1520,35,2.3e-07
1520,36,7.6028e-06
1520,37,0.000147263
1520,38,0.000618817
1520,39,0.000436673
1520,40,8.2021e-05
1520,41,6.36215e-06
1520,42,1e-08
1521,35,2.12874e-07
1521,36,7.17657e-06
1521,37,0.000142092
1521,38,0.000613252
1521,39,0.000444917
1521,40,8.57831e-05
1521,41,6.85963e-06
1521,42,1e-08
1522,35,1.82769e-07
1522,36,6.77435e-06
1522,37,0.000137129
1522,38,0.000607463
1522,39,0.000453114
1522,40,8.96952e-05
1522,41,7.42575e-06
1522,42,2e-08
1523,35,1.3e-07
1523,36,6.39976e-06
1523,37,0.000132281
1523,38,0.000601426
1523,39,0.000461315
1523,40,9.37953e-05
1523,41,8.02038e-06
1523,42,2e-08
1524,35,1e-07
1524,36,6.05523e-06
1524,37,0.000127538
1524,38,0.000595369
1524,39,0.000469374
1524,40,9.80993e-05
1524,41,8.64367e-06
1524,42,2e-08
1525,35,9e-08
1525,36,5.69981e-06
1525,37,0.000122959
1525,38,0.000589165
1525,39,0.000477292
1525,40,0.000102538
1525,41,9.31378e-06
1525,42,6e-08
1526,35,1.1e-07
1526,36,5.36784e-06
1526,37,0.000118442
1526,38,0.000582702
1526,39,0.000485351
1526,40,0.000107008
1526,41,9.98017e-06
1526,42,1.1e-07
1527,35,7e-08
1527,36,4.99351e-06
1527,37,0.000114107
1527,38,0.000576057
1527,39,0.000493275
1527,40,0.000111736
1527,41,1.07228e-05
1527,42,1.18987e-07
1528,35,9e-08
1528,36,4.69047e-06
1528,37,0.000109911
1528,38,0.000569316
1528,39,0.000501146
1528,40,0.0001166
1528,41,1.14868e-05
1528,42,1.28747e-07
1529,35,9e-08
1529,36,4.44342e-06
1529,37,0.000105841
1529,38,0.000562416
1529,39,0.000508847
1529,40,0.000121527
1529,41,1.23371e-05
1529,42,1.59342e-07
1530,35,7e-08
1530,36,4.27079e-06
1530,37,0.000101876
1530,38,0.000555353
1530,39,0.000516599
1530,40,0.000126746
1530,41,1.31982e-05
1530,42,1.50842e-07
1531,35,1e-07
1531,36,3.96095e-06
1531,37,9.7995e-05
1531,38,0.000548276
1531,39,0.000524166
1531,40,0.0001322
1531,41,1.4101e-05
1531,42,1.73318e-07
1532,35,7e-08
1532,36,3.69198e-06
1532,37,9.42467e-05
1532,38,0.000541138
1532,39,0.000531508
1532,40,0.000137873
1532,41,1.5078e-05
1532,42,1.77733e-07
1533,35,8e-08
1533,36,3.51654e-06
1533,37,9.06389e-05
1533,38,0.000533717
1533,39,0.000538836
1533,40,0.000143862
1533,41,1.61249e-05
1533,42,1.93361e-07
1534,35,4e-08
1534,36,3.34453e-06
1534,37,8.71292e-05
1534,38,0.000526312
1534,39,0.000545944
1534,40,0.000149854
1534,41,1.72121e-05
1534,42,2.40301e-07
1535,35,3e-08
1535,36,3.17877e-06
1535,37,8.36853e-05
1535,38,0.000518857
1535,39,0.000553002
1535,40,0.000155944
1535,41,1.83235e-05
1535,42,2.48656e-07
1536,35,1e-08
1536,36,2.98121e-06
1536,37,8.03973e-05
1536,38,0.00051124
1536,39,0.000559984
1536,40,0.00016227
1536,41,1.95224e-05
1536,42,2.78538e-07
1537,35,1e-08
1537,36,2.79418e-06
1537,37,7.71615e-05
1537,38,0.000503617
1537,39,0.000566632
1537,40,0.000168877
1537,41,2.07803e-05
1537,42,3.30066e-07
1538,36,2.61459e-06
1538,37,7.40279e-05
1538,38,0.000495875
1538,39,0.000573287
1538,40,0.000175477
1538,41,2.21819e-05
1538,42,3.73369e-07
1539,36,2.37386e-06
1539,37,7.10064e-05
1539,38,0.000488041
1539,39,0.000579842
1539,40,0.000182304
1539,41,2.36523e-05
1539,42,3.78586e-07
1540,36,2.2623e-06
1540,37,6.81345e-05
1540,38,0.000480122
1540,39,0.000586181
1540,40,0.000189382
1540,41,2.51752e-05
1540,42,4.45863e-07
1541,36,2.12643e-06
1541,37,6.53369e-05
1541,38,0.000472155
1541,39,0.000592355
1541,40,0.000196603
1541,41,2.67841e-05
1541,42,4.85359e-07
1542,36,1.97658e-06
1542,37,6.26309e-05
1542,38,0.000464068
1542,39,0.000598426
1542,40,0.000204067
1542,41,2.85032e-05
1542,42,5.07243e-07
1543,36,1.90697e-06
1543,37,6.00054e-05
1543,38,0.000456107
1543,39,0.000604099
1543,40,0.000211772
1543,41,3.03268e-05
1543,42,5.62544e-07
1544,36,1.75103e-06
1544,37,5.74294e-05
1544,38,0.000447967
1544,39,0.000609762
1544,40,0.000219632
1544,41,3.21793e-05
1544,42,6.6152e-07
1545,36,1.67528e-06
1545,37,5.49699e-05
1545,38,0.000439797
1545,39,0.000615241
1545,40,0.000227555
1545,41,3.4216e-05
1545,42,7.54447e-07
1546,36,1.54091e-06
1546,37,5.26189e-05
1546,38,0.000431654
1546,39,0.000620459
1546,40,0.000235874
1546,41,3.63318e-05
1546,42,8.39978e-07
1547,36,1.4437e-06
1547,37,5.03368e-05
1547,38,0.000423493
1547,39,0.000625388
1547,40,0.000244171
1547,41,3.85303e-05
1547,42,9.59056e-07
1548,36,1.37167e-06
1548,37,4.81648e-05
1548,38,0.00041528
1548,39,0.000630211
1548,40,0.000252712
1548,41,4.09366e-05
1548,42,1.07606e-06
1549,36,1.30009e-06
1549,37,4.60329e-05
1549,38,0.000407141
1549,39,0.000634842
1549,40,0.000261507
1549,41,4.33696e-05
1549,42,1.19156e-06
1550,36,1.20337e-06
1550,37,4.40103e-05
1550,38,0.000398982
1550,39,0.000639184
1550,40,0.000270448
1550,41,4.59812e-05
1550,42,1.3462e-06
1551,36,1.06201e-06
1551,37,4.2106e-05
1551,38,0.000390829
1551,39,0.000643242
1551,40,0.000279612
1551,41,4.87877e-05
1551,42,1.47062e-06
1552,36,1.00596e-06
1552,37,4.02197e-05
1552,38,0.000382659
1552,39,0.000647028
1552,40,0.000288956
1552,41,5.17481e-05
1552,42,1.61309e-06
1553,36,9.37192e-07
1553,37,3.84451e-05
1553,38,0.000374449
1553,39,0.000650617
1553,40,0.00029852
1553,41,5.48569e-05
1553,42,1.78663e-06
1554,36,7.86294e-07
1554,37,3.66763e-05
1554,38,0.000366234
1554,39,0.000653993
1554,40,0.00030824
1554,41,5.81395e-05
1554,42,1.94089e-06
1555,36,6.92284e-07
1555,37,3.4944e-05
1555,38,0.000358169
1555,39,0.00065704
1555,40,0.000318172
1555,41,6.15463e-05
1555,42,2.13691e-06
1556,36,6.00654e-07
1556,37,3.33248e-05
1556,38,0.000350129
1556,39,0.000659785
1556,40,0.000328243
1556,41,6.51465e-05
1556,42,2.3379e-06
1557,36,6.621e-07
1557,37,3.17575e-05
1557,38,0.000342148
1557,39,0.000662281
1557,40,0.000338539
1557,41,6.89432e-05
1557,42,2.54412e-06
1558,36,5.96086e-07
1558,37,3.02905e-05
1558,38,0.000334242
1558,39,0.000664514
1558,40,0.000348966
1558,41,7.27853e-05
1558,42,2.76581e-06
1558,43,1e-08
1559,36,5.60884e-07
1559,37,2.8823e-05
1559,38,0.000326387
1559,39,0.00066645
1559,40,0.000359543
1559,41,7.69871e-05
1559,42,3.00406e-06
1559,43,1e-08
1560,36,4.41549e-07
1560,37,2.74455e-05
1560,38,0.000318563
1560,39,0.000668155
1560,40,0.000370272
1560,41,8.12573e-05
1560,42,3.25997e-06
1560,43,2e-08
1561,36,4.51161e-07
1561,37,2.60823e-05
1561,38,0.000310797
1561,39,0.000669515
1561,40,0.000381317
1561,41,8.5771e-05
1561,42,3.53475e-06
1561,43,3e-08
1562,36,3.73437e-07
1562,37,2.47922e-05
1562,38,0.000303115
1562,39,0.000670617
1562,40,0.000392448
1562,41,9.05554e-05
1562,42,3.82966e-06
1562,43,1e-08
1563,36,3.56847e-07
1563,37,2.36148e-05
1563,38,0.000295529
1563,39,0.000671409
1563,40,0.000403508
1563,41,9.569e-05
1563,42,4.15604e-06
1563,43,2e-08
1564,36,2.93282e-07
1564,37,2.24354e-05
1564,38,0.000287943
1564,39,0.000671966
1564,40,0.000414787
1564,41,0.000100878
1564,42,4.49607e-06
1564,43,2e-08
1565,36,3.35497e-07
1565,37,2.13765e-05
1565,38,0.000280503
1565,39,0.000672147
1565,40,0.000426215
1565,41,0.0001064
1565,42,4.87054e-06
1565,43,1e-08
1566,36,3.28957e-07
1566,37,2.02902e-05
1566,38,0.00027303
1566,39,0.000672081
1566,40,0.000437755
1566,41,0.000112096
1566,42,5.32178e-06
1566,43,1e-08
1567,36,3.20317e-07
1567,37,1.92303e-05
1567,38,0.00026577
1567,39,0.000671614
1567,40,0.000449509
1567,41,0.000118093
1567,42,5.76456e-06
1567,43,1e-08
1568,36,3.12896e-07
1568,37,1.82464e-05
1568,38,0.000258545
1568,39,0.000670948
1568,40,0.000461181
1568,41,0.000124388
1568,42,6.23937e-06
1568,43,1e-08
1569,36,2.49971e-07
1569,37,1.72865e-05
1569,38,0.000251371
1569,39,0.000669919
1569,40,0.000473018
1569,41,0.000130871
1569,42,6.79674e-06
1569,43,2e-08
1570,36,2.41552e-07
1570,37,1.64039e-05
1570,38,0.00024427
1570,39,0.000668569
1570,40,0.000485042
1570,41,0.000137556
1570,42,7.34169e-06
1570,43,2e-08
1571,36,2.03691e-07
1571,37,1.55626e-05
1571,38,0.000237256
1571,39,0.000666937
1571,40,0.000497081
1571,41,0.000144713
1571,42,7.97359e-06
1571,43,2e-08
1572,36,1e-07
1572,37,1.47396e-05
1572,38,0.000230369
1572,39,0.000664993
1572,40,0.000509096
1572,41,0.000152259
1572,42,8.66911e-06
1572,43,1e-08
1573,36,7e-08
1573,37,1.39817e-05
1573,38,0.000223683
1573,39,0.000662749
1573,40,0.000521221
1573,41,0.000159913
1573,42,9.33018e-06
1573,43,3e-08
1574,36,6e-08
1574,37,1.33076e-05
1574,38,0.000217076
1574,39,0.000660195
1574,40,0.000533419
1574,41,0.000167858
1574,42,1.00766e-05
1575,36,1e-07
1575,37,1.258e-05
1575,38,0.000210522
1575,39,0.000657423
1575,40,0.000545505
1575,41,0.000176183
1575,42,1.09155e-05
1576,36,1.1e-07
1576,37,1.18891e-05
1576,38,0.000204146
1576,39,0.000654296
1576,40,0.000557646
1576,41,0.000184779
1576,42,1.17899e-05
1576,43,2e-08
1577,36,1.2e-07
1577,37,1.12408e-05
1577,38,0.000197777
1577,39,0.000650894
1577,40,0.000569847
1577,41,0.000193749
1577,42,1.27494e-05
1577,43,1e-08
1578,36,1.5e-07
1578,37,1.0649e-05
1578,38,0.000191509
1578,39,0.000647312
1578,40,0.000581886
1578,41,0.000203143
1578,42,1.37293e-05
1578,43,1e-08
1579,36,1.6e-07
1579,37,1.01052e-05
1579,38,0.000185403
1579,39,0.000643332
1579,40,0.000594036
1579,41,0.000212805
1579,42,1.47925e-05
1579,43,3e-08
1580,36,1.71955e-07
1580,37,9.55239e-06
1580,38,0.000179469
1580,39,0.000638967
1580,40,0.000606179
1580,41,0.000222723
1580,42,1.59695e-05
1580,43,6e-08
1581,36,1.4e-07
1581,37,9.07603e-06
1581,38,0.000173598
1581,39,0.000634363
1581,40,0.000618128
1581,41,0.000233154
1581,42,1.71987e-05
1581,43,1.2e-07
1582,36,1.4e-07
1582,37,8.53361e-06
1582,38,0.00016786
1582,39,0.000629524
1582,40,0.000629964
1582,41,0.000243849
1582,42,1.84947e-05
1582,43,1.1e-07
1583,36,1e-07
1583,37,8.1008e-06
1583,38,0.000162227
1583,39,0.000624294
1583,40,0.00064201
1583,41,0.000254931
1583,42,1.99118e-05
1583,43,1e-07
1584,36,1.2e-07
1584,37,7.58671e-06
1584,38,0.000156739
1584,39,0.000618959
1584,40,0.000653694
1584,41,0.000266395
1584,42,2.1407e-05
1584,43,1e-07
1585,36,7e-08
1585,37,7.15043e-06
1585,38,0.000151355
1585,39,0.000613264
1585,40,0.000665329
1585,41,0.000278232
1585,42,2.30642e-05
1585,43,1.3e-07
1586,36,6e-08
1586,37,6.77941e-06
1586,38,0.000146047
1586,39,0.000607346
1586,40,0.000676819
1586,41,0.000290377
1586,42,2.47696e-05
1586,43,2.3e-07
1587,36,9e-08
1587,37,6.44506e-06
1587,38,0.000140931
1587,39,0.00060115
1587,40,0.000688084
1587,41,0.000302979
1587,42,2.65674e-05
1587,43,2.47102e-07
1588,36,5e-08
1588,37,6.00947e-06
1588,38,0.00013585
1588,39,0.000594853
1588,40,0.000699087
1588,41,0.000315994
1588,42,2.84694e-05
1588,43,2.85652e-07
1589,36,3e-08
1589,37,5.6826e-06
1589,38,0.000130908
1589,39,0.000588171
1589,40,0.000710048
1589,41,0.000329342
1589,42,3.05814e-05
1589,43,3.35762e-07
1590,36,3e-08
1590,37,5.36699e-06
1590,38,0.000126111
1590,39,0.000581364
1590,40,0.000720632
1590,41,0.000343076
1590,42,3.27646e-05
1590,43,3.67553e-07
1591,36,4e-08
1591,37,5.0955e-06
1591,38,0.000121453
1591,39,0.000574276
1591,40,0.000731069
1591,41,0.000357245
1591,42,3.49687e-05
1591,43,3.92036e-07
1592,36,4e-08
1592,37,4.74246e-06
1592,38,0.000116852
1592,39,0.000567068
1592,40,0.000741151
1592,41,0.00037179
1592,42,3.72994e-05
1592,43,4.28539e-07
1593,36,4e-08
1593,37,4.57636e-06
1593,38,0.000112407
1593,39,0.000559586
1593,40,0.000751111
1593,41,0.000386662
1593,42,3.99137e-05
1593,43,4.97215e-07
1594,36,4e-08
1594,37,4.32194e-06
1594,38,0.00010814
1594,39,0.000551979
1594,40,0.00076055
1594,41,0.000402003
1594,42,4.25554e-05
1594,43,5.66907e-07
1595,36,4e-08
1595,37,3.95881e-06
1595,38,0.000103973
1595,39,0.000544095
1595,40,0.00076985
1595,41,0.000417662
1595,42,4.54439e-05
1595,43,6.21536e-07
1596,36,3e-08
1596,37,3.73767e-06
1596,38,9.98393e-05
1596,39,0.000536185
1596,40,0.000778744
1596,41,0.000433618
1596,42,4.84731e-05
1596,43,7.51466e-07
1597,36,5e-08
1597,37,3.52128e-06
1597,38,9.59222e-05
1597,39,0.000527945
1597,40,0.000787344
1597,41,0.000449999
1597,42,5.17353e-05
1597,43,8.77937e-07
1598,36,1e-08
1598,37,3.34911e-06
1598,38,9.20853e-05
1598,39,0.000519518
1598,40,0.000795784
1598,41,0.000466601
1598,42,5.51241e-05
1598,43,9.70577e-07
1599,36,1e-08
1599,37,3.1439e-06
1599,38,8.83443e-05
1599,39,0.000511063
1599,40,0.000803646
1599,41,0.000483661
1599,42,5.86628e-05
1599,43,1.12067e-06
1600,36,1e-08
1600,37,2.98594e-06
1600,38,8.46611e-05
1600,39,0.000502518
1600,40,0.000811074
1600,41,0.000501063
1600,42,6.2389e-05
1600,43,1.22546e-06
1601,36,1e-08
1601,37,2.74464e-06
1601,38,8.12041e-05
1601,39,0.000493752
1601,40,0.000818141
1601,41,0.000518701
1601,42,6.63399e-05
1601,43,1.37847e-06
1602,36,1e-08
1602,37,2.54299e-06
1602,38,7.77975e-05
1602,39,0.000484848
1602,40,0.000824851
1602,41,0.00053687
1602,42,7.04509e-05
1602,43,1.57857e-06
1603,36,1e-08
1603,37,2.32743e-06
1603,38,7.44837e-05
1603,39,0.000475784
1603,40,0.000831199
1603,41,0.000555218
1603,42,7.4819e-05
1603,43,1.83953e-06
1604,36,1e-08
1604,37,2.23152e-06
1604,38,7.124e-05
1604,39,0.000466695
1604,40,0.000837011
1604,41,0.000573837
1604,42,7.94226e-05
1604,43,2.06208e-06
1605,36,1e-08
1605,37,2.06889e-06
1605,38,6.81585e-05
1605,39,0.000457587
1605,40,0.000842423
1605,41,0.000592626
1605,42,8.43794e-05
1605,43,2.2292e-06
1606,37,1.96674e-06
1606,38,6.5255e-05
1606,39,0.000448329
1606,40,0.000847322
1606,41,0.000611713
1606,42,8.94196e-05
1606,43,2.44879e-06
1607,37,1.84045e-06
1607,38,6.23609e-05
1607,39,0.000439013
1607,40,0.000851773
1607,41,0.000631102
1607,42,9.48092e-05
1607,43,2.66409e-06
1608,37,1.74846e-06
1608,38,5.95315e-05
1608,39,0.000429769
1608,40,0.000855477
1608,41,0.000650755
1608,42,0.000100431
1608,43,2.9253e-06
1609,37,1.58987e-06
1609,38,5.67914e-05
1609,39,0.000420356
1609,40,0.000858899
1609,41,0.000670513
1609,42,0.000106306
1609,43,3.21344e-06
1610,37,1.52594e-06
1610,38,5.41924e-05
1610,39,0.000410896
1610,40,0.00086159
1610,41,0.000690592
1610,42,0.00011243
1610,43,3.46059e-06
1611,37,1.33414e-06
1611,38,5.17611e-05
1611,39,0.00040144
1611,40,0.000863881
1611,41,0.000710691
1611,42,0.000118772
1611,43,3.82684e-06
1612,37,1.23351e-06
1612,38,4.92817e-05
1612,39,0.000391937
1612,40,0.000865643
1612,41,0.0007309
1612,42,0.000125408
1612,43,4.22802e-06
1613,37,1.1823e-06
1613,38,4.6965e-05
1613,39,0.000382458
1613,40,0.000866839
1613,41,0.000751334
1613,42,0.000132343
1613,43,4.64794e-06
1614,37,1.10206e-06
1614,38,4.48405e-05
1614,39,0.000372983
1614,40,0.000867483
1614,41,0.000771717
1614,42,0.000139584
1614,43,5.03604e-06
1615,37,1.01696e-06
1615,38,4.26125e-05
1615,39,0.000363641
1615,40,0.000867458
1615,41,0.000792189
1615,42,0.000147175
1615,43,5.45243e-06
1616,37,9.17404e-07
1616,38,4.05876e-05
1616,39,0.000354209
1616,40,0.000866812
1616,41,0.000812753
1616,42,0.000155022
1616,43,5.95651e-06
1617,37,8.38428e-07
1617,38,3.85666e-05
1617,39,0.000344759
1617,40,0.000865781
1617,41,0.000833229
1617,42,0.000163236
1617,43,6.48102e-06
1618,37,8.08248e-07
1618,38,3.66275e-05
1618,39,0.000335412
1618,40,0.000864163
1618,41,0.00085365
1618,42,0.000171677
1618,43,7.08085e-06
1619,37,7.25412e-07
1619,38,3.48292e-05
1619,39,0.000326106
1619,40,0.000861937
1619,41,0.000873985
1619,42,0.00018053
1619,43,7.64012e-06
1620,37,6.24989e-07
1620,38,3.31291e-05
1620,39,0.000316831
1620,40,0.000859105
1620,41,0.000894227
1620,42,0.000189744
1620,43,8.24661e-06
1621,37,5.78278e-07
1621,38,3.13921e-05
1621,39,0.000307735
1621,40,0.000855658
1621,41,0.000914225
1621,42,0.000199264
1621,43,8.94227e-06
1621,44,1e-08
1622,37,5.32991e-07
1622,38,2.98329e-05
1622,39,0.000298584
1622,40,0.00085185
1622,41,0.000934064
1622,42,0.00020914
1622,43,9.642e-06
1622,44,1e-08
1623,37,5.05076e-07
1623,38,2.83389e-05
1623,39,0.000289519
1623,40,0.000847413
1623,41,0.000953627
1623,42,0.000219316
1623,43,1.03759e-05
1623,44,2e-08
1624,37,4.8439e-07
1624,38,2.69187e-05
1624,39,0.000280657
1624,40,0.000842324
1624,41,0.000973035
1624,42,0.000229822
1624,43,1.11962e-05
1624,44,3e-08
1625,37,3.72294e-07
1625,38,2.55857e-05
1625,39,0.000271944
1625,40,0.000836761
1625,41,0.000992022
1625,42,0.000240628
1625,43,1.20458e-05
1625,44,2e-08
1626,37,4.1e-07
1626,38,2.41485e-05
1626,39,0.000263284
1626,40,0.00083056
1626,41,0.00101074
1626,42,0.000251833
1626,43,1.29778e-05
1626,44,2e-08
1627,37,4.37595e-07
1627,38,2.28128e-05
1627,39,0.000254706
1627,40,0.000823913
1627,41,0.00102907
1627,42,0.000263348
1627,43,1.39539e-05
1627,44,1e-08
1628,37,4.56027e-07
1628,38,2.15738e-05
1628,39,0.000246246
1628,40,0.000816748
1628,41,0.00104696
1628,42,0.00027516
1628,43,1.50187e-05
1628,44,3e-08
1629,37,3.85646e-07
1629,38,2.03094e-05
1629,39,0.000237912
1629,40,0.000809018
1629,41,0.00106444
1629,42,0.000287195
1629,43,1.6266e-05
1629,44,5e-08
1630,37,3.06658e-07
1630,38,1.90405e-05
1630,39,0.000229739
1630,40,0.000800876
1630,41,0.00108138
1630,42,0.000299636
1630,43,1.74954e-05
1630,44,4e-08
1631,37,2.68979e-07
1631,38,1.78905e-05
1631,39,0.000221754
1631,40,0.000792155
1631,41,0.00109782
1631,42,0.00031237
1631,43,1.88158e-05
1631,44,4e-08
1632,37,2.67142e-07
1632,38,1.68629e-05
1632,39,0.000213846
1632,40,0.000782991
1632,41,0.00111371
1632,42,0.00032545
1632,43,2.01996e-05
1632,44,6e-08
1633,37,2.31687e-07
1633,38,1.59604e-05
1633,39,0.000206124
1633,40,0.000773421
1633,41,0.00112894
1633,42,0.000338862
1633,43,2.16398e-05
1633,44,1.3e-07
1634,37,2.1e-07
1634,38,1.50126e-05
1634,39,0.000198572
1634,40,0.00076341
1634,41,0.00114353
1634,42,0.000352588
1634,43,2.31193e-05
1634,44,1.40433e-07
1635,37,2.1e-07
1635,38,1.40755e-05
1635,39,0.000191161
1635,40,0.000752996
1635,41,0.00115749
1635,42,0.000366563
1635,43,2.47599e-05
1635,44,1.51691e-07
1636,37,2.1e-07
1636,38,1.32536e-05
1636,39,0.000183895
1636,40,0.000742179
1636,41,0.00117076
1636,42,0.000380801
1636,43,2.64371e-05
1636,44,1.63833e-07
1637,37,1.99176e-07
1637,38,1.24697e-05
1637,39,0.000176741
1637,40,0.000731048
1637,41,0.00118326
1637,42,0.000395364
1637,43,2.8172e-05
1637,44,2.06919e-07
1638,37,1.59133e-07
1638,38,1.17272e-05
1638,39,0.000169778
1638,40,0.000719532
1638,41,0.00119501
1638,42,0.000410118
1638,43,3.00659e-05
1638,44,2.61856e-07
1639,37,1.49818e-07
1639,38,1.10053e-05
1639,39,0.000162971
1639,40,0.000707754
1639,41,0.00120595
1639,42,0.000425131
1639,43,3.20035e-05
1639,44,3.07933e-07
1640,37,1.41185e-07
1640,38,1.03255e-05
1640,39,0.000156315
1640,40,0.000695612
1640,41,0.00121605
1640,42,0.000440247
1640,43,3.41377e-05
1640,44,3.05224e-07
1641,37,1.1e-07
1641,38,9.69528e-06
1641,39,0.00014986
1641,40,0.00068324
1641,41,0.00122523
1641,42,0.000455707
1641,43,3.63451e-05
1641,44,3.44635e-07
1642,37,8e-08
1642,38,9.10933e-06
1642,39,0.000143607
1642,40,0.000670568
1642,41,0.00123362
1642,42,0.00047129
1642,43,3.87181e-05
1642,44,3.75484e-07
1643,37,4e-08
1643,38,8.50828e-06
1643,39,0.000137584
1643,40,0.000657531
1643,41,0.00124114
1643,42,0.000486974
1643,43,4.12215e-05
1643,44,4.57862e-07
1644,37,5e-08
1644,38,7.96311e-06
1644,39,0.000131665
1644,40,0.000644382
1644,41,0.00124767
1644,42,0.000502809
1644,43,4.3875e-05
1644,44,4.61865e-07
1645,37,4e-08
1645,38,7.47903e-06
1645,39,0.000125941
1645,40,0.000631076
1645,41,0.00125341
1645,42,0.000518866
1645,43,4.65383e-05
1645,44,5.28393e-07
1646,37,4e-08
1646,38,6.95972e-06
1646,39,0.000120383
1646,40,0.000617541
1646,41,0.00125815
1646,42,0.000534995
1646,43,4.93994e-05
1646,44,5.67601e-07
1647,37,4e-08
1647,38,6.49058e-06
1647,39,0.000114966
1647,40,0.000603882
1647,41,0.00126193
1647,42,0.000551214
1647,43,5.23642e-05
1647,44,6.79653e-07
1648,37,1e-08
1648,38,6.08502e-06
1648,39,0.000109681
1648,40,0.000589983
1648,41,0.00126474
1648,42,0.000567523
1648,43,5.5455e-05
1648,44,8.14717e-07
1649,37,1e-08
1649,38,5.71639e-06
1649,39,0.000104555
1649,40,0.000576087
1649,41,0.00126653
1649,42,0.000583848
1649,43,5.87041e-05
1649,44,9.42251e-07
1650,37,2e-08
1650,38,5.34373e-06
1650,39,9.9619e-05
1650,40,0.000562049
1650,41,0.0012674
1650,42,0.000600193
1650,43,6.21155e-05
1650,44,1.07376e-06
1651,37,3e-08
1651,38,5.02585e-06
1651,39,9.49348e-05
1651,40,0.000547989
1651,41,0.00126723
1651,42,0.000616543
1651,43,6.56522e-05
1651,44,1.15018e-06
1652,37,1e-08
1652,38,4.61524e-06
1652,39,9.03803e-05
1652,40,0.000533899
1652,41,0.00126608
1652,42,0.000632954
1652,43,6.93046e-05
1652,44,1.20178e-06
1653,38,4.31349e-06
1653,39,8.60313e-05
1653,40,0.000519751
1653,41,0.00126398
1653,42,0.000649233
1653,43,7.30753e-05
1653,44,1.31811e-06
1654,38,4.00043e-06
1654,39,8.18469e-05
1654,40,0.000505607
1654,41,0.00126097
1654,42,0.000665391
1654,43,7.70325e-05
1654,44,1.38089e-06
1655,38,3.70598e-06
1655,39,7.77434e-05
1655,40,0.00049153
1655,41,0.00125697
1655,42,0.000681384
1655,43,8.11424e-05
1655,44,1.50902e-06
1656,38,3.51807e-06
1656,39,7.38021e-05
1656,40,0.000477518
1656,41,0.001252
1656,42,0.000697322
1656,43,8.54289e-05
1656,44,1.65076e-06
1657,38,3.25136e-06
1657,39,7.00617e-05
1657,40,0.000463573
1657,41,0.00124608
1657,42,0.000712987
1657,43,8.98418e-05
1657,44,1.82036e-06
1658,38,3.03314e-06
1658,39,6.64561e-05
1658,40,0.000449647
1658,41,0.00123927
1658,42,0.000728543
1658,43,9.43619e-05
1658,44,2.03749e-06
1659,38,2.77789e-06
1659,39,6.29723e-05
1659,40,0.000435973
1659,41,0.00123141
1659,42,0.000743904
1659,43,9.90396e-05
1659,44,2.28892e-06
1660,38,2.58528e-06
1660,39,5.96941e-05
1660,40,0.000422364
1660,41,0.00122273
1660,42,0.000758892
1660,43,0.000103944
1660,44,2.51585e-06
1661,38,2.37231e-06
1661,39,5.65746e-05
1661,40,0.000408868
1661,41,0.00121316
1661,42,0.000773592
1661,43,0.000108995
1661,44,2.775e-06
1662,38,2.07048e-06
1662,39,5.34856e-05
1662,40,0.000395438
1662,41,0.00120291
1662,42,0.000788014
1662,43,0.000114228
1662,44,3.00626e-06
1663,38,1.97483e-06
1663,39,5.07107e-05
1663,40,0.00038225
1663,41,0.00119183
1663,42,0.000802053
1663,43,0.000119573
1663,44,3.2995e-06
1664,38,1.81552e-06
1664,39,4.79307e-05
1664,40,0.000369269
1664,41,0.00117991
1664,42,0.000815783
1664,43,0.000125126
1664,44,3.51609e-06
1665,38,1.60321e-06
1665,39,4.53399e-05
1665,40,0.000356559
1665,41,0.00116726
1665,42,0.000829179
1665,43,0.000130658
1665,44,3.80773e-06
1666,38,1.49122e-06
1666,39,4.26981e-05
1666,40,0.000343925
1666,41,0.00115387
1666,42,0.000842138
1666,43,0.000136483
1666,44,4.08511e-06
1667,38,1.33981e-06
1667,39,4.02159e-05
1667,40,0.000331637
1667,41,0.00113982
1667,42,0.000854706
1667,43,0.000142379
1667,44,4.40826e-06
1668,38,1.14651e-06
1668,39,3.79141e-05
1668,40,0.00031952
1668,41,0.00112503
1668,42,0.000866779
1668,43,0.000148466
1668,44,4.76044e-06
1669,38,1.01325e-06
1669,39,3.56989e-05
1669,40,0.000307581
1669,41,0.00110968
1669,42,0.000878397
1669,43,0.000154585
1669,44,5.10053e-06
1669,45,1e-08
1670,38,1.00631e-06
1670,39,3.37117e-05
1670,40,0.000295932
1670,41,0.00109364
1670,42,0.000889428
1670,43,0.000161052
1670,44,5.44863e-06
1671,38,9.0776e-07
1671,39,3.18264e-05
1671,40,0.000284603
1671,41,0.00107706
1671,42,0.000899981
1671,43,0.00016755
1671,44,5.88609e-06
1672,38,8.22656e-07
1672,39,2.99301e-05
1672,40,0.000273458
1672,41,0.00106011
1672,42,0.000909888
1672,43,0.00017426
1672,44,6.35557e-06
1673,38,7.16378e-07
1673,39,2.8107e-05
1673,40,0.000262587
1673,41,0.0010426
1673,42,0.000919311
1673,43,0.000181064
1673,44,6.85852e-06
1673,45,1e-08
1674,38,6.00466e-07
1674,39,2.64787e-05
1674,40,0.000252049
1674,41,0.00102459
1674,42,0.000928174
1674,43,0.000187977
1674,44,7.30524e-06
1674,45,1e-08
1675,38,4.98575e-07
1675,39,2.49395e-05
1675,40,0.000241764
1675,41,0.00100613
1675,42,0.000936482
1675,43,0.000194995
1675,44,7.84601e-06
1675,45,3e-08
1676,38,4.58282e-07
1676,39,2.35893e-05
1676,40,0.000231803
1676,41,0.000987321
1676,42,0.000944103
1676,43,0.000202212
1676,44,8.43112e-06
1676,45,2e-08
1677,38,4.60801e-07
1677,39,2.20275e-05
1677,40,0.000222061
1677,41,0.000968245
1677,42,0.000951212
1677,43,0.000209455
1677,44,8.99446e-06
1677,45,2e-08
1678,38,4.9207e-07
1678,39,2.06409e-05
1678,40,0.000212531
1678,41,0.000948925
1678,42,0.000957681
1678,43,0.000216747
1678,44,9.61568e-06
1678,45,3e-08
1679,38,4.65591e-07
1679,39,1.94732e-05
1679,40,0.000203438
1679,41,0.000929296
1679,42,0.00096355
1679,43,0.000224252
1679,44,1.02881e-05
1679,45,7e-08
1680,38,4.51098e-07
1680,39,1.83088e-05
1680,40,0.000194471
1680,41,0.000909466
1680,42,0.000968731
1680,43,0.000231756
1680,44,1.10015e-05
1680,45,1.3e-07
1681,38,3.78453e-07
1681,39,1.70423e-05
1681,40,0.000185771
1681,41,0.000889443
1681,42,0.000973307
1681,43,0.000239441
1681,44,1.17399e-05
1681,45,1.40438e-07
1682,38,3.0454e-07
1682,39,1.61324e-05
1682,40,0.000177375
1682,41,0.00086924
1682,42,0.000977174
1682,43,0.000247184
1682,44,1.2541e-05
1682,45,1.51636e-07
1683,38,2.72781e-07
1683,39,1.5021e-05
1683,40,0.000169263
1683,41,0.000848984
1683,42,0.000980358
1683,43,0.000255028
1683,44,1.33524e-05
1683,45,1.73642e-07
1684,38,2.51927e-07
1684,39,1.40464e-05
1684,40,0.000161403
1684,41,0.000828579
1684,42,0.000982987
1684,43,0.000262807
1684,44,1.42606e-05
1684,45,1.97295e-07
1685,38,2.22877e-07
1685,39,1.30711e-05
1685,40,0.000153825
1685,41,0.000808249
1685,42,0.000984961
1685,43,0.00027077
1685,44,1.51392e-05
1685,45,2.11919e-07
1686,38,2.22677e-07
1686,39,1.22044e-05
1686,40,0.000146545
1686,41,0.000787832
1686,42,0.000986231
1686,43,0.000278813
1686,44,1.60053e-05
1686,45,2.28351e-07
1687,38,2.30881e-07
1687,39,1.14687e-05
1687,40,0.00013945
1687,41,0.000767522
1687,42,0.000986818
1687,43,0.000286899
1687,44,1.6932e-05
1687,45,2.55934e-07
1688,38,1.5e-07
1688,39,1.06902e-05
1688,40,0.000132673
1688,41,0.000747216
1688,42,0.000986857
1688,43,0.000294971
1688,44,1.79604e-05
1688,45,2.74739e-07
1689,38,1.1e-07
1689,39,1.00219e-05
1689,40,0.000126107
1689,41,0.000726994
1689,42,0.000986192
1689,43,0.00030309
1689,44,1.90317e-05
1689,45,2.84841e-07
1690,38,1.4e-07
1690,39,9.35173e-06
1690,40,0.000119929
1690,41,0.000706854
1690,42,0.000984821
1690,43,0.000311339
1690,44,2.01569e-05
1690,45,3.26319e-07
1691,38,1e-07
1691,39,8.70524e-06
1691,40,0.000113983
1691,41,0.000686842
1691,42,0.00098285
1691,43,0.000319515
1691,44,2.13853e-05
1691,45,3.49257e-07
1692,38,1.1e-07
1692,39,8.13703e-06
1692,40,0.000108234
1692,41,0.000667024
1692,42,0.00098027
1692,43,0.000327806
1692,44,2.25519e-05
1692,45,3.73741e-07
1693,38,5e-08
1693,39,7.61008e-06
1693,40,0.000102754
1693,41,0.000647393
1693,42,0.000977088
1693,43,0.000335997
1693,44,2.38494e-05
1693,45,4.29864e-07
1694,38,5e-08
1694,39,7.08648e-06
1694,40,9.75155e-05
1694,41,0.00062801
1694,42,0.000973308
1694,43,0.000344177
1694,44,2.51471e-05
1694,45,4.47722e-07
1695,38,5e-08
1695,39,6.6145e-06
1695,40,9.24254e-05
1695,41,0.000608781
1695,42,0.00096892
1695,43,0.000352457
1695,44,2.64761e-05
1695,45,4.97416e-07
1696,38,2e-08
1696,39,6.06357e-06
1696,40,8.75312e-05
1696,41,0.000589818
1696,42,0.000963899
1696,43,0.000360661
1696,44,2.7956e-05
1696,45,5.19776e-07
1697,38,4e-08
1697,39,5.53837e-06
1697,40,8.29535e-05
1697,41,0.00057109
1697,42,0.000958439
1697,43,0.000368732
1697,44,2.95024e-05
1697,45,5.84238e-07
1698,38,3e-08
1698,39,5.17127e-06
1698,40,7.85756e-05
1698,41,0.000552708
1698,42,0.000952363
1698,43,0.000376788
1698,44,3.11212e-05
1698,45,6.70922e-07
1699,38,1e-08
1699,39,4.77543e-06
1699,40,7.43524e-05
1699,41,0.000534591
1699,42,0.00094583
1699,43,0.000384851
1699,44,3.27889e-05
1699,45,7.49952e-07
1700,39,4.42044e-06
1700,40,7.02828e-05
1700,41,0.000516814
1700,42,0.000938713
1700,43,0.000392865
1700,44,3.448e-05
1700,45,7.78498e-07
1701,39,4.09576e-06
1701,40,6.65456e-05
1701,41,0.000499348
1701,42,0.000931192
1701,43,0.00040069
1701,44,3.62512e-05
1701,45,8.20103e-07
1702,39,3.88071e-06
1702,40,6.2847e-05
1702,41,0.000482147
1702,42,0.000923082
1702,43,0.000408618
1702,44,3.8034e-05
1702,45,9.05632e-07
1703,39,3.64591e-06
1703,40,5.92602e-05
1703,41,0.00046533
1703,42,0.000914595
1703,43,0.000416422
1703,44,3.98782e-05
1703,45,9.45299e-07
1704,39,3.3589e-06
1704,40,5.58962e-05
1704,41,0.000448826
1704,42,0.000905736
1704,43,0.000424054
1704,44,4.18245e-05
1704,45,1.01865e-06
1705,39,3.10346e-06
1705,40,5.27561e-05
1705,41,0.000432634
1705,42,0.000896376
1705,43,0.000431726
1705,44,4.38755e-05
1705,45,1.09587e-06
1706,39,2.80698e-06
1706,40,4.96594e-05
1706,41,0.000416922
1706,42,0.000886585
1706,43,0.000439271
1706,44,4.59537e-05
1706,45,1.21718e-06
1707,39,2.69788e-06
1707,40,4.68692e-05
1707,41,0.000401473
1707,42,0.000876472
1707,43,0.000446643
1707,44,4.81184e-05
1707,45,1.36346e-06
1708,39,2.50481e-06
1708,40,4.40882e-05
1708,41,0.000386496
1708,42,0.000865967
1708,43,0.000453962
1708,44,5.02617e-05
1708,45,1.50498e-06
1709,39,2.32046e-06
1709,40,4.16704e-05
1709,41,0.000371778
1709,42,0.000855191
1709,43,0.000461043
1709,44,5.26411e-05
1709,45,1.63796e-06
1710,39,2.17304e-06
1710,40,3.91081e-05
1710,41,0.000357538
1710,42,0.000844063
1710,43,0.000468045
1710,44,5.50138e-05
1710,45,1.76643e-06
1711,39,1.94063e-06
1711,40,3.6908e-05
1711,41,0.000343584
1711,42,0.000832774
1711,43,0.000474844
1711,44,5.74479e-05
1711,45,1.95067e-06
1712,39,1.79371e-06
1712,40,3.45709e-05
1712,41,0.000330078
1712,42,0.000821161
1712,43,0.000481521
1712,44,5.99237e-05
1712,45,2.09941e-06
1713,39,1.84622e-06
1713,40,3.24037e-05
1713,41,0.000316948
1713,42,0.000809247
1713,43,0.00048815
1713,44,6.24914e-05
1713,45,2.26209e-06
1714,39,1.73737e-06
1714,40,3.04545e-05
1714,41,0.00030422
1714,42,0.000797121
1714,43,0.000494488
1714,44,6.52016e-05
1714,45,2.43303e-06
1715,39,1.64309e-06
1715,40,2.87172e-05
1715,41,0.000291832
1715,42,0.000784693
1715,43,0.000500804
1715,44,6.79071e-05
1715,45,2.62263e-06
1716,39,1.52383e-06
1716,40,2.69814e-05
1716,41,0.000279747
1716,42,0.000772194
1716,43,0.000506746
1716,44,7.07865e-05
1716,45,2.78321e-06
1717,39,1.34257e-06
1717,40,2.51307e-05
1717,41,0.000268228
1717,42,0.000759501
1717,43,0.000512586
1717,44,7.36076e-05
1717,45,2.96406e-06
1718,39,1.15797e-06
1718,40,2.35796e-05
1718,41,0.000256972
1718,42,0.000746634
1718,43,0.000518179
1718,44,7.66532e-05
1718,45,3.18568e-06
1719,39,9.63728e-07
1719,40,2.22685e-05
1719,41,0.000246045
1719,42,0.000733652
1719,43,0.000523629
1719,44,7.97387e-05
1719,45,3.39798e-06
1720,39,9.07569e-07
1720,40,2.09509e-05
1720,41,0.000235537
1720,42,0.000720522
1720,43,0.000528852
1720,44,8.28828e-05
1720,45,3.61269e-06
1720,46,1e-08
1721,39,8.98955e-07
1721,40,1.97066e-05
1721,41,0.000225395
1721,42,0.000707333
1721,43,0.000533933
1721,44,8.6096e-05
1721,45,3.88857e-06
1722,39,8.4386e-07
1722,40,1.85304e-05
1722,41,0.000215498
1722,42,0.000694043
1722,43,0.000538738
1722,44,8.94173e-05
1722,45,4.16736e-06
1723,39,7.32646e-07
1723,40,1.73222e-05
1723,41,0.000206014
1723,42,0.000680717
1723,43,0.000543383
1723,44,9.28192e-05
1723,45,4.38027e-06
1724,39,7.2534e-07
1724,40,1.6193e-05
1724,41,0.000196869
1724,42,0.000667313
1724,43,0.000547774
1724,44,9.63419e-05
1724,45,4.64617e-06
1725,39,6.62009e-07
1725,40,1.51122e-05
1725,41,0.000188138
1725,42,0.000653877
1725,43,0.000551967
1725,44,9.98062e-05
1725,45,5.05861e-06
1726,39,7.17974e-07
1726,40,1.39973e-05
1726,41,0.000179693
1726,42,0.000640364
1726,43,0.00055599
1726,44,0.000103369
1726,45,5.41015e-06
1727,39,6.71853e-07
1727,40,1.31766e-05
1727,41,0.000171443
1727,42,0.000626941
1727,43,0.000559749
1727,44,0.000107082
1727,45,5.75811e-06
1728,39,6.28536e-07
1728,40,1.23022e-05
1728,41,0.000163512
1728,42,0.000613481
1728,43,0.000563202
1728,44,0.000110897
1728,45,6.17265e-06
1729,39,6.14646e-07
1729,40,1.15196e-05
1729,41,0.000155991
1729,42,0.000600138
1729,43,0.000566476
1729,44,0.000114743
1729,45,6.55857e-06
1730,39,5.43713e-07
1730,40,1.07394e-05
1730,41,0.000148745
1730,42,0.000586754
1730,43,0.00056952
1730,44,0.000118741
1730,45,6.98452e-06
1731,39,5.51418e-07
1731,40,1.00391e-05
1731,41,0.000141779
1731,42,0.000573484
1731,43,0.00057229
1731,44,0.00012274
1731,45,7.52909e-06
1732,39,4.81165e-07
1732,40,9.40138e-06
1732,41,0.000135068
1732,42,0.000560221
1732,43,0.000574977
1732,44,0.000126779
1732,45,7.93763e-06
1733,39,4.81718e-07
1733,40,8.78204e-06
1733,41,0.000128594
1733,42,0.000547084
1733,43,0.000577339
1733,44,0.000130956
1733,45,8.45967e-06
1733,46,1e-08
1734,39,4.56715e-07
1734,40,8.234e-06
1734,41,0.000122414
1734,42,0.000533964
1734,43,0.000579585
1734,44,0.000135253
1734,45,9.01597e-06
1734,46,1e-08
1735,39,4.15451e-07
1735,40,7.66199e-06
1735,41,0.000116518
1735,42,0.000521055
1735,43,0.000581494
1735,44,0.0001396
1735,45,9.60644e-06
1735,46,1e-08
1736,39,4.34279e-07
1736,40,7.22098e-06
1736,41,0.000110789
1736,42,0.000508184
1736,43,0.000583207
1736,44,0.000143984
1736,45,1.01638e-05
1736,46,2e-08
1737,39,4.26568e-07
1737,40,6.64098e-06
1737,41,0.00010534
1737,42,0.000495501
1737,43,0.000584562
1737,44,0.000148526
1737,45,1.08485e-05
1737,46,2e-08
1738,39,4.05232e-07
1738,40,6.04709e-06
1738,41,0.000100066
1738,42,0.000482953
1738,43,0.00058576
1738,44,0.000153138
1738,45,1.1613e-05
1738,46,2e-08
1739,39,4.30013e-07
1739,40,5.66253e-06
1739,41,9.51031e-05
1739,42,0.000470506
1739,43,0.000586751
1739,44,0.000157727
1739,45,1.22826e-05
1740,39,3.48324e-07
1740,40,5.23619e-06
1740,41,9.03849e-05
1740,42,0.000458231
1740,43,0.000587515
1740,44,0.000162451
1740,45,1.29855e-05
1741,39,4.27491e-07
1741,40,4.92226e-06
1741,41,8.58065e-05
1741,42,0.000446126
1741,43,0.000588095
1741,44,0.000167231
1741,45,1.3683e-05
1742,39,3.84115e-07
1742,40,4.60728e-06
1742,41,8.13847e-05
1742,42,0.000434065
1742,43,0.00058843
1742,44,0.000172084
1742,45,1.4495e-05
1743,39,3.84856e-07
1743,40,4.25219e-06
1743,41,7.71903e-05
1743,42,0.000422239
1743,43,0.000588513
1743,44,0.000176989
1743,45,1.53787e-05
1744,39,3.51781e-07
1744,40,3.90124e-06
1744,41,7.32355e-05
1744,42,0.000410579
1744,43,0.000588404
1744,44,0.000181955
1744,45,1.63204e-05
1745,39,3.31257e-07
1745,40,3.6788e-06
1745,41,6.94788e-05
1745,42,0.000399053
1745,43,0.000588116
1745,44,0.000187011
1745,45,1.72696e-05
1745,46,2e-08
1746,39,3.82804e-07
1746,40,3.39372e-06
1746,41,6.58271e-05
1746,42,0.000387715
1746,43,0.00058743
1746,44,0.000192165
1746,45,1.82953e-05
1746,46,2e-08
1747,39,4.17205e-07
1747,40,3.13996e-06
1747,41,6.23864e-05
1747,42,0.000376569
1747,43,0.000586608
1747,44,0.000197347
1747,45,1.92975e-05
1747,46,5e-08
1748,39,3.63502e-07
1748,40,2.93173e-06
1748,41,5.9154e-05
1748,42,0.000365743
1748,43,0.000585494
1748,44,0.000202504
1748,45,2.04161e-05
1748,46,5e-08
1749,39,3.51774e-07
1749,40,2.76747e-06
1749,41,5.59767e-05
1749,42,0.000354932
1749,43,0.000584209
1749,44,0.000207914
1749,45,2.15041e-05
1749,46,8e-08
1750,39,3.21552e-07
1750,40,2.65093e-06
1750,41,5.29198e-05
1750,42,0.000344384
1750,43,0.000582776
1750,44,0.000213269
1750,45,2.26938e-05
1750,46,9e-08
1751,39,2.90245e-07
1751,40,2.47742e-06
1751,41,5.00693e-05
1751,42,0.00033396
1751,43,0.000581159
1751,44,0.000218704
1751,45,2.3986e-05
1751,46,9e-08
1752,39,2.70506e-07
1752,40,2.34903e-06
1752,41,4.74554e-05
1752,42,0.000323764
1752,43,0.00057929
1752,44,0.000224197
1752,45,2.52737e-05
1752,46,1.1e-07
1753,39,2.90485e-07
1753,40,2.17453e-06
1753,41,4.49453e-05
1753,42,0.000313818
1753,43,0.000577243
1753,44,0.000229727
1753,45,2.65883e-05
1753,46,1.57385e-07
1754,39,2.76996e-07
1754,40,1.97458e-06
1754,41,4.25521e-05
1754,42,0.00030404
1754,43,0.00057498
1754,44,0.000235361
1754,45,2.7968e-05
1754,46,2.05283e-07
1755,39,2.35093e-07
1755,40,1.87747e-06
1755,41,4.02108e-05
1755,42,0.000294564
1755,43,0.000572546
1755,44,0.000240889
1755,45,2.94162e-05
1755,46,2.54462e-07
1756,39,2.24201e-07
1756,40,1.7467e-06
1756,41,3.79973e-05
1756,42,0.000285258
1756,43,0.000569884
1756,44,0.000246565
1756,45,3.09662e-05
1756,46,3.05732e-07
1757,39,1.74236e-07
1757,40,1.55255e-06
1757,41,3.58751e-05
1757,42,0.000276162
1757,43,0.000567108
1757,44,0.000252188
1757,45,3.25804e-05
1757,46,3.07777e-07
1758,39,2.2e-07
1758,40,1.42249e-06
1758,41,3.38277e-05
1758,42,0.000267268
1758,43,0.000563992
1758,44,0.000258045
1758,45,3.42723e-05
1758,46,3.70645e-07
1759,39,1.69485e-07
1759,40,1.35843e-06
1759,41,3.19398e-05
1759,42,0.000258614
1759,43,0.000560701
1759,44,0.000263906
1759,45,3.6018e-05
1759,46,3.65111e-07
1760,39,1.5e-07
1760,40,1.24574e-06
1760,41,3.01771e-05
1760,42,0.000250099
1760,43,0.000557298
1760,44,0.000269768
1760,45,3.77662e-05
1760,46,4.91275e-07
1761,39,9e-08
1761,40,1.12194e-06
1761,41,2.85569e-05
1761,42,0.000241824
1761,43,0.000553709
1761,44,0.000275649
1761,45,3.96665e-05
1761,46,5.39975e-07
1762,39,6e-08
1762,40,1.04892e-06
1762,41,2.69823e-05
1762,42,0.000233637
1762,43,0.000550026
1762,44,0.000281584
1762,45,4.16272e-05
1762,46,5.90604e-07
1763,39,3e-08
1763,40,9.64037e-07
1763,41,2.54334e-05
1763,42,0.000225689
1763,43,0.000546185
1763,44,0.000287491
1763,45,4.37069e-05
1763,46,6.24703e-07
1764,39,1e-08
1764,40,8.61288e-07
1764,41,2.40129e-05
1764,42,0.000217899
1764,43,0.00054217
1764,44,0.000293486
1764,45,4.58797e-05
1764,46,7.21781e-07
1765,40,8.6047e-07
1765,41,2.26019e-05
1765,42,0.000210397
1765,43,0.000537936
1765,44,0.000299468
1765,45,4.81175e-05
1765,46,8.1132e-07
1766,40,7.95333e-07
1766,41,2.12727e-05
1766,42,0.000203087
1766,43,0.000533617
1766,44,0.000305452
1766,45,5.04347e-05
1766,46,8.70482e-07
1767,40,7.04158e-07
1767,41,2.00511e-05
1767,42,0.000195928
1767,43,0.000529188
1767,44,0.000311434
1767,45,5.2853e-05
1767,46,9.72878e-07
1768,40,6.26672e-07
1768,41,1.8875e-05
1768,42,0.00018902
1768,43,0.000524575
1768,44,0.000317502
1768,45,5.53839e-05
1768,46,1.05079e-06
1769,40,4.42224e-07
1769,41,1.77352e-05
1769,42,0.000182389
1769,43,0.000519791
1769,44,0.000323413
1769,45,5.80751e-05
1769,46,1.18387e-06
1770,40,4.1248e-07
1770,41,1.66553e-05
1770,42,0.000175867
1770,43,0.000514863
1770,44,0.000329502
1770,45,6.07885e-05
1770,46,1.25932e-06
1771,40,4.44172e-07
1771,41,1.57211e-05
1771,42,0.000169517
1771,43,0.000509925
1771,44,0.000335457
1771,45,6.36368e-05
1771,46,1.37101e-06
1772,40,3.88117e-07
1772,41,1.4915e-05
1772,42,0.000163355
1772,43,0.000504791
1772,44,0.000341512
1772,45,6.6531e-05
1772,46,1.51934e-06
1773,40,3.63971e-07
1773,41,1.40202e-05
1773,42,0.000157309
1773,43,0.000499597
1773,44,0.000347486
1773,45,6.96516e-05
1773,46,1.60468e-06
1774,40,4.06902e-07
1774,41,1.3167e-05
1774,42,0.000151478
1774,43,0.000494267
1774,44,0.000353403
1774,45,7.2934e-05
1774,46,1.71746e-06
1775,40,3.73483e-07
1775,41,1.23817e-05
1775,42,0.000145828
1775,43,0.000488857
1775,44,0.000359349
1775,45,7.61846e-05
1775,46,1.86352e-06
1776,40,3.61795e-07
1776,41,1.16728e-05
1776,42,0.000140316
1776,43,0.000483281
1776,44,0.00036545
1776,45,7.95737e-05
1776,46,2.01893e-06
1777,40,3.31714e-07
1777,41,1.09784e-05
1777,42,0.00013501
1777,43,0.000477615
1777,44,0.000371407
1777,45,8.31518e-05
1777,46,2.18357e-06
1778,40,2.88613e-07
1778,41,1.02857e-05
1778,42,0.000129835
1778,43,0.000471933
1778,44,0.000377272
1778,45,8.67856e-05
1778,46,2.4073e-06
1779,40,2.60216e-07
1779,41,9.6353e-06
1779,42,0.000124849
1779,43,0.000466171
1779,44,0.00038312
1779,45,9.05686e-05
1779,46,2.61197e-06
1780,40,2.09523e-07
1780,41,9.07365e-06
1780,42,0.000119999
1780,43,0.000460313
1780,44,0.000389047
1780,45,9.44038e-05
1780,46,2.78822e-06
1781,40,2.21036e-07
1781,41,8.56446e-06
1781,42,0.000115344
1781,43,0.000454404
1781,44,0.000394811
1781,45,9.843e-05
1781,46,3.00472e-06
1782,40,2.6e-07
1782,41,8.07601e-06
1782,42,0.000110761
1782,43,0.000448418
1782,44,0.000400507
1782,45,0.000102696
1782,46,3.32534e-06
1783,40,2.30656e-07
1783,41,7.6167e-06
1783,42,0.000106383
1783,43,0.000442382
1783,44,0.000406229
1783,45,0.000107123
1783,46,3.65087e-06
1784,40,2.02018e-07
1784,41,7.18496e-06
1784,42,0.000102118
1784,43,0.000436308
1784,44,0.000411935
1784,45,0.000111549
1784,46,3.96061e-06
1785,40,1.6e-07
1785,41,6.7901e-06
1785,42,9.80097e-05
1785,43,0.000430182
1785,44,0.0004176
1785,45,0.000116039
1785,46,4.22747e-06
1786,40,1.7e-07
1786,41,6.4041e-06
1786,42,9.40377e-05
1786,43,0.000423999
1786,44,0.00042322
1786,45,0.00012077
1786,46,4.53178e-06
1787,40,2e-07
1787,41,5.9739e-06
1787,42,9.01924e-05
1787,43,0.000417823
1787,44,0.000428701
1787,45,0.000125571
1787,46,4.96383e-06
1788,40,2.00541e-07
1788,41,5.60957e-06
1788,42,8.65187e-05
1788,43,0.000411537
1788,44,0.000434167
1788,45,0.000130584
1788,46,5.43035e-06
1789,40,1.61807e-07
1789,41,5.29249e-06
1789,42,8.29706e-05
1789,43,0.000405168
1789,44,0.000439575
1789,45,0.000135824
1789,46,5.82712e-06
1790,40,1.3e-07
1790,41,4.94845e-06
1790,42,7.95207e-05
1790,43,0.000398861
1790,44,0.00044481
1790,45,0.000141194
1790,46,6.27564e-06
1791,40,1.2e-07
1791,41,4.68598e-06
1791,42,7.61834e-05
1791,43,0.000392519
1791,44,0.000449997
1791,45,0.000146688
1791,46,6.75895e-06
1792,40,1.1e-07
1792,41,4.33122e-06
1792,42,7.30033e-05
1792,43,0.000386146
1792,44,0.00045504
1792,45,0.000152438
1792,46,7.25712e-06
1793,40,8e-08
1793,41,4.17034e-06
1793,42,6.99127e-05
1793,43,0.000379687
1793,44,0.000460126
1793,45,0.000158329
1793,46,7.74334e-06
1793,47,2e-08
1794,40,6e-08
1794,41,3.85282e-06
1794,42,6.69381e-05
1794,43,0.000373286
1794,44,0.000464892
1794,45,0.000164562
1794,46,8.31465e-06
1794,47,5e-08
1795,40,5e-08
1795,41,3.63901e-06
1795,42,6.40925e-05
1795,43,0.000366877
1795,44,0.000469739
1795,45,0.000170745
1795,46,8.9129e-06
1795,47,3e-08
1796,40,1e-08
1796,41,3.50672e-06
1796,42,6.13518e-05
1796,43,0.000360454
1796,44,0.000474457
1796,45,0.000177193
1796,46,9.56443e-06
1796,47,4e-08
1797,40,1e-08
1797,41,3.29291e-06
1797,42,5.85778e-05
1797,43,0.000354102
1797,44,0.000478999
1797,45,0.000183841
1797,46,1.02228e-05
1797,47,7e-08
1798,40,1e-08
1798,41,3.17086e-06
1798,42,5.60228e-05
1798,43,0.000347671
1798,44,0.000483461
1798,45,0.000190605
1798,46,1.0948e-05
1798,47,5e-08
1799,40,2e-08
1799,41,3.05067e-06
1799,42,5.35292e-05
1799,43,0.000341279
1799,44,0.000487809
1799,45,0.000197503
1799,46,1.16819e-05
1799,47,5e-08
1800,40,1e-08
1800,41,2.83135e-06
1800,42,5.12092e-05
1800,43,0.000334857
1800,44,0.000492018
1800,45,0.000204595
1800,46,1.24483e-05
1800,47,9e-08
1801,40,2e-08
1801,41,2.64633e-06
1801,42,4.89573e-05
1801,43,0.000328451
1801,44,0.000496124
1801,45,0.000211865
1801,46,1.32474e-05
1801,47,1.2e-07
1802,40,1e-08
1802,41,2.43094e-06
1802,42,4.67461e-05
1802,43,0.000322163
1802,44,0.000499942
1802,45,0.000219497
1802,46,1.41719e-05
1802,47,1.3e-07
1803,41,2.23451e-06
1803,42,4.46493e-05
1803,43,0.000315806
1803,44,0.000503818
1803,45,0.000227073
1803,46,1.521e-05
1803,47,1.583e-07
1804,41,2.10521e-06
1804,42,4.26199e-05
1804,43,0.000309554
1804,44,0.000507439
1804,45,0.000235078
1804,46,1.61972e-05
1804,47,1.47258e-07
1805,41,1.97133e-06
1805,42,4.06009e-05
1805,43,0.000303349
1805,44,0.000510919
1805,45,0.00024324
1805,46,1.72023e-05
1805,47,1.36925e-07
1806,41,1.76523e-06
1806,42,3.87948e-05
1806,43,0.000297104
1806,44,0.000514305
1806,45,0.00025153
1806,46,1.83514e-05
1806,47,1.77353e-07
1807,41,1.66647e-06
1807,42,3.69917e-05
1807,43,0.000290883
1807,44,0.000517483
1807,45,0.000260036
1807,46,1.94901e-05
1807,47,2.18598e-07
1808,41,1.60459e-06
1808,42,3.52283e-05
1808,43,0.000284701
1808,44,0.000520639
1808,45,0.000268719
1808,46,2.07111e-05
1808,47,2.32354e-07
1809,41,1.52073e-06
1809,42,3.35946e-05
1809,43,0.000278499
1809,44,0.00052352
1809,45,0.000277589
1809,46,2.20748e-05
1809,47,2.67179e-07
1810,41,1.39535e-06
1810,42,3.20433e-05
1810,43,0.00027242
1810,44,0.000526281
1810,45,0.000286665
1810,46,2.34e-05
1810,47,2.73153e-07
1811,41,1.28543e-06
1811,42,3.06189e-05
1811,43,0.000266406
1811,44,0.000528809
1811,45,0.000295959
1811,46,2.4854e-05
1811,47,2.80359e-07
1812,41,1.18066e-06
1812,42,2.91639e-05
1812,43,0.00026042
1812,44,0.00053127
1812,45,0.000305269
1812,46,2.64551e-05
1812,47,3.28886e-07
1813,41,1.15071e-06
1813,42,2.77996e-05
1813,43,0.000254556
1813,44,0.000533481
1813,45,0.000314931
1813,46,2.80649e-05
1813,47,3.8883e-07
1814,41,1.05665e-06
1814,42,2.6516e-05
1814,43,0.000248623
1814,44,0.000535599
1814,45,0.000324718
1814,46,2.97667e-05
1814,47,4.00292e-07
1815,41,9.82218e-07
1815,42,2.52046e-05
1815,43,0.000242838
1815,44,0.000537511
1815,45,0.000334684
1815,46,3.16152e-05
1815,47,4.4338e-07
1816,41,8.91335e-07
1816,42,2.39731e-05
1816,43,0.000237038
1816,44,0.000539234
1816,45,0.000344829
1816,46,3.35041e-05
1816,47,4.78211e-07
1817,41,8.63782e-07
1817,42,2.27446e-05
1817,43,0.000231307
1817,44,0.000540804
1817,45,0.00035515
1817,46,3.5566e-05
1817,47,5.14907e-07
1818,41,8.69352e-07
1818,42,2.16229e-05
1818,43,0.000225729
1818,44,0.00054213
1818,45,0.000365716
1818,46,3.76758e-05
1818,47,5.73598e-07
1819,41,8.09541e-07
1819,42,2.06528e-05
1819,43,0.000220125
1819,44,0.000543378
1819,45,0.000376323
1819,46,4.00163e-05
1819,47,6.44424e-07
1820,41,7.53023e-07
1820,42,1.96522e-05
1820,43,0.000214585
1820,44,0.000544226
1820,45,0.000387327
1820,46,4.23203e-05
1820,47,7.58312e-07
1821,41,6.82907e-07
1821,42,1.87602e-05
1821,43,0.000209098
1821,44,0.000545032
1821,45,0.000398389
1821,46,4.46746e-05
1821,47,9.02467e-07
1822,41,6.59132e-07
1822,42,1.78248e-05
1822,43,0.000203748
1822,44,0.000545584
1822,45,0.000409611
1822,46,4.71951e-05
1822,47,1.00147e-06
1823,41,6.47614e-07
1823,42,1.70132e-05
1823,43,0.000198446
1823,44,0.000545929
1823,45,0.000420947
1823,46,4.98446e-05
1823,47,1.04631e-06
1824,41,5.90465e-07
1824,42,1.60909e-05
1824,43,0.000193215
1824,44,0.000546107
1824,45,0.000432505
1824,46,5.27092e-05
1824,47,1.14663e-06
1825,41,4.70784e-07
1825,42,1.53115e-05
1825,43,0.000188065
1825,44,0.000546015
1825,45,0.000444199
1825,46,5.57439e-05
1825,47,1.25119e-06
1826,41,4.15211e-07
1826,42,1.4539e-05
1826,43,0.000182988
1826,44,0.000545723
1826,45,0.000456042
1826,46,5.88965e-05
1826,47,1.37183e-06
1827,41,3.81371e-07
1827,42,1.37655e-05
1827,43,0.000177995
1827,44,0.000545299
1827,45,0.000467952
1827,46,6.22762e-05
1827,47,1.4797e-06
1828,41,3.39153e-07
1828,42,1.30391e-05
1828,43,0.000173086
1828,44,0.000544592
1828,45,0.000480046
1828,46,6.59238e-05
1828,47,1.57452e-06
1829,41,3.0845e-07
1829,42,1.24068e-05
1829,43,0.000168243
1829,44,0.000543732
1829,45,0.00049233
1829,46,6.95027e-05
1829,47,1.67675e-06
1830,41,2.99165e-07
1830,42,1.17648e-05
1830,43,0.000163516
1830,44,0.000542658
1830,45,0.000504578
1830,46,7.3334e-05
1830,47,1.81762e-06
1831,41,2.81206e-07
1831,42,1.11506e-05
1831,43,0.000158778
1831,44,0.000541399
1831,45,0.000517007
1831,46,7.73566e-05
1831,47,1.98841e-06
1832,41,2.44485e-07
1832,42,1.05252e-05
1832,43,0.000154158
1832,44,0.000539927
1832,45,0.0005296
1832,46,8.14561e-05
1832,47,2.23903e-06
1833,41,2.25919e-07
1833,42,9.86471e-06
1833,43,0.000149689
1833,44,0.00053821
1833,45,0.00054231
1833,46,8.58356e-05
1833,47,2.4623e-06
1834,41,1.8e-07
1834,42,9.3392e-06
1834,43,0.000145236
1834,44,0.00053637
1834,45,0.000554998
1834,46,9.02611e-05
1834,47,2.82683e-06
1835,41,2.1e-07
1835,42,8.79659e-06
1835,43,0.000140813
1835,44,0.000534367
1835,45,0.000567781
1835,46,9.48771e-05
1835,47,3.00499e-06
1836,41,2.2e-07
1836,42,8.25864e-06
1836,43,0.00013646
1836,44,0.000532161
1836,45,0.000580589
1836,46,9.97471e-05
1836,47,3.30808e-06
1837,41,2.21909e-07
1837,42,7.78677e-06
1837,43,0.00013227
1837,44,0.000529643
1837,45,0.000593392
1837,46,0.000104893
1837,47,3.5857e-06
1838,41,2e-07
1838,42,7.36592e-06
1838,43,0.0001282
1838,44,0.000526846
1838,45,0.000606466
1838,46,0.000110106
1838,47,3.9207e-06
1839,41,2.2e-07
1839,42,6.93573e-06
1839,43,0.000124149
1839,44,0.000523931
1839,45,0.000619414
1839,46,0.000115589
1839,47,4.29485e-06
1839,48,1e-08
1840,41,2.7e-07
1840,42,6.53477e-06
1840,43,0.000120169
1840,44,0.00052092
1840,45,0.000632342
1840,46,0.000121343
1840,47,4.62782e-06
1841,41,2.10308e-07
1841,42,6.21221e-06
1841,43,0.000116341
1841,44,0.000517574
1841,45,0.000645304
1841,46,0.000127229
1841,47,4.98072e-06
1842,41,1.91307e-07
1842,42,5.85168e-06
1842,43,0.000112533
1842,44,0.000514127
1842,45,0.000658229
1842,46,0.000133302
1842,47,5.41681e-06
1842,48,1e-08
1843,41,2.32952e-07
1843,42,5.54014e-06
1843,43,0.000108825
1843,44,0.000510409
1843,45,0.000671193
1843,46,0.000139666
1843,47,5.87882e-06
1843,48,1e-08
1844,41,2.1e-07
1844,42,5.21238e-06
1844,43,0.000105269
1844,44,0.000506506
1844,45,0.000684142
1844,46,0.000146164
1844,47,6.31523e-06
1845,41,1.9e-07
1845,42,4.88228e-06
1845,43,0.000101672
1845,44,0.000502349
1845,45,0.000697161
1845,46,0.000153017
1845,47,6.88312e-06
1846,41,1.91657e-07
1846,42,4.59065e-06
1846,43,9.82076e-05
1846,44,0.000498102
1846,45,0.000709958
1846,46,0.000160033
1846,47,7.45771e-06
1847,41,1.9e-07
1847,42,4.35299e-06
1847,43,9.48526e-05
1847,44,0.000493679
1847,45,0.000722665
1847,46,0.000167333
1847,47,7.99762e-06
1847,48,1e-08
1848,41,1.4e-07
1848,42,4.11867e-06
1848,43,9.15158e-05
1848,44,0.000489163
1848,45,0.000735196
1848,46,0.000174883
1848,47,8.60137e-06
1848,48,1e-08
1849,41,1.7e-07
1849,42,3.87765e-06
1849,43,8.83373e-05
1849,44,0.000484407
1849,45,0.000747583
1849,46,0.000182755
1849,47,9.3035e-06
1850,41,2.5e-07
1850,42,3.65874e-06
1850,43,8.52189e-05
1850,44,0.000479446
1850,45,0.000759961
1850,46,0.000190777
1850,47,1.00447e-05
1851,41,2.29198e-07
1851,42,3.44136e-06
1851,43,8.21575e-05
1851,44,0.000474415
1851,45,0.000771946
1851,46,0.000199169
1851,47,1.08551e-05
1852,41,1.79194e-07
1852,42,3.23499e-06
1852,43,7.9192e-05
1852,44,0.000469238
1852,45,0.000783886
1852,46,0.000207777
1852,47,1.16819e-05
1853,41,1.79933e-07
1853,42,3.0491e-06
1853,43,7.63226e-05
1853,44,0.000463829
1853,45,0.000795726
1853,46,0.00021669
1853,47,1.25635e-05
1854,41,1.51362e-07
1854,42,2.92319e-06
1854,43,7.34778e-05
1854,44,0.000458313
1854,45,0.00080729
1854,46,0.000225923
1854,47,1.3456e-05
1854,48,1e-08
1855,41,1.2e-07
1855,42,2.73023e-06
1855,43,7.07777e-05
1855,44,0.000452687
1855,45,0.000818541
1855,46,0.000235477
1855,47,1.44621e-05
1855,48,2e-08
1856,41,8e-08
1856,42,2.54942e-06
1856,43,6.81229e-05
1856,44,0.000446884
1856,45,0.00082973
1856,46,0.000245151
1856,47,1.55224e-05
1856,48,3e-08
1857,41,1e-07
1857,42,2.41066e-06
1857,43,6.55272e-05
1857,44,0.000440971
1857,45,0.00084062
1857,46,0.000255177
1857,47,1.65635e-05
1857,48,3e-08
1858,41,7e-08
1858,42,2.2701e-06
1858,43,6.29443e-05
1858,44,0.000434943
1858,45,0.000851186
1858,46,0.000265608
1858,47,1.77043e-05
1858,48,3e-08
1859,41,4e-08
1859,42,2.14731e-06
1859,43,6.04726e-05
1859,44,0.000428837
1859,45,0.000861478
1859,46,0.000276022
1859,47,1.91077e-05
1859,48,5e-08
1860,41,2e-08
1860,42,2.02192e-06
1860,43,5.80718e-05
1860,44,0.000422536
1860,45,0.00087143
1860,46,0.000286915
1860,47,2.0481e-05
1860,48,3e-08
1861,41,2e-08
1861,42,1.90356e-06
1861,43,5.57122e-05
1861,44,0.000416229
1861,45,0.000881004
1861,46,0.000298014
1861,47,2.19273e-05
1861,48,1e-07
1862,41,1e-08
1862,42,1.76187e-06
1862,43,5.34438e-05
1862,44,0.00040981
1862,45,0.000890323
1862,46,0.000309312
1862,47,2.33924e-05
1862,48,1.2e-07
1863,42,1.63652e-06
1863,43,5.1283e-05
1863,44,0.000403297
1863,45,0.00089926
1863,46,0.000320897
1863,47,2.49757e-05
1863,48,9e-08
1864,42,1.56718e-06
1864,43,4.91879e-05
1864,44,0.000396664
1864,45,0.000907879
1864,46,0.000332768
1864,47,2.66562e-05
1864,48,7e-08
1865,42,1.47355e-06
1865,43,4.70885e-05
1865,44,0.0003899
1865,45,0.000916195
1865,46,0.000344865
1865,47,2.84212e-05
1865,48,7e-08
1866,42,1.40533e-06
1866,43,4.51131e-05
1866,44,0.000383172
1866,45,0.000923852
1866,46,0.000357378
1866,47,3.026e-05
1866,48,1.1e-07
1867,42,1.32224e-06
1867,43,4.3212e-05
1867,44,0.000376344
1867,45,0.000931203
1867,46,0.00037008
1867,47,3.21732e-05
1867,48,7e-08
1868,42,1.22401e-06
1868,43,4.13623e-05
1868,44,0.000369364
1868,45,0.000938205
1868,46,0.000383003
1868,47,3.42758e-05
1868,48,1.4e-07
1869,42,1.16038e-06
1869,43,3.96262e-05
1869,44,0.000362351
1869,45,0.000944613
1869,46,0.000396229
1869,47,3.64729e-05
1869,48,1.6e-07
1870,42,1.08112e-06
1870,43,3.78859e-05
1870,44,0.00035536
1870,45,0.000950592
1870,46,0.000409702
1870,47,3.87701e-05
1870,48,1.8e-07
1871,42,1.02598e-06
1871,43,3.62531e-05
1871,44,0.000348278
1871,45,0.000956071
1871,46,0.000423365
1871,47,4.1261e-05
1871,48,2.48126e-07
1872,42,9.74746e-07
1872,43,3.4621e-05
1872,44,0.000341092
1872,45,0.000961227
1872,46,0.000437239
1872,47,4.37318e-05
1872,48,2.87365e-07
1873,42,8.87205e-07
1873,43,3.30447e-05
1873,44,0.000334011
1873,45,0.000965728
1873,46,0.000451303
1873,47,4.64641e-05
1873,48,2.98039e-07
1874,42,8.13155e-07
1874,43,3.15828e-05
1874,44,0.000326858
1874,45,0.000969723
1874,46,0.000465467
1874,47,4.93893e-05
1874,48,3.40242e-07
1875,42,7.62406e-07
1875,43,3.01237e-05
1875,44,0.000319712
1875,45,0.000973232
1875,46,0.000479958
1875,47,5.2329e-05
1875,48,4.24869e-07
1876,42,7.00442e-07
1876,43,2.87471e-05
1876,44,0.000312548
1876,45,0.000976185
1876,46,0.000494516
1876,47,5.54936e-05
1876,48,5.02869e-07
1877,42,6.62095e-07
1877,43,2.73803e-05
1877,44,0.000305434
1877,45,0.000978614
1877,46,0.000509297
1877,47,5.87061e-05
1877,48,5.62303e-07
1878,42,5.86132e-07
1878,43,2.61428e-05
1878,44,0.000298276
1878,45,0.000980472
1878,46,0.000524188
1878,47,6.21354e-05
1878,48,6.46125e-07
1879,42,4.29906e-07
1879,43,2.49328e-05
1879,44,0.0002912
1879,45,0.000981861
1879,46,0.000539236
1879,47,6.55471e-05
1879,48,7.64615e-07
1880,42,4.41466e-07
1880,43,2.36592e-05
1880,44,0.000284082
1880,45,0.000982687
1880,46,0.000554357
1880,47,6.92278e-05
1880,48,8.37297e-07
1881,42,4.15951e-07
1881,43,2.25217e-05
1881,44,0.000277018
1881,45,0.000982915
1881,46,0.000569632
1881,47,7.29985e-05
1881,48,1.00443e-06
1882,42,4.12062e-07
1882,43,2.14086e-05
1882,44,0.000270016
1882,45,0.000982501
1882,46,0.000585026
1882,47,7.70786e-05
1882,48,1.11629e-06
1883,42,4.22886e-07
1883,43,2.03393e-05
1883,44,0.00026307
1883,45,0.000981533
1883,46,0.000600522
1883,47,8.12065e-05
1883,48,1.33222e-06
1884,42,4.49653e-07
1884,43,1.93326e-05
1884,44,0.000256094
1884,45,0.000980019
1884,46,0.000615973
1884,47,8.56423e-05
1884,48,1.51708e-06
1885,42,4.18806e-07
1885,43,1.83567e-05
1885,44,0.000249188
1885,45,0.00097794
1885,46,0.00063142
1885,47,9.02671e-05
1885,48,1.74916e-06
1886,42,3.79971e-07
1886,43,1.74509e-05
1886,44,0.000242336
1886,45,0.000975265
1886,46,0.000646952
1886,47,9.49653e-05
1886,48,1.94369e-06
1887,42,3.95928e-07
1887,43,1.65532e-05
1887,44,0.000235542
1887,45,0.000972127
1887,46,0.000662391
1887,47,9.98862e-05
1887,48,2.13949e-06
1888,42,3.70761e-07
1888,43,1.57224e-05
1888,44,0.000228773
1888,45,0.000968428
1888,46,0.000677853
1888,47,0.000104944
1888,48,2.40503e-06
1889,42,3.71361e-07
1889,43,1.49273e-05
1889,44,0.000222185
1889,45,0.000964103
1889,46,0.000693169
1889,47,0.000110299
1889,48,2.69896e-06
1890,42,3.44615e-07
1890,43,1.41468e-05
1890,44,0.000215639
1890,45,0.000959257
1890,46,0.000708346
1890,47,0.000115998
1890,48,2.93353e-06
1891,42,3.19666e-07
1891,43,1.34005e-05
1891,44,0.000209083
1891,45,0.000953856
1891,46,0.00072348
1891,47,0.000121987
1891,48,3.16206e-06
1892,42,2.74284e-07
1892,43,1.27165e-05
1892,44,0.000202721
1892,45,0.000947968
1892,46,0.000738501
1892,47,0.000127903
1892,48,3.50387e-06
1893,42,2.3e-07
1893,43,1.2054e-05
1893,44,0.000196455
1893,45,0.00094152
1893,46,0.000753305
1893,47,0.000134107
1893,48,3.80951e-06
1894,42,2.21178e-07
1894,43,1.14328e-05
1894,44,0.000190185
1894,45,0.000934523
1894,46,0.000768149
1894,47,0.000140471
1894,48,4.13025e-06
1895,42,1.82963e-07
1895,43,1.08709e-05
1895,44,0.00018407
1895,45,0.000927027
1895,46,0.000782623
1895,47,0.000147144
1895,48,4.47048e-06
1896,42,1.7e-07
1896,43,1.0279e-05
1896,44,0.000178033
1896,45,0.000919012
1896,46,0.000796951
1896,47,0.000154029
1896,48,4.81051e-06
1897,42,1.9e-07
1897,43,9.70471e-06
1897,44,0.000172116
1897,45,0.000910523
1897,46,0.000811031
1897,47,0.000161138
1897,48,5.18065e-06
1898,42,2.3e-07
1898,43,9.16759e-06
1898,44,0.000166343
1898,45,0.000901492
1898,46,0.00082486
1898,47,0.000168435
1898,48,5.58459e-06
1899,42,2.00954e-07
1899,43,8.65607e-06
1899,44,0.000160606
1899,45,0.000892044
1899,46,0.000838344
1899,47,0.000175956
1899,48,6.04617e-06
1900,42,1.52548e-07
1900,43,8.1692e-06
1900,44,0.000155018
1900,45,0.000882214
1900,46,0.00085154
1900,47,0.000183624
1900,48,6.57474e-06
1901,42,1.3e-07
1901,43,7.70605e-06
1901,44,0.000149501
1901,45,0.000871906
1901,46,0.000864405
1901,47,0.000191654
1901,48,7.07288e-06
1902,42,1.7e-07
1902,43,7.26569e-06
1902,44,0.000144087
1902,45,0.000861209
1902,46,0.000877066
1902,47,0.000199703
1902,48,7.57803e-06
1903,42,1.4e-07
1903,43,6.84265e-06
1903,44,0.000138868
1903,45,0.00085012
1903,46,0.000889163
1903,47,0.00020818
1903,48,8.12338e-06
1904,42,1.3e-07
1904,43,6.41072e-06
1904,44,0.000133754
1904,45,0.000838625
1904,46,0.000901042
1904,47,0.00021659
1904,48,8.8209e-06
1904,49,1e-08
1905,42,1.5e-07
1905,43,6.01869e-06
1905,44,0.000128716
1905,45,0.000826955
1905,46,0.000912343
1905,47,0.000225365
1905,48,9.50837e-06
1905,49,3e-08
1906,42,1e-07
1906,43,5.66633e-06
1906,44,0.000123857
1906,45,0.000814825
1906,46,0.000923254
1906,47,0.000234424
1906,48,1.02406e-05
1906,49,2e-08
1907,42,4e-08
1907,43,5.35327e-06
1907,44,0.000119117
1907,45,0.000802377
1907,46,0.000933715
1907,47,0.000243641
1907,48,1.09409e-05
1907,49,6e-08
1908,42,3e-08
1908,43,5.0542e-06
1908,44,0.000114405
1908,45,0.00078968
1908,46,0.000943709
1908,47,0.000253075
1908,48,1.15896e-05
1908,49,1e-07
1909,42,2e-08
1909,43,4.72198e-06
1909,44,0.000109874
1909,45,0.000776675
1909,46,0.000953235
1909,47,0.000262588
1909,48,1.24458e-05
1909,49,1.08467e-07
1910,42,2e-08
1910,43,4.4159e-06
1910,44,0.000105432
1910,45,0.000763403
1910,46,0.000962146
1910,47,0.00027245
1910,48,1.32671e-05
1910,49,1.17595e-07
1911,43,4.14583e-06
1911,44,0.000101152
1911,45,0.000749943
1911,46,0.000970525
1911,47,0.00028249
1911,48,1.41629e-05
1911,49,1.27428e-07
1912,43,3.89046e-06
1912,44,9.69605e-05
1912,45,0.000736276
1912,46,0.000978494
1912,47,0.000292649
1912,48,1.51041e-05
1912,49,1.48018e-07
1913,43,3.6431e-06
1913,44,9.29294e-05
1913,45,0.000722391
1913,46,0.000985762
1913,47,0.000302925
1913,48,1.61937e-05
1913,49,1.7024e-07
1914,43,3.39112e-06
1914,44,8.90064e-05
1914,45,0.00070838
1914,46,0.000992453
1914,47,0.0003134
1914,48,1.73146e-05
1914,49,1.84208e-07
1915,43,3.19155e-06
1915,44,8.52113e-05
1915,45,0.000694134
1915,46,0.000998664
1915,47,0.000323885
1915,48,1.85487e-05
1915,49,1.99224e-07
1916,43,2.98381e-06
1916,44,8.14928e-05
1916,45,0.000679856
1916,46,0.00100423
1916,47,0.00033471
1916,48,1.96894e-05
1916,49,2.2536e-07
1917,43,2.78733e-06
1917,44,7.79316e-05
1917,45,0.000665383
1917,46,0.00100914
1917,47,0.000345491
1917,48,2.11564e-05
1917,49,2.32689e-07
1918,43,2.58156e-06
1918,44,7.44747e-05
1918,45,0.000650879
1918,46,0.00101344
1918,47,0.000356532
1918,48,2.25585e-05
1918,49,2.61289e-07
1919,43,2.40597e-06
1919,44,7.11214e-05
1919,45,0.000636333
1919,46,0.00101715
1919,47,0.00036774
1919,48,2.39692e-05
1919,49,2.91244e-07
1920,43,2.27006e-06
1920,44,6.78807e-05
1920,45,0.000621682
1920,46,0.00102018
1920,47,0.000379057
1920,48,2.55246e-05
1920,49,3.2264e-07
1921,43,2.13437e-06
1921,44,6.4781e-05
1921,45,0.000606987
1921,46,0.00102259
1921,47,0.000390439
1921,48,2.71488e-05
1921,49,3.6557e-07
1922,43,2.00499e-06
1922,44,6.17792e-05
1922,45,0.000592299
1922,46,0.00102436
1922,47,0.000402019
1922,48,2.8696e-05
1922,49,3.81686e-07
1923,43,1.94596e-06
1923,44,5.88742e-05
1923,45,0.000577616
1923,46,0.00102537
1923,47,0.000413727
1923,48,3.03929e-05
1923,49,3.99643e-07
1924,43,1.86105e-06
1924,44,5.60844e-05
1924,45,0.000563015
1924,46,0.00102586
1924,47,0.000425442
1924,48,3.21931e-05
1924,49,4.29557e-07
1925,43,1.72811e-06
1925,44,5.34074e-05
1925,45,0.000548384
1925,46,0.0010257
1925,47,0.000437183
1925,48,3.41052e-05
1925,49,5.01546e-07
1926,43,1.68211e-06
1926,44,5.08309e-05
1926,45,0.000533869
1926,46,0.00102488
1926,47,0.000448774
1926,48,3.62258e-05
1926,49,5.36494e-07
1927,43,1.5677e-06
1927,44,4.83427e-05
1927,45,0.000519499
1927,46,0.00102338
1927,47,0.000460579
1927,48,3.82475e-05
1927,49,5.83828e-07
1928,43,1.52943e-06
1928,44,4.5961e-05
1928,45,0.000505144
1928,46,0.00102133
1928,47,0.000472237
1928,48,4.04598e-05
1928,49,6.45181e-07
1929,43,1.38304e-06
1929,44,4.36251e-05
1929,45,0.000490874
1929,46,0.0010186
1929,47,0.000483903
1929,48,4.28097e-05
1929,49,6.89311e-07
1930,43,1.24561e-06
1930,44,4.1384e-05
1930,45,0.000476773
1930,46,0.00101522
1930,47,0.000495674
1930,48,4.51519e-05
1930,49,7.36378e-07
1931,43,1.11906e-06
1931,44,3.93032e-05
1931,45,0.000462725
1931,46,0.00101135
1931,47,0.000507497
1931,48,4.74851e-05
1931,49,8.26552e-07
1932,43,1.02182e-06
1932,44,3.72787e-05
1932,45,0.000448915
1932,46,0.00100676
1932,47,0.000519272
1932,48,4.98443e-05
1932,49,9.40736e-07
1933,43,1.00816e-06
1933,44,3.53383e-05
1933,45,0.000435262
1933,46,0.00100164
1933,47,0.000530913
1933,48,5.2443e-05
1933,49,1.00844e-06
1934,43,9.07997e-07
1934,44,3.35007e-05
1934,45,0.000421779
1934,46,0.000995837
1934,47,0.000542604
1934,48,5.52176e-05
1934,49,1.13056e-06
1935,43,8.21128e-07
1935,44,3.17219e-05
1935,45,0.00040852
1935,46,0.000989524
1935,47,0.000554142
1935,48,5.80525e-05
1935,49,1.30665e-06
1936,43,7.30543e-07
1936,44,3.00311e-05
1936,45,0.000395401
1936,46,0.000982605
1936,47,0.000565632
1936,48,6.09607e-05
1936,49,1.46397e-06
1937,43,6.7666e-07
1937,44,2.84354e-05
1937,45,0.000382525
1937,46,0.000975187
1937,47,0.000576959
1937,48,6.40079e-05
1937,49,1.56384e-06
1938,43,6.05049e-07
1938,44,2.69015e-05
1938,45,0.000369806
1938,46,0.000967224
1938,47,0.000588079
1938,48,6.71678e-05
1938,49,1.69068e-06
1939,43,5.45572e-07
1939,44,2.54474e-05
1939,45,0.000357228
1939,46,0.000958811
1939,47,0.000599175
1939,48,7.0412e-05
1939,49,1.81348e-06
1940,43,4.78098e-07
1940,44,2.40504e-05
1940,45,0.000344987
1940,46,0.000949916
1940,47,0.000610045
1940,48,7.37642e-05
1940,49,1.88393e-06
1941,43,4.32503e-07
1941,44,2.27186e-05
1941,45,0.000332978
1941,46,0.000940456
1941,47,0.000620785
1941,48,7.7222e-05
1941,49,2.06241e-06
1942,43,3.88669e-07
1942,44,2.14499e-05
1942,45,0.000321326
1942,46,0.00093052
1942,47,0.000631289
1942,48,8.07264e-05
1942,49,2.30868e-06
1943,43,3.06486e-07
1943,44,2.0252e-05
1943,45,0.000309815
1943,46,0.000920198
1943,47,0.000641654
1943,48,8.44085e-05
1943,49,2.55446e-06
1943,50,1e-08
1944,43,2.87881e-07
1944,44,1.9112e-05
1944,45,0.000298611
1944,46,0.000909478
1944,47,0.000651765
1944,48,8.8234e-05
1944,49,2.72754e-06
1945,43,2.6604e-07
1945,44,1.80179e-05
1945,45,0.000287654
1945,46,0.000898399
1945,47,0.000661649
1945,48,9.21093e-05
1945,49,2.92878e-06
1946,43,2.46743e-07
1946,44,1.6988e-05
1946,45,0.000276947
1946,46,0.000886781
1946,47,0.000671362
1946,48,9.61753e-05
1946,49,3.20058e-06
1947,43,2.64808e-07
1947,44,1.60096e-05
1947,45,0.00026644
1947,46,0.000874837
1947,47,0.000680832
1947,48,0.000100288
1947,49,3.46345e-06
1948,43,2.46945e-07
1948,44,1.50808e-05
1948,45,0.000256242
1948,46,0.000862539
1948,47,0.000689987
1948,48,0.000104582
1948,49,3.70919e-06
1949,43,2.265e-07
1949,44,1.41995e-05
1949,45,0.000246311
1949,46,0.000849957
1949,47,0.000698904
1949,48,0.000108971
1949,49,3.87652e-06
1950,43,2.1e-07
1950,44,1.33637e-05
1950,45,0.000236621
1950,46,0.000837123
1950,47,0.000707461
1950,48,0.000113554
1950,49,4.09659e-06
1951,43,1.80745e-07
1951,44,1.25715e-05
1951,45,0.000227253
1951,46,0.000824057
1951,47,0.000715726
1951,48,0.000118181
1951,49,4.38999e-06
1952,43,1.72166e-07
1952,44,1.17971e-05
1952,45,0.000218113
1952,46,0.00081066
1952,47,0.000723709
1952,48,0.000122885
1952,49,4.73545e-06
1953,43,1.6e-07
1953,44,1.10423e-05
1953,45,0.000209172
1953,46,0.000797085
1953,47,0.000731309
1953,48,0.000127842
1953,49,5.04654e-06
1954,43,1.9e-07
1954,44,1.03654e-05
1954,45,0.000200535
1954,46,0.000783352
1954,47,0.000738545
1954,48,0.000132766
1954,49,5.41578e-06
1954,50,1e-08
1955,43,1.50583e-07
1955,44,9.70837e-06
1955,45,0.000192136
1955,46,0.000769422
1955,47,0.000745508
1955,48,0.000137876
1955,49,5.79399e-06
1955,50,1e-08
1956,43,1.21869e-07
1956,44,9.09871e-06
1956,45,0.000184065
1956,46,0.000755268
1956,47,0.000752089
1956,48,0.000143036
1956,49,6.27138e-06
1956,50,2e-08
1957,43,4e-08
1957,44,8.58664e-06
1957,45,0.000176229
1957,46,0.00074092
1957,47,0.00075832
1957,48,0.000148448
1957,49,6.75537e-06
1957,50,2e-08
1958,43,2e-08
1958,44,8.07844e-06
1958,45,0.000168639
1958,46,0.000726589
1958,47,0.000764233
1958,48,0.000153841
1958,49,7.2177e-06
1958,50,1e-08
1959,43,2e-08
1959,44,7.55057e-06
1959,45,0.000161243
1959,46,0.000712074
1959,47,0.000769761
1959,48,0.000159424
1959,49,7.72128e-06
1960,43,2e-08
1960,44,7.06094e-06
1960,45,0.00015419
1960,46,0.000697475
1960,47,0.000774888
1960,48,0.000165077
1960,49,8.22992e-06
1961,43,1e-08
1961,44,6.55329e-06
1961,45,0.000147366
1961,46,0.000682863
1961,47,0.000779529
1961,48,0.000170775
1961,49,8.80347e-06
1962,44,6.10812e-06
1962,45,0.000140761
1962,46,0.000668225
1962,47,0.000783757
1962,48,0.000176667
1962,49,9.42466e-06
1963,44,5.74682e-06
1963,45,0.000134365
1963,46,0.000653548
1963,47,0.000787737
1963,48,0.000182581
1963,49,9.9623e-06
1964,44,5.37786e-06
1964,45,0.000128196
1964,46,0.000638853
1964,47,0.000791277
1964,48,0.000188685
1964,49,1.05869e-05
1965,44,4.94024e-06
1965,45,0.000122198
1965,46,0.000624328
1965,47,0.000794372
1965,48,0.000194759
1965,49,1.13199e-05
1966,44,4.63906e-06
1966,45,0.000116408
1966,46,0.000609781
1966,47,0.000797061
1966,48,0.000200965
1966,49,1.19709e-05
1967,44,4.39653e-06
1967,45,0.000110902
1967,46,0.00059517
1967,47,0.000799321
1967,48,0.000207353
1967,49,1.26842e-05
1967,50,1e-08
1968,44,4.10442e-06
1968,45,0.000105666
1968,46,0.000580636
1968,47,0.00080125
1968,48,0.000213769
1968,49,1.34219e-05
1968,50,3e-08
1969,44,3.7735e-06
1969,45,0.000100631
1969,46,0.000566063
1969,47,0.00080282
1969,48,0.000220221
1969,49,1.42797e-05
1969,50,3e-08
1970,44,3.51116e-06
1970,45,9.57335e-05
1970,46,0.000551688
1970,47,0.000803949
1970,48,0.000226795
1970,49,1.51642e-05
1970,50,3e-08
1971,44,3.25375e-06
1971,45,9.10611e-05
1971,46,0.000537352
1971,47,0.000804678
1971,48,0.000233487
1971,49,1.61751e-05
1971,50,3e-08
1972,44,3.06046e-06
1972,45,8.65897e-05
1972,46,0.000523161
1972,47,0.000805029
1972,48,0.000240175
1972,49,1.70751e-05
1972,50,2e-08
1973,44,2.8505e-06
1973,45,8.22879e-05
1973,46,0.000509228
1973,47,0.000804842
1973,48,0.000246987
1973,49,1.80974e-05
1973,50,3e-08
1974,44,2.62312e-06
1974,45,7.81989e-05
1974,46,0.000495318
1974,47,0.000804352
1974,48,0.000253807
1974,49,1.91984e-05
1974,50,3e-08
1975,44,2.4176e-06
1975,45,7.42537e-05
1975,46,0.000481604
1975,47,0.000803391
1975,48,0.00026072
1975,49,2.03709e-05
1975,50,3e-08
1976,44,2.23713e-06
1976,45,7.0535e-05
1976,46,0.000467928
1976,47,0.000802162
1976,48,0.000267692
1976,49,2.15074e-05
1976,50,5e-08
1977,44,2.04497e-06
1977,45,6.69689e-05
1977,46,0.000454566
1977,47,0.00080041
1977,48,0.000274781
1977,49,2.263e-05
1977,50,5e-08
1978,44,1.93429e-06
1978,45,6.34859e-05
1978,46,0.0004414
1978,47,0.000798269
1978,48,0.000281883
1978,49,2.38333e-05
1978,50,7e-08
1979,44,1.83138e-06
1979,45,6.01759e-05
1979,46,0.00042829
1979,47,0.000795945
1979,48,0.000288902
1979,49,2.51683e-05
1979,50,1.1e-07
1980,44,1.69816e-06
1980,45,5.70721e-05
1980,46,0.000415452
1980,47,0.000792944
1980,48,0.00029623
1980,49,2.65572e-05
1980,50,1.4e-07
1981,44,1.52724e-06
1981,45,5.40922e-05
1981,46,0.000402863
1981,47,0.000789672
1981,48,0.000303413
1981,49,2.80674e-05
1981,50,1.58069e-07
1982,44,1.37514e-06
1982,45,5.12296e-05
1982,46,0.000390468
1982,47,0.000786156
1982,48,0.000310566
1982,49,2.95159e-05
1982,50,1.66683e-07
1983,44,1.25915e-06
1983,45,4.84991e-05
1983,46,0.000378279
1983,47,0.000782272
1983,48,0.000317805
1983,49,3.09872e-05
1983,50,2.25877e-07
1984,44,1.15204e-06
1984,45,4.58872e-05
1984,46,0.000366259
1984,47,0.000778109
1984,48,0.000324985
1984,49,3.25485e-05
1984,50,2.35686e-07
1985,44,1.0141e-06
1985,45,4.33788e-05
1985,46,0.000354491
1985,47,0.000773554
1985,48,0.000332199
1985,49,3.42112e-05
1985,50,2.46864e-07
1986,44,9.40737e-07
1986,45,4.09975e-05
1986,46,0.000343019
1986,47,0.000768675
1986,48,0.000339324
1986,49,3.59696e-05
1986,50,2.98781e-07
1987,44,7.72199e-07
1987,45,3.87009e-05
1987,46,0.000331648
1987,47,0.000763442
1987,48,0.000346602
1987,49,3.78468e-05
1987,50,3.02192e-07
1988,44,7.24352e-07
1988,45,3.6528e-05
1988,46,0.000320699
1988,47,0.000757872
1988,48,0.000353809
1988,49,3.97782e-05
1988,50,3.67185e-07
1989,44,6.29783e-07
1989,45,3.44968e-05
1989,46,0.000309908
1989,47,0.000751987
1989,48,0.000361129
1989,49,4.17004e-05
1989,50,3.93855e-07
1990,44,5.78284e-07
1990,45,3.25378e-05
1990,46,0.000299392
1990,47,0.000745834
1990,48,0.000368299
1990,49,4.37982e-05
1990,50,4.81601e-07
1991,44,5.15921e-07
1991,45,3.07343e-05
1991,46,0.000289073
1991,47,0.000739395
1991,48,0.000375381
1991,49,4.60227e-05
1991,50,5.21181e-07
1992,44,4.51774e-07
1992,45,2.90155e-05
1992,46,0.000278971
1992,47,0.000732699
1992,48,0.000382567
1992,49,4.82175e-05
1992,50,5.72011e-07
1993,44,4.3175e-07
1993,45,2.72789e-05
1993,46,0.000269139
1993,47,0.000725697
1993,48,0.000389805
1993,49,5.04597e-05
1993,50,6.85539e-07
1994,44,3.53131e-07
1994,45,2.57511e-05
1994,46,0.000259559
1994,47,0.000718529
1994,48,0.000396849
1994,49,5.28262e-05
1994,50,7.55603e-07
1995,44,3.75826e-07
1995,45,2.42829e-05
1995,46,0.000250268
1995,47,0.000711065
1995,48,0.000403932
1995,49,5.53052e-05
1995,50,8.29541e-07
1996,44,3.49747e-07
1996,45,2.27641e-05
1996,46,0.000241164
1996,47,0.000703475
1996,48,0.000410879
1996,49,5.78296e-05
1996,50,8.96217e-07
1997,44,3.24811e-07
1997,45,2.14509e-05
1997,46,0.000232277
1997,47,0.000695532
1997,48,0.000417942
1997,49,6.0401e-05
1997,50,8.8646e-07
1998,44,3.70944e-07
1998,45,2.02461e-05
1998,46,0.000223707
1998,47,0.000687516
1998,48,0.000424669
1998,49,6.32898e-05
1998,50,9.49797e-07
1999,44,3.56023e-07
1999,45,1.90518e-05
1999,46,0.000215286
1999,47,0.000679315
1999,48,0.000431328
1999,49,6.61637e-05
1999,50,1.01707e-06
2000,44,3.32899e-07
2000,45,1.79045e-05
2000,46,0.000207082
2000,47,0.000670872
2000,48,0.000438075
2000,49,6.90929e-05
2000,50,1.15981e-06
2001,44,3.41449e-07
2001,45,1.68097e-05
2001,46,0.000199139
2001,47,0.000662258
2001,48,0.000444726
2001,49,7.21117e-05
2001,50,1.27426e-06
2002,44,2.81557e-07
2002,45,1.58897e-05
2002,46,0.000191493
2002,47,0.000653473
2002,48,0.000451196
2002,49,7.52479e-05
2002,50,1.38384e-06
2003,44,2.63118e-07
2003,45,1.50299e-05
2003,46,0.000183975
2003,47,0.000644589
2003,48,0.000457636
2003,49,7.84841e-05
2003,50,1.51078e-06
2004,44,1.96422e-07
2004,45,1.4134e-05
2004,46,0.000176768
2004,47,0.000635545
2004,48,0.000463883
2004,49,8.184e-05
2004,50,1.60484e-06
2005,44,1.9e-07
2005,45,1.33299e-05
2005,46,0.0001697
2005,47,0.000626315
2005,48,0.000470209
2005,49,8.51992e-05
2005,50,1.76574e-06
2006,44,2.39979e-07
2006,45,1.24957e-05
2006,46,0.00016293
2006,47,0.000616998
2006,48,0.000476302
2006,49,8.87299e-05
2006,50,1.92513e-06
2007,44,2.21421e-07
2007,45,1.17148e-05
2007,46,0.000156362
2007,47,0.000607554
2007,48,0.000482414
2007,49,9.23459e-05
2007,50,2.0209e-06
2008,44,2.04243e-07
2008,45,1.10373e-05
2008,46,0.000149967
2008,47,0.000597965
2008,48,0.00048831
2008,49,9.61277e-05
2008,50,2.20403e-06
2009,44,2.2e-07
2009,45,1.03188e-05
2009,46,0.000143879
2009,47,0.000588312
2009,48,0.000494177
2009,49,9.99906e-05
2009,50,2.41488e-06
2010,44,2.02827e-07
2010,45,9.72531e-06
2010,46,0.00013783
2010,47,0.000578582
2010,48,0.000499808
2010,49,0.000104032
2010,50,2.60201e-06
2011,44,1.7e-07
2011,45,8.97082e-06
2011,46,0.000132064
2011,47,0.000568808
2011,48,0.000505348
2011,49,0.000108188
2011,50,2.72938e-06
2012,44,1.2e-07
2012,45,8.29975e-06
2012,46,0.000126544
2012,47,0.000558988
2012,48,0.000510752
2012,49,0.000112332
2012,50,2.95566e-06
2013,44,8e-08
2013,45,7.74717e-06
2013,46,0.000121197
2013,47,0.000549182
2013,48,0.000515884
2013,49,0.000116659
2013,50,3.15438e-06
2014,44,5e-08
2014,45,7.23869e-06
2014,46,0.00011604
2014,47,0.000539369
2014,48,0.00052095
2014,49,0.000121023
2014,50,3.45615e-06
2015,44,7e-08
2015,45,6.88926e-06
2015,46,0.000110965
2015,47,0.000529357
2015,48,0.000525954
2015,49,0.000125552
2015,50,3.70283e-06
2015,51,1e-08
2016,44,4e-08
2016,45,6.35618e-06
2016,46,0.000106136
2016,47,0.000519529
2016,48,0.000530584
2016,49,0.000130328
2016,50,3.95214e-06
2016,51,1e-08
2017,44,6e-08
2017,45,5.98213e-06
2017,46,0.000101607
2017,47,0.000509678
2017,48,0.000535023
2017,49,0.000135118
2017,50,4.30527e-06
2017,51,2e-08
2018,44,5e-08
2018,45,5.6612e-06
2018,46,9.7149e-05
2018,47,0.000499705
2018,48,0.000539397
2018,49,0.000140076
2018,50,4.6113e-06
2018,51,3e-08
2019,44,3e-08
2019,45,5.36659e-06
2019,46,9.28537e-05
2019,47,0.00048971
2019,48,0.000543622
2019,49,0.000145178
2019,50,4.96297e-06
2019,51,4e-08
2020,44,3e-08
2020,45,4.91523e-06
2020,46,8.8697e-05
2020,47,0.000479881
2020,48,0.000547675
2020,49,0.000150313
2020,50,5.32222e-06
2020,51,8e-08
2021,44,1e-08
2021,45,4.56397e-06
2021,46,8.47197e-05
2021,47,0.000470033
2021,48,0.000551512
2021,49,0.000155561
2021,50,5.68045e-06
2021,51,6e-08
2022,44,1e-08
2022,45,4.2308e-06
2022,46,8.08275e-05
2022,47,0.000460166
2022,48,0.000555129
2022,49,0.00016095
2022,50,6.12796e-06
2022,51,1e-07
2023,44,1e-08
2023,45,4.03102e-06
2023,46,7.71102e-05
2023,47,0.000450356
2023,48,0.000558564
2023,49,0.000166592
2023,50,6.54148e-06
2023,51,1.08183e-07
2024,45,3.79952e-06
2024,46,7.35893e-05
2024,47,0.000440574
2024,48,0.000561772
2024,49,0.000172261
2024,50,7.04525e-06
2024,51,1.17002e-07
2025,45,3.56521e-06
2025,46,7.01179e-05
2025,47,0.000430902
2025,48,0.00056474
2025,49,0.000178094
2025,50,7.57363e-06
2025,51,1.26504e-07
2026,45,3.29715e-06
2026,46,6.68818e-05
2026,47,0.000421317
2026,48,0.000567536
2026,49,0.000183982
2026,50,8.09348e-06
2026,51,1.36739e-07
2027,45,3.10299e-06
2027,46,6.37257e-05
2027,47,0.000411765
2027,48,0.000570127
2027,49,0.000190004
2027,50,8.60994e-06
2027,51,1.4776e-07
2028,45,2.95433e-06
2028,46,6.06994e-05
2028,47,0.000402332
2028,48,0.000572671
2028,49,0.000196041
2028,50,9.1736e-06
2028,51,1.59623e-07
2029,45,2.69231e-06
2029,46,5.77065e-05
2029,47,0.000392946
2029,48,0.000574866
2029,49,0.000202328
2029,50,9.8151e-06
2029,51,1.72391e-07
2030,45,2.48172e-06
2030,46,5.49285e-05
2030,47,0.000383549
2030,48,0.000576969
2030,49,0.000208779
2030,50,1.04341e-05
2030,51,1.86126e-07
2031,45,2.32198e-06
2031,46,5.22778e-05
2031,47,0.00037429
2031,48,0.00057881
2031,49,0.000215383
2031,50,1.11048e-05
2031,51,2.009e-07
2032,45,2.19509e-06
2032,46,4.98291e-05
2032,47,0.00036509
2032,48,0.000580296
2032,49,0.000222191
2032,50,1.17966e-05
2032,51,2.26784e-07
2033,45,2.03362e-06
2033,46,4.73515e-05
2033,47,0.000356185
2033,48,0.000581695
2033,49,0.000228907
2033,50,1.25622e-05
2033,51,2.44646e-07
2034,45,1.87233e-06
2034,46,4.49426e-05
2034,47,0.000347276
2034,48,0.000582796
2034,49,0.00023585
2034,50,1.33743e-05
2034,51,2.6384e-07
2035,45,1.75016e-06
2035,46,4.28174e-05
2035,47,0.000338479
2035,48,0.00058376
2035,49,0.000242832
2035,50,1.42742e-05
2035,51,2.84459e-07
2036,45,1.62658e-06
2036,46,4.07747e-05
2036,47,0.000329711
2036,48,0.000584654
2036,49,0.000249811
2036,50,1.51491e-05
2036,51,3.06603e-07
2037,45,1.61436e-06
2037,46,3.87067e-05
2037,47,0.000321175
2037,48,0.000585268
2037,49,0.000257001
2037,50,1.60658e-05
2037,51,3.30377e-07
2038,45,1.43853e-06
2038,46,3.67029e-05
2038,47,0.00031266
2038,48,0.000585673
2038,49,0.000264425
2038,50,1.70449e-05
2038,51,3.65894e-07
2039,45,1.27698e-06
2039,46,3.48539e-05
2039,47,0.000304263
2039,48,0.000585717
2039,49,0.000271884
2039,50,1.81225e-05
2039,51,3.93273e-07
2040,45,1.22373e-06
2040,46,3.29832e-05
2040,47,0.000295985
2040,48,0.000585612
2040,49,0.000279424
2040,50,1.92471e-05
2040,51,4.42642e-07
2041,45,1.10933e-06
2041,46,3.11547e-05
2041,47,0.00028786
2041,48,0.000585346
2041,49,0.000287029
2041,50,2.04411e-05
2041,51,4.94899e-07
2042,45,1.0375e-06
2042,46,2.95021e-05
2042,47,0.000279891
2042,48,0.000584831
2042,49,0.000294768
2042,50,2.15286e-05
2042,51,5.39478e-07
2043,45,9.92162e-07
2043,46,2.79406e-05
2043,47,0.000272014
2043,48,0.000584077
2043,49,0.00030265
2043,50,2.28294e-05
2043,51,5.87294e-07
2044,45,8.47384e-07
2044,46,2.64893e-05
2044,47,0.000264297
2044,48,0.000583136
2044,49,0.000310582
2044,50,2.41837e-05
2044,51,6.58563e-07
2045,45,8.14419e-07
2045,46,2.5065e-05
2045,47,0.00025665
2045,48,0.000582068
2045,49,0.000318509
2045,50,2.54814e-05
2045,51,7.33515e-07
2046,45,7.34362e-07
2046,46,2.36788e-05
2046,47,0.000249227
2046,48,0.000580714
2046,49,0.000326626
2046,50,2.68872e-05
2046,51,8.02393e-07
2047,45,7.00804e-07
2047,46,2.24729e-05
2047,47,0.000241823
2047,48,0.000579297
2047,49,0.000334831
2047,50,2.8263e-05
2047,51,8.75458e-07
2048,45,6.95028e-07
2048,46,2.13116e-05
2048,47,0.000234706
2048,48,0.000577467
2048,49,0.000343141
2048,50,2.979e-05
2048,51,9.49658e-07
2049,45,6.26878e-07
2049,46,2.02178e-05
2049,47,0.000227583
2049,48,0.000575587
2049,49,0.000351442
2049,50,3.14248e-05
2049,51,1.00907e-06
2050,45,5.84748e-07
2050,46,1.91109e-05
2050,47,0.0002206
2050,48,0.000573349
2050,49,0.000360068
2050,50,3.31802e-05
2050,51,1.09331e-06
2051,45,5.80105e-07
2051,46,1.8126e-05
2051,47,0.000213823
2051,48,0.000571066
2051,49,0.00036853
2051,50,3.49706e-05
2051,51,1.16267e-06
2052,45,5.40429e-07
2052,46,1.70756e-05
2052,47,0.000207197
2052,48,0.000568609
2052,49,0.000377059
2052,50,3.68785e-05
2052,51,1.25749e-06
2053,45,4.82814e-07
2053,46,1.60718e-05
2053,47,0.000200712
2053,48,0.00056581
2053,49,0.00038569
2053,50,3.88544e-05
2053,51,1.3681e-06
2054,45,4.71404e-07
2054,46,1.52396e-05
2054,47,0.000194353
2054,48,0.000562834
2054,49,0.000394339
2054,50,4.09409e-05
2054,51,1.49561e-06
2055,45,4.46467e-07
2055,46,1.43935e-05
2055,47,0.000188181
2055,48,0.000559663
2055,49,0.00040295
2055,50,4.32957e-05
2055,51,1.61973e-06
2056,45,4.88784e-07
2056,46,1.35921e-05
2056,47,0.000182066
2056,48,0.00055639
2056,49,0.000411745
2056,50,4.55483e-05
2056,51,1.75158e-06
2057,45,4.56534e-07
2057,46,1.2876e-05
2057,47,0.000176098
2057,48,0.000552909
2057,49,0.000420565
2057,50,4.78881e-05
2057,51,1.89235e-06
2058,45,4.62161e-07
2058,46,1.21589e-05
2058,47,0.000170297
2058,48,0.000549203
2058,49,0.000429351
2058,50,5.0365e-05
2058,51,2.0619e-06
2059,45,4.12421e-07
2059,46,1.14578e-05
2059,47,0.000164681
2059,48,0.000545415
2059,49,0.000438075
2059,50,5.30297e-05
2059,51,2.21004e-06
2060,45,4.59145e-07
2060,46,1.08004e-05
2060,47,0.00015921
2060,48,0.00054142
2060,49,0.000446891
2060,50,5.57178e-05
2060,51,2.42801e-06
2061,45,4.24964e-07
2061,46,1.01951e-05
2061,47,0.000153825
2061,48,0.000537271
2061,49,0.000455684
2061,50,5.84981e-05
2061,51,2.6578e-06
2062,45,3.8519e-07
2062,46,9.57108e-06
2062,47,0.000148554
2062,48,0.000532851
2062,49,0.000464617
2062,50,6.12823e-05
2062,51,2.89641e-06
2063,45,3.96838e-07
2063,46,9.03633e-06
2063,47,0.000143384
2063,48,0.000528367
2063,49,0.000473435
2063,50,6.42232e-05
2063,51,3.14732e-06
2064,45,3.808e-07
2064,46,8.49947e-06
2064,47,0.000138446
2064,48,0.000523721
2064,49,0.000482268
2064,50,6.73959e-05
2064,51,3.40195e-06
2064,52,1e-08
2065,45,3.22634e-07
2065,46,8.027e-06
2065,47,0.000133571
2065,48,0.000518938
2065,49,0.000491172
2065,50,7.05768e-05
2065,51,3.668e-06
2065,52,1e-08
2066,45,2.6e-07
2066,46,7.57969e-06
2066,47,0.00012883
2066,48,0.000513933
2066,49,0.000500049
2066,50,7.38049e-05
2066,51,3.96987e-06
2066,52,3e-08
2067,45,2.8e-07
2067,46,7.1709e-06
2067,47,0.000124174
2067,48,0.000508871
2067,49,0.000508902
2067,50,7.72213e-05
2067,51,4.24779e-06
2067,52,2e-08
2068,45,2.4e-07
2068,46,6.74497e-06
2068,47,0.000119692
2068,48,0.000503645
2068,49,0.000517625
2068,50,8.0731e-05
2068,51,4.58337e-06
2068,52,2e-08
2069,45,3.3e-07
2069,46,6.33082e-06
2069,47,0.000115314
2069,48,0.000498372
2069,49,0.000526367
2069,50,8.43861e-05
2069,51,4.90695e-06
2069,52,1e-08
2070,45,3.29303e-07
2070,46,5.93739e-06
2070,47,0.000111079
2070,48,0.000492916
2070,49,0.000535023
2070,50,8.81566e-05
2070,51,5.36156e-06
2070,52,2e-08
2071,45,3.10964e-07
2071,46,5.54591e-06
2071,47,0.000107033
2071,48,0.000487191
2071,49,0.000543725
2071,50,9.20976e-05
2071,51,5.76111e-06
2071,52,1e-08
2072,45,3.10218e-07
2072,46,5.18911e-06
2072,47,0.000102978
2072,48,0.000481555
2072,49,0.000552177
2072,50,9.62629e-05
2072,51,6.22557e-06
2072,52,1e-08
2073,45,3.21723e-07
2073,46,4.83317e-06
2073,47,9.90907e-05
2073,48,0.00047581
2073,49,0.000560588
2073,50,0.000100457
2073,51,6.67301e-06
2073,52,2e-08
2074,45,2.9e-07
2074,46,4.55579e-06
2074,47,9.53892e-05
2074,48,0.000469921
2074,49,0.00056897
2074,50,0.000104893
2074,51,7.08536e-06
2075,45,2.89923e-07
2075,46,4.26432e-06
2075,47,9.17643e-05
2075,48,0.000463985
2075,49,0.000577274
2075,50,0.000109344
2075,51,7.60462e-06
2076,45,3.006e-07
2076,46,4.00796e-06
2076,47,8.82081e-05
2076,48,0.000457886
2076,49,0.000585414
2076,50,0.000114001
2076,51,8.14422e-06
2077,45,2.62622e-07
2077,46,3.77903e-06
2077,47,8.47389e-05
2077,48,0.00045184
2077,49,0.000593409
2077,50,0.000118786
2077,51,8.76578e-06
2077,52,1e-08
2078,45,2.61994e-07
2078,46,3.61448e-06
2078,47,8.14387e-05
2078,48,0.000445511
2078,49,0.000601422
2078,50,0.000123681
2078,51,9.39682e-06
2078,52,1e-08
2079,45,1.7e-07
2079,46,3.35726e-06
2079,47,7.82793e-05
2079,48,0.000439136
2079,49,0.000609255
2079,50,0.000128818
2079,51,1.00562e-05
2079,52,1e-08
2080,45,1e-07
2080,46,3.15694e-06
2080,47,7.5138e-05
2080,48,0.00043277
2080,49,0.0006168
2080,50,0.00013421
2080,51,1.07604e-05
2080,52,3e-08
2081,45,1.1e-07
2081,46,2.94602e-06
2081,47,7.21807e-05
2081,48,0.000426338
2081,49,0.000624297
2081,50,0.000139611
2081,51,1.14836e-05
2081,52,5e-08
2082,45,1.01303e-07
2082,46,2.68918e-06
2082,47,6.92654e-05
2082,48,0.000419856
2082,49,0.000631598
2082,50,0.000145189
2082,51,1.23008e-05
2082,52,5e-08
2083,45,9e-08
2083,46,2.47559e-06
2083,47,6.63736e-05
2083,48,0.000413397
2083,49,0.000638745
2083,50,0.000151017
2083,51,1.31293e-05
2083,52,5e-08
2084,45,8e-08
2084,46,2.32148e-06
2084,47,6.36202e-05
2084,48,0.000406797
2084,49,0.000645709
2084,50,0.000156973
2084,51,1.4073e-05
2084,52,8e-08
2085,45,8e-08
2085,46,2.18724e-06
2085,47,6.1022e-05
2085,48,0.000400132
2085,49,0.000652512
2085,50,0.000163126
2085,51,1.49579e-05
2085,52,1.5e-07
2086,45,7e-08
2086,46,2.06602e-06
2086,47,5.8408e-05
2086,48,0.000393497
2086,49,0.000659085
2086,50,0.000169448
2086,51,1.59745e-05
2086,52,1.71918e-07
2087,45,9e-08
2087,46,1.91546e-06
2087,47,5.59632e-05
2087,48,0.000386797
2087,49,0.000665521
2087,50,0.000175922
2087,51,1.70293e-05
2087,52,1.94802e-07
2088,45,1e-07
2088,46,1.85143e-06
2088,47,5.3582e-05
2088,48,0.000380028
2088,49,0.000671802
2088,50,0.000182689
2088,51,1.81418e-05
2088,52,1.98725e-07
2089,45,9e-08
2089,46,1.72976e-06
2089,47,5.12643e-05
2089,48,0.000373225
2089,49,0.00067786
2089,50,0.000189461
2089,51,1.93548e-05
2089,52,2.33765e-07
2090,45,1.1e-07
2090,46,1.6476e-06
2090,47,4.91004e-05
2090,48,0.000366473
2090,49,0.000683678
2090,50,0.000196364
2090,51,2.06613e-05
2090,52,2.60845e-07
2091,45,1.01084e-07
2091,46,1.57156e-06
2091,47,4.70292e-05
2091,48,0.000359657
2091,49,0.000689288
2091,50,0.000203566
2091,51,2.19865e-05
2091,52,3.09284e-07
2092,45,1.5e-07
2092,46,1.4313e-06
2092,47,4.49858e-05
2092,48,0.000352852
2092,49,0.000694612
2092,50,0.000210865
2092,51,2.34002e-05
2092,52,3.19183e-07
2093,45,1.37775e-07
2093,46,1.33651e-06
2093,47,4.29236e-05
2093,48,0.000346033
2093,49,0.000699733
2093,50,0.000218309
2093,51,2.48312e-05
2093,52,3.5065e-07
2094,45,1.26516e-07
2094,46,1.25798e-06
2094,47,4.0905e-05
2094,48,0.000339214
2094,49,0.000704674
2094,50,0.000225894
2094,51,2.6402e-05
2094,52,4.04625e-07
2095,45,1.16149e-07
2095,46,1.23261e-06
2095,47,3.91366e-05
2095,48,0.000332401
2095,49,0.000709329
2095,50,0.000233769
2095,51,2.80338e-05
2095,52,4.50472e-07
2096,45,1.06606e-07
2096,46,1.0981e-06
2096,47,3.73469e-05
2096,48,0.00032571
2096,49,0.0007137
2096,50,0.000241727
2096,51,2.99389e-05
2096,52,4.59962e-07
2097,45,1.1e-07
2097,46,1.09445e-06
2097,47,3.56972e-05
2097,48,0.00031896
2097,49,0.000717752
2097,50,0.000249964
2097,51,3.18772e-05
2097,52,5.33361e-07
2098,45,1.00913e-07
2098,46,1.06839e-06
2098,47,3.41541e-05
2098,48,0.000312208
2098,49,0.000721528
2098,50,0.000258441
2098,51,3.39351e-05
2098,52,5.90141e-07
2099,45,7e-08
2099,46,9.97606e-07
2099,47,3.25529e-05
2099,48,0.00030544
2099,49,0.000725181
2099,50,0.000266901
2099,51,3.60248e-05
2099,52,6.39734e-07
2100,45,6e-08
2100,46,9.557e-07
2100,47,3.09822e-05
2100,48,0.00029875
2100,49,0.000728508
2100,50,0.000275509
2100,51,3.82742e-05
2100,52,7.31189e-07
2101,45,5e-08
2101,46,8.76508e-07
2101,47,2.95485e-05
2101,48,0.000292122
2101,49,0.000731492
2101,50,0.000284387
2101,51,4.05083e-05
2101,52,7.89745e-07
2102,45,6e-08
2102,46,8.09137e-07
2102,47,2.81768e-05
2102,48,0.000285469
2102,49,0.000734198
2102,50,0.000293377
2102,51,4.29539e-05
2102,52,8.72712e-07
2103,45,5e-08
2103,46,7.61359e-07
2103,47,2.68411e-05
2103,48,0.000278856
2103,49,0.000736652
2103,50,0.000302435
2103,51,4.55445e-05
2103,52,9.51192e-07
2104,45,8e-08
2104,46,6.7097e-07
2104,47,2.55506e-05
2104,48,0.000272327
2104,49,0.000738789
2104,50,0.000311686
2104,51,4.81615e-05
2104,52,1.05478e-06
2105,45,1.2e-07
2105,46,6.48328e-07
2105,47,2.42437e-05
2105,48,0.000265895
2105,49,0.000740595
2105,50,0.000321127
2105,51,5.09049e-05
2105,52,1.2246e-06
2106,45,1.09872e-07
2106,46,5.71846e-07
2106,47,2.31507e-05
2106,48,0.000259472
2106,49,0.000742077
2106,50,0.000330704
2106,51,5.38394e-05
2106,52,1.33345e-06
2107,45,1.00575e-07
2107,46,4.97071e-07
2107,47,2.20265e-05
2107,48,0.000253113
2107,49,0.000743271
2107,50,0.000340493
2107,51,5.68722e-05
2107,52,1.51037e-06
2108,45,6e-08
2108,46,4.53899e-07
2108,47,2.08976e-05
2108,48,0.000246801
2108,49,0.000744174
2108,50,0.000350323
2108,51,6.00556e-05
2108,52,1.64668e-06
2109,45,9e-08
2109,46,4.92234e-07
2109,47,1.97925e-05
2109,48,0.000240469
2109,49,0.000744834
2109,50,0.000360256
2109,51,6.34593e-05
2109,52,1.77224e-06
2110,45,9e-08
2110,46,4.51984e-07
2110,47,1.879e-05
2110,48,0.000234262
2110,49,0.000745178
2110,50,0.000370233
2110,51,6.69592e-05
2110,52,1.96767e-06
2111,45,7e-08
2111,46,4.45409e-07
2111,47,1.78021e-05
2111,48,0.000228103
2111,49,0.000745105
2111,50,0.000380459
2111,51,7.06371e-05
2111,52,2.12361e-06
2112,45,7e-08
2112,46,4.05387e-07
2112,47,1.69005e-05
2112,48,0.000222007
2112,49,0.000744643
2112,50,0.00039081
2112,51,7.44692e-05
2112,52,2.27761e-06
2113,45,4e-08
2113,46,4.2888e-07
2113,47,1.60982e-05
2113,48,0.000216114
2113,49,0.000743961
2113,50,0.00040121
2113,51,7.8522e-05
2113,52,2.46402e-06
2114,45,3e-08
2114,46,4.51378e-07
2114,47,1.52468e-05
2114,48,0.000210211
2114,49,0.000742849
2114,50,0.000411739
2114,51,8.27905e-05
2114,52,2.7144e-06
2115,45,4e-08
2115,46,4.46543e-07
2115,47,1.44747e-05
2115,48,0.000204426
2115,49,0.000741407
2115,50,0.000422302
2115,51,8.72706e-05
2115,52,2.92115e-06
2116,45,5e-08
2116,46,3.53725e-07
2116,47,1.38079e-05
2116,48,0.000198689
2116,49,0.000739705
2116,50,0.000432918
2116,51,9.19327e-05
2116,52,3.1338e-06
2117,45,3e-08
2117,46,3.07788e-07
2117,47,1.31618e-05
2117,48,0.000192992
2117,49,0.000737743
2117,50,0.000443672
2117,51,9.66618e-05
2117,52,3.4041e-06
2118,45,3e-08
2118,46,3.1e-07
2118,47,1.25271e-05
2118,48,0.000187418
2118,49,0.000735373
2118,50,0.000454424
2118,51,0.000101729
2118,52,3.68316e-06
2119,45,3e-08
2119,46,3.11385e-07
2119,47,1.19169e-05
2119,48,0.00018194
2119,49,0.000732736
2119,50,0.000465284
2119,51,0.000106887
2119,52,3.99138e-06
2120,45,3e-08
2120,46,3.04708e-07
2120,47,1.13545e-05
2120,48,0.000176519
2120,49,0.000729675
2120,50,0.000476232
2120,51,0.000112305
2120,52,4.37069e-06
2121,45,2e-08
2121,46,3.13294e-07
2121,47,1.0716e-05
2121,48,0.000171188
2121,49,0.000726322
2121,50,0.000487224
2121,51,0.000117911
2121,52,4.74526e-06
2122,45,2e-08
2122,46,3.2201e-07
2122,47,1.01761e-05
2122,48,0.000166046
2122,49,0.000722809
2122,50,0.000498066
2122,51,0.000123829
2122,52,5.123e-06
2123,45,4e-08
2123,46,2.51979e-07
2123,47,9.59408e-06
2123,48,0.000160913
2123,49,0.00071899
2123,50,0.000509004
2123,51,0.000129918
2123,52,5.56529e-06
2124,45,2e-08
2124,46,2.2e-07
2124,47,9.16781e-06
2124,48,0.000155882
2124,49,0.000714799
2124,50,0.00051995
2124,51,0.000136252
2124,52,5.985e-06
2125,45,1e-08
2125,46,2.1e-07
2125,47,8.75533e-06
2125,48,0.000150955
2125,49,0.000710289
2125,50,0.000530823
2125,51,0.000142943
2125,52,6.44303e-06
2125,53,1e-08
2126,45,2e-08
2126,46,1.2e-07
2126,47,8.28447e-06
2126,48,0.000146138
2126,49,0.000705494
2126,50,0.000541788
2126,51,0.000149774
2126,52,6.87172e-06
2126,53,3e-08
2127,45,2e-08
2127,46,1.5e-07
2127,47,7.82074e-06
2127,48,0.000141434
2127,49,0.000700421
2127,50,0.000552667
2127,51,0.000156864
2127,52,7.4007e-06
2127,53,3e-08
2128,45,2e-08
2128,46,1.2e-07
2128,47,7.30871e-06
2128,48,0.000136806
2128,49,0.000695114
2128,50,0.000563497
2128,51,0.000164095
2128,52,8.0731e-06
2129,45,3e-08
2129,46,8e-08
2129,47,6.89686e-06
2129,48,0.000132252
2129,49,0.000689508
2129,50,0.000574254
2129,51,0.000171651
2129,52,8.70493e-06
2130,45,4e-08
2130,46,3e-08
2130,47,6.49654e-06
2130,48,0.000127813
2130,49,0.00068359
2130,50,0.000584926
2130,51,0.0001795
2130,52,9.37494e-06
2131,45,4e-08
2131,46,3e-08
2131,47,6.08952e-06
2131,48,0.000123571
2131,49,0.000677376
2131,50,0.00059558
2131,51,0.000187588
2131,52,1.01859e-05
2132,45,2e-08
2132,46,1e-08
2132,47,5.70995e-06
2132,48,0.000119312
2132,49,0.000670953
2132,50,0.000606173
2132,51,0.000195948
2132,52,1.09482e-05
2132,53,2e-08
2133,45,1e-08
2133,46,2e-08
2133,47,5.29623e-06
2133,48,0.000115267
2133,49,0.000664178
2133,50,0.000616663
2133,51,0.000204642
2133,52,1.18151e-05
2133,53,4e-08
2134,45,1e-08
2134,46,1e-08
2134,47,5.02022e-06
2134,48,0.000111247
2134,49,0.000657149
2134,50,0.000626986
2134,51,0.000213606
2134,52,1.27297e-05
2134,53,4e-08
2135,45,1e-08
2135,46,2e-08
2135,47,4.70892e-06
2135,48,0.000107212
2135,49,0.000650074
2135,50,0.000637118
2135,51,0.000222774
2135,52,1.3705e-05
2135,53,4e-08
2136,46,4e-08
2136,47,4.41166e-06
2136,48,0.000103362
2136,49,0.000642689
2136,50,0.000647053
2136,51,0.000232296
2136,52,1.47677e-05
2136,53,6e-08
2137,46,4e-08
2137,47,4.30845e-06
2137,48,9.94883e-05
2137,49,0.000635084
2137,50,0.000656867
2137,51,0.000242124
2137,52,1.57833e-05
2137,53,8e-08
2138,46,3e-08
2138,47,4.06865e-06
2138,48,9.58511e-05
2138,49,0.000627285
2138,50,0.000666518
2138,51,0.000252203
2138,52,1.6839e-05
2138,53,1.3e-07
2139,46,1e-08
2139,47,3.82206e-06
2139,48,9.22382e-05
2139,49,0.000619193
2139,50,0.000675942
2139,51,0.000262698
2139,52,1.80391e-05
2139,53,9e-08
2140,46,1e-08
2140,47,3.59807e-06
2140,48,8.87445e-05
2140,49,0.000611057
2140,50,0.000685093
2140,51,0.00027345
2140,52,1.93444e-05
2140,53,1.3e-07
2141,46,1e-08
2141,47,3.40854e-06
2141,48,8.54463e-05
2141,49,0.000602625
2141,50,0.000694148
2141,51,0.000284376
2141,52,2.07723e-05
2141,53,8e-08
2142,47,3.16806e-06
2142,48,8.21406e-05
2142,49,0.000594076
2142,50,0.000702842
2142,51,0.000295627
2142,52,2.22661e-05
2142,53,9e-08
2143,47,2.94279e-06
2143,48,7.89747e-05
2143,49,0.000585311
2143,50,0.000711362
2143,51,0.000307221
2143,52,2.3775e-05
2143,53,1.3e-07
2144,47,2.68254e-06
2144,48,7.58957e-05
2144,49,0.000576409
2144,50,0.000719585
2144,51,0.00031916
2144,52,2.5506e-05
2144,53,1.39453e-07
2145,47,2.59732e-06
2145,48,7.29357e-05
2145,49,0.000567381
2145,50,0.000727536
2145,51,0.000331202
2145,52,2.72628e-05
2145,53,1.49667e-07
2146,47,2.51002e-06
2146,48,7.01352e-05
2146,49,0.000558195
2146,50,0.000735232
2146,51,0.00034364
2146,52,2.90554e-05
2146,53,1.80698e-07
2147,47,2.33184e-06
2147,48,6.7312e-05
2147,49,0.000548842
2147,50,0.00074262
2147,51,0.00035641
2147,52,3.1022e-05
2147,53,2.33451e-07
2148,47,2.12537e-06
2148,48,6.45846e-05
2148,49,0.000539523
2148,50,0.000749628
2148,51,0.000369382
2148,52,3.3108e-05
2148,53,2.77212e-07
2149,47,2.00332e-06
2149,48,6.18631e-05
2149,49,0.000530016
2149,50,0.000756361
2149,51,0.000382701
2149,52,3.52389e-05
2149,53,2.9289e-07
2150,47,1.84823e-06
2150,48,5.92967e-05
2150,49,0.000520472
2150,50,0.00076265
2150,51,0.000396225
2150,52,3.75324e-05
2150,53,2.90622e-07
2151,47,1.73556e-06
2151,48,5.68096e-05
2151,49,0.00051079
2151,50,0.00076863
2151,51,0.000410107
2151,52,3.99277e-05
2151,53,3.29728e-07
2152,47,1.53933e-06
2152,48,5.44509e-05
2152,49,0.000501062
2152,50,0.000774291
2152,51,0.0004241
2152,52,4.2575e-05
2152,53,4.21127e-07
2153,47,1.42487e-06
2153,48,5.20888e-05
2153,49,0.000491247
2153,50,0.000779602
2153,51,0.00043834
2153,52,4.51805e-05
2153,53,4.93993e-07
2154,47,1.28557e-06
2154,48,4.97915e-05
2154,49,0.000481406
2154,50,0.000784523
2154,51,0.000452973
2154,52,4.80586e-05
2154,53,5.30166e-07
2155,47,1.19094e-06
2155,48,4.76355e-05
2155,49,0.000471538
2155,50,0.000788983
2155,51,0.000467848
2155,52,5.10285e-05
2155,53,6.59064e-07
2156,47,1.14074e-06
2156,48,4.55084e-05
2156,49,0.000461544
2156,50,0.000793083
2156,51,0.000482941
2156,52,5.4132e-05
2156,53,6.9087e-07
2157,47,1.03919e-06
2157,48,4.34655e-05
2157,49,0.000451574
2157,50,0.000796803
2157,51,0.000498245
2157,52,5.7354e-05
2157,53,7.46581e-07
2158,47,9.83419e-07
2158,48,4.1423e-05
2158,49,0.000441578
2158,50,0.000800126
2158,51,0.000513659
2158,52,6.08991e-05
2158,53,7.76455e-07
2159,47,9.51023e-07
2159,48,3.94038e-05
2159,49,0.000431575
2159,50,0.000803024
2159,51,0.000529175
2159,52,6.44365e-05
2159,53,8.39977e-07
2160,47,9.04077e-07
2160,48,3.77995e-05
2160,49,0.000421586
2160,50,0.000805399
2160,51,0.000544949
2160,52,6.81189e-05
2160,53,9.2817e-07
2161,47,8.63727e-07
2161,48,3.59768e-05
2161,49,0.00041167
2161,50,0.000807057
2161,51,0.00056107
2161,52,7.2019e-05
2161,53,1.08212e-06
2162,47,8.06481e-07
2162,48,3.4351e-05
2162,49,0.000401676
2162,50,0.000808619
2162,51,0.000577287
2162,52,7.60729e-05
2162,53,1.18228e-06
2163,47,7.03971e-07
2163,48,3.26722e-05
2163,49,0.000391743
2163,50,0.000809603
2163,51,0.000593525
2163,52,8.04351e-05
2163,53,1.30967e-06
2164,47,6.98407e-07
2164,48,3.10448e-05
2164,49,0.00038197
2164,50,0.000810163
2164,51,0.000609802
2164,52,8.49746e-05
2164,53,1.46551e-06
2165,47,7.0954e-07
2165,48,2.94625e-05
2165,49,0.000372113
2165,50,0.000810278
2165,51,0.00062621
2165,52,8.97175e-05
2165,53,1.57955e-06
2166,47,6.37033e-07
2166,48,2.79016e-05
2166,49,0.000362243
2166,50,0.000810113
2166,51,0.000642681
2166,52,9.46534e-05
2166,53,1.77306e-06
2167,47,5.79405e-07
2167,48,2.65171e-05
2167,49,0.000352521
2167,50,0.000809228
2167,51,0.000659345
2167,52,9.97921e-05
2167,53,1.99735e-06
2168,47,5.52092e-07
2168,48,2.5248e-05
2168,49,0.000342921
2168,50,0.000807922
2168,51,0.000676087
2168,52,0.000105073
2168,53,2.1713e-06
2169,47,4.10332e-07
2169,48,2.39365e-05
2169,49,0.000333503
2169,50,0.000806164
2169,51,0.000692712
2169,52,0.000110584
2169,53,2.3779e-06
2170,47,3.32245e-07
2170,48,2.27543e-05
2170,49,0.000324065
2170,50,0.000804026
2170,51,0.000709364
2170,52,0.000116381
2170,53,2.63865e-06
2171,47,3.00108e-07
2171,48,2.15514e-05
2171,49,0.000314723
2171,50,0.000801399
2171,51,0.000725897
2171,52,0.000122354
2171,53,2.90654e-06
2172,47,3.18766e-07
2172,48,2.04418e-05
2172,49,0.000305431
2172,50,0.000798396
2172,51,0.000742469
2172,52,0.00012849
2172,53,3.22038e-06
2173,47,2.58173e-07
2173,48,1.93665e-05
2173,49,0.000296299
2173,50,0.000794809
2173,51,0.000759008
2173,52,0.000134961
2173,53,3.48538e-06
2174,47,2.48282e-07
2174,48,1.84627e-05
2174,49,0.000287291
2174,50,0.000790794
2174,51,0.00077526
2174,52,0.000141695
2174,53,3.83843e-06
2174,54,1e-08
2175,47,2.69051e-07
2175,48,1.74263e-05
2175,49,0.000278411
2175,50,0.000786335
2175,51,0.00079154
2175,52,0.000148575
2175,53,4.17194e-06
2175,54,2e-08
2176,47,2.6044e-07
2176,48,1.65278e-05
2176,49,0.000269655
2176,50,0.000781418
2176,51,0.000807545
2176,52,0.000155812
2176,53,4.5484e-06
2176,54,3e-08
2177,47,1.82411e-07
2177,48,1.55322e-05
2177,49,0.000261028
2177,50,0.00077609
2177,51,0.000823469
2177,52,0.000163301
2177,53,4.92464e-06
2177,54,5e-08
2178,47,1.6e-07
2178,48,1.4682e-05
2178,49,0.000252524
2178,50,0.000770279
2178,51,0.000839286
2178,52,0.000171036
2178,53,5.31459e-06
2178,54,6e-08
2179,47,9e-08
2179,48,1.38094e-05
2179,49,0.000244161
2179,50,0.000764083
2179,51,0.000854735
2179,52,0.000178997
2179,53,5.83877e-06
2179,54,5e-08
2180,47,7e-08
2180,48,1.30636e-05
2180,49,0.000235981
2180,50,0.000757401
2180,51,0.000869996
2180,52,0.000187231
2180,53,6.36319e-06
2180,54,1e-07
2181,47,4e-08
2181,48,1.23681e-05
2181,49,0.000227957
2181,50,0.000750394
2181,51,0.000885006
2181,52,0.000195705
2181,53,6.87664e-06
2181,54,1.4e-07
2182,47,1e-08
2182,48,1.17284e-05
2182,49,0.000220083
2182,50,0.000743034
2182,51,0.000899691
2182,52,0.000204397
2182,53,7.46986e-06
2182,54,1.29909e-07
2183,48,1.10837e-05
2183,49,0.000212361
2183,50,0.000735237
2183,51,0.000914073
2183,52,0.000213447
2183,53,7.97895e-06
2183,54,1.5065e-07
2184,48,1.04661e-05
2184,49,0.000204862
2184,50,0.00072715
2184,51,0.000928046
2184,52,0.00022267
2184,53,8.579e-06
2184,54,1.73175e-07
2185,48,9.8486e-06
2185,49,0.00019751
2185,50,0.000718693
2185,51,0.000941693
2185,52,0.000232006
2185,53,9.33405e-06
2185,54,2.36737e-07
2186,48,9.33019e-06
2186,49,0.000190262
2186,50,0.000709909
2186,51,0.000954982
2186,52,0.000241677
2186,53,1.00848e-05
2186,54,2.31413e-07
2187,48,8.741e-06
2187,49,0.000183177
2187,50,0.000700853
2187,51,0.000967687
2187,52,0.000251623
2187,53,1.09213e-05
2187,54,2.27285e-07
2188,48,8.25357e-06
2188,49,0.00017627
2188,50,0.000691467
2188,51,0.000980033
2188,52,0.000261803
2188,53,1.16938e-05
2188,54,2.44443e-07
2189,48,7.7734e-06
2189,49,0.000169505
2189,50,0.000681777
2189,51,0.000991976
2189,52,0.000272224
2189,53,1.2541e-05
2189,54,3.22979e-07
2190,48,7.36142e-06
2190,49,0.000162957
2190,50,0.000671768
2190,51,0.00100344
2190,52,0.00028286
2190,53,1.34648e-05
2190,54,3.32994e-07
2191,48,6.90242e-06
2191,49,0.000156549
2191,50,0.000661517
2191,51,0.00101431
2191,52,0.000293817
2191,53,1.43883e-05
2191,54,3.64595e-07
2192,48,6.54542e-06
2192,49,0.000150348
2192,50,0.000651008
2192,51,0.00102462
2192,52,0.000304972
2192,53,1.54199e-05
2192,54,3.87893e-07
2193,48,6.15375e-06
2193,49,0.000144253
2193,50,0.000640348
2193,51,0.00103442
2193,52,0.000316299
2193,53,1.65538e-05
2193,54,4.83008e-07
2194,48,5.76599e-06
2194,49,0.000138333
2194,50,0.000629353
2194,51,0.00104368
2194,52,0.000327829
2194,53,1.76832e-05
2194,54,5.4012e-07
2195,48,5.42127e-06
2195,49,0.0001326
2195,50,0.000618221
2195,51,0.00105226
2195,52,0.000339575
2195,53,1.89375e-05
2195,54,6.00083e-07
2196,48,5.06019e-06
2196,49,0.000126935
2196,50,0.00060695
2196,51,0.00106025
2196,52,0.000351499
2196,53,2.02254e-05
2196,54,6.6309e-07
2197,48,4.76816e-06
2197,49,0.000121471
2197,50,0.000595412
2197,51,0.00106761
2197,52,0.000363674
2197,53,2.15668e-05
2197,54,7.39348e-07
2198,48,4.4429e-06
2198,49,0.000116221
2198,50,0.000583747
2198,51,0.00107432
2198,52,0.000376193
2198,53,2.29851e-05
2198,54,8.19076e-07
2199,48,4.19769e-06
2199,49,0.000111153
2199,50,0.000572023
2199,51,0.00108028
2199,52,0.000388728
2199,53,2.44784e-05
2199,54,8.72502e-07
2200,48,3.93023e-06
2200,49,0.000106214
2200,50,0.000560204
2200,51,0.0010856
2200,52,0.000401355
2200,53,2.60427e-05
2200,54,9.38727e-07
2201,48,3.7329e-06
2201,49,0.000101445
2201,50,0.000548249
2201,51,0.00109025
2201,52,0.000414272
2201,53,2.7682e-05
2201,54,1.0106e-06
2202,48,3.45185e-06
2202,49,9.68514e-05
2202,50,0.000536173
2202,51,0.00109431
2202,52,0.000427202
2202,53,2.94569e-05
2202,54,1.10848e-06
2203,48,3.18422e-06
2203,49,9.24124e-05
2203,50,0.000524086
2203,51,0.00109772
2203,52,0.000440185
2203,53,3.12709e-05
2203,54,1.19275e-06
2204,48,2.96935e-06
2204,49,8.8146e-05
2204,50,0.000511831
2204,51,0.00110043
2204,52,0.000453341
2204,53,3.31865e-05
2204,54,1.32303e-06
2205,48,2.8173e-06
2205,49,8.4019e-05
2205,50,0.000499699
2205,51,0.00110231
2205,52,0.000466604
2205,53,3.51778e-05
2205,54,1.43126e-06
2206,48,2.63208e-06
2206,49,8.00393e-05
2206,50,0.000487541
2206,51,0.00110341
2206,52,0.000480081
2206,53,3.72449e-05
2206,54,1.51792e-06
2207,48,2.43459e-06
2207,49,7.62445e-05
2207,50,0.000475354
2207,51,0.00110392
2207,52,0.00049351
2207,53,3.94299e-05
2207,54,1.63275e-06
2208,48,2.22148e-06
2208,49,7.25699e-05
2208,50,0.000463193
2208,51,0.00110363
2208,52,0.000506982
2208,53,4.18171e-05
2208,54,1.78551e-06
2209,48,2.05188e-06
2209,49,6.91046e-05
2209,50,0.000451033
2209,51,0.0011027
2209,52,0.000520522
2209,53,4.42006e-05
2209,54,1.95739e-06
2210,48,1.8324e-06
2210,49,6.57205e-05
2210,50,0.00043905
2210,51,0.00110095
2210,52,0.000534083
2210,53,4.66811e-05
2210,54,2.15896e-06
2211,48,1.70062e-06
2211,49,6.24582e-05
2211,50,0.000427073
2211,51,0.00109846
2211,52,0.000547618
2211,53,4.92797e-05
2211,54,2.32076e-06
2212,48,1.75672e-06
2212,49,5.92969e-05
2212,50,0.000415168
2212,51,0.00109533
2212,52,0.000561154
2212,53,5.20313e-05
2212,54,2.44339e-06
2213,48,1.65152e-06
2213,49,5.62545e-05
2213,50,0.000403297
2213,51,0.00109156
2213,52,0.000574599
2213,53,5.48262e-05
2213,54,2.66747e-06
2214,48,1.51692e-06
2214,49,5.33749e-05
2214,50,0.000391514
2214,51,0.00108706
2214,52,0.000588054
2214,53,5.77453e-05
2214,54,2.85581e-06
2215,48,1.3824e-06
2215,49,5.05666e-05
2215,50,0.000379909
2215,51,0.00108181
2215,52,0.000601383
2215,53,6.08118e-05
2215,54,3.11632e-06
2216,48,1.29113e-06
2216,49,4.79284e-05
2216,50,0.000368373
2216,51,0.00107596
2216,52,0.000614597
2216,53,6.39974e-05
2216,54,3.35182e-06
2216,55,1e-08
2217,48,1.21092e-06
2217,49,4.53542e-05
2217,50,0.000357
2217,51,0.00106937
2217,52,0.000627739
2217,53,6.72654e-05
2217,54,3.61098e-06
2217,55,1e-08
2218,48,1.07419e-06
2218,49,4.28636e-05
2218,50,0.000345743
2218,51,0.00106211
2218,52,0.000640588
2218,53,7.06455e-05
2218,54,3.85525e-06
2218,55,1e-08
2219,48,1.04202e-06
2219,49,4.05509e-05
2219,50,0.000334747
2219,51,0.00105428
2219,52,0.000653466
2219,53,7.40418e-05
2219,54,4.20611e-06
2220,48,8.33247e-07
2220,49,3.83718e-05
2220,50,0.000323854
2220,51,0.0010459
2220,52,0.000666085
2220,53,7.76619e-05
2220,54,4.48415e-06
2220,55,1e-08
2221,48,7.58758e-07
2221,49,3.62935e-05
2221,50,0.000313129
2221,51,0.0010368
2221,52,0.000678516
2221,53,8.15083e-05
2221,54,4.82976e-06
2222,48,7.19242e-07
2222,49,3.42878e-05
2222,50,0.000302647
2222,51,0.00102709
2222,52,0.000690779
2222,53,8.53658e-05
2222,54,5.21589e-06
2222,55,1e-08
2223,48,7.24854e-07
2223,49,3.23651e-05
2223,50,0.000292296
2223,51,0.00101687
2223,52,0.000702817
2223,53,8.93931e-05
2223,54,5.57355e-06
2223,55,2e-08
2224,48,6.61722e-07
2224,49,3.05516e-05
2224,50,0.000282181
2224,51,0.00100612
2224,52,0.000714622
2224,53,9.34908e-05
2224,54,6.01314e-06
2224,55,2e-08
2225,48,5.97971e-07
2225,49,2.88198e-05
2225,50,0.000272194
2225,51,0.000994756
2225,52,0.000726287
2225,53,9.77179e-05
2225,54,6.46639e-06
2225,55,7e-08
2226,48,5.07563e-07
2226,49,2.71529e-05
2226,50,0.000262378
2226,51,0.000983115
2226,52,0.000737525
2226,53,0.000102068
2226,54,6.90511e-06
2226,55,9e-08
2227,48,4.29275e-07
2227,49,2.55773e-05
2227,50,0.000252809
2227,51,0.000970903
2227,52,0.000748577
2227,53,0.000106648
2227,54,7.38853e-06
2227,55,8e-08
2228,48,3.87925e-07
2228,49,2.40487e-05
2228,50,0.000243499
2228,51,0.000958293
2228,52,0.000759196
2228,53,0.000111213
2228,54,7.9278e-06
2228,55,1.1e-07
2229,48,3.28219e-07
2229,49,2.26149e-05
2229,50,0.000234376
2229,51,0.000945229
2229,52,0.000769528
2229,53,0.000115979
2229,54,8.43379e-06
2229,55,1.19631e-07
2230,48,2.87679e-07
2230,49,2.12928e-05
2230,50,0.000225476
2230,51,0.000931766
2230,52,0.000779577
2230,53,0.000120869
2230,54,8.99923e-06
2230,55,1.30045e-07
2231,48,3.7e-07
2231,49,2.0013e-05
2231,50,0.00021675
2231,51,0.000917939
2231,52,0.000789266
2231,53,0.00012589
2231,54,9.6548e-06
2231,55,1.413e-07
2232,48,3.69257e-07
2232,49,1.88331e-05
2232,50,0.000208264
2232,51,0.000903772
2232,52,0.000798542
2232,53,0.000130976
2232,54,1.034e-05
2232,55,1.63459e-07
2233,48,3.30014e-07
2233,49,1.76875e-05
2233,50,0.000200028
2233,51,0.000889271
2233,52,0.000807361
2233,53,0.000136189
2233,54,1.10003e-05
2233,55,1.66588e-07
2234,48,3.12173e-07
2234,49,1.65626e-05
2234,50,0.000192017
2234,51,0.00087449
2234,52,0.000815748
2234,53,0.000141563
2234,54,1.18073e-05
2234,55,1.80758e-07
2235,48,2.71442e-07
2235,49,1.55142e-05
2235,50,0.000184107
2235,51,0.000859495
2235,52,0.00082375
2235,53,0.000147093
2235,54,1.25743e-05
2235,55,2.06044e-07
2236,48,2.69822e-07
2236,49,1.45498e-05
2236,50,0.000176564
2236,51,0.0008442
2236,52,0.000831366
2236,53,0.000152679
2236,54,1.34117e-05
2236,55,2.33366e-07
2237,48,2.40959e-07
2237,49,1.37164e-05
2237,50,0.000169196
2237,51,0.000828653
2237,52,0.000838485
2237,53,0.000158408
2237,54,1.43679e-05
2237,55,2.52036e-07
2238,48,2.03501e-07
2238,49,1.28536e-05
2238,50,0.000162054
2238,51,0.000812968
2238,52,0.000845226
2238,53,0.000164192
2238,54,1.52725e-05
2238,55,2.82148e-07
2239,48,1.7e-07
2239,49,1.20777e-05
2239,50,0.000155126
2239,51,0.000797119
2239,52,0.000851562
2239,53,0.000170213
2239,54,1.62349e-05
2239,55,2.83805e-07
2240,48,1.6e-07
2240,49,1.12865e-05
2240,50,0.000148385
2240,51,0.00078108
2240,52,0.000857323
2240,53,0.000176233
2240,54,1.72954e-05
2240,55,3.07112e-07
2241,48,1.28792e-07
2241,49,1.05385e-05
2241,50,0.000141908
2241,51,0.000764967
2241,52,0.000862591
2241,53,0.00018242
2241,54,1.83474e-05
2241,55,3.42186e-07
2242,48,1.18436e-07
2242,49,9.83622e-06
2242,50,0.000135597
2242,51,0.00074876
2242,52,0.000867359
2242,53,0.000188673
2242,54,1.95012e-05
2242,55,3.7996e-07
2243,48,1.08873e-07
2243,49,9.16154e-06
2243,50,0.000129476
2243,51,0.000732435
2243,52,0.000871771
2243,53,0.000195056
2243,54,2.073e-05
2243,55,4.19811e-07
2244,48,1.00046e-07
2244,49,8.57853e-06
2244,50,0.000123637
2244,51,0.000716025
2244,52,0.000875633
2244,53,0.000201505
2244,54,2.20312e-05
2244,55,4.5188e-07
2245,48,7e-08
2245,49,8.06582e-06
2245,50,0.000117982
2245,51,0.000699655
2245,52,0.00087897
2245,53,0.000207995
2245,54,2.34145e-05
2245,55,5.06317e-07
2246,48,3e-08
2246,49,7.53369e-06
2246,50,0.000112587
2246,51,0.000683272
2246,52,0.00088184
2246,53,0.000214534
2246,54,2.49108e-05
2246,55,5.74074e-07
2247,48,4e-08
2247,49,7.01362e-06
2247,50,0.000107388
2247,51,0.000666836
2247,52,0.000884269
2247,53,0.000221226
2247,54,2.63907e-05
2247,55,6.3537e-07
2248,48,3e-08
2248,49,6.51914e-06
2248,50,0.000102401
2248,51,0.000650502
2248,52,0.000886148
2248,53,0.000228008
2248,54,2.79278e-05
2248,55,7.49657e-07
2249,48,5e-08
2249,49,6.01195e-06
2249,50,9.75105e-05
2249,51,0.000634226
2249,52,0.000887544
2249,53,0.000234935
2249,54,2.94957e-05
2249,55,8.0713e-07
2250,48,1e-08
2250,49,5.6159e-06
2250,50,9.27963e-05
2250,51,0.000618008
2250,52,0.000888479
2250,53,0.000241815
2250,54,3.11737e-05
2250,55,8.57997e-07
2251,48,1e-08
2251,49,5.23996e-06
2251,50,8.82443e-05
2251,51,0.000601856
2251,52,0.000888934
2251,53,0.000248792
2251,54,3.2937e-05
2251,55,9.30939e-07
2252,48,2e-08
2252,49,4.83256e-06
2252,50,8.38679e-05
2252,51,0.000585787
2252,52,0.000888782
2252,53,0.00025589
2252,54,3.47873e-05
2252,55,1.01909e-06
2253,48,2e-08
2253,49,4.51369e-06
2253,50,7.96985e-05
2253,51,0.000569909
2253,52,0.000888234
2253,53,0.000263015
2253,54,3.67023e-05
2253,55,1.11201e-06
2254,48,2e-08
2254,49,4.23796e-06
2254,50,7.57276e-05
2254,51,0.000554095
2254,52,0.000887056
2254,53,0.000270222
2254,54,3.87193e-05
2254,55,1.21077e-06
2255,48,2e-08
2255,49,3.93279e-06
2255,50,7.19721e-05
2255,51,0.000538483
2255,52,0.000885421
2255,53,0.000277388
2255,54,4.08218e-05
2255,55,1.32573e-06
2256,48,3e-08
2256,49,3.66404e-06
2256,50,6.83198e-05
2256,51,0.000523036
2256,52,0.000883295
2256,53,0.000284646
2256,54,4.30418e-05
2256,55,1.41652e-06
2257,48,5e-08
2257,49,3.39576e-06
2257,50,6.47844e-05
2257,51,0.000507788
2257,52,0.000880765
2257,53,0.000291919
2257,54,4.53143e-05
2257,55,1.55352e-06
2258,48,8e-08
2258,49,3.21732e-06
2258,50,6.14665e-05
2258,51,0.000492822
2258,52,0.000877778
2258,53,0.000299201
2258,54,4.76594e-05
2258,55,1.67857e-06
2259,48,6e-08
2259,49,2.88369e-06
2259,50,5.82764e-05
2259,51,0.000477925
2259,52,0.00087433
2259,53,0.000306467
2259,54,5.02281e-05
2259,55,1.84144e-06
2260,48,1e-07
2260,49,2.64197e-06
2260,50,5.52535e-05
2260,51,0.000463307
2260,52,0.000870431
2260,53,0.000313809
2260,54,5.28188e-05
2260,55,2.0128e-06
2261,48,6e-08
2261,49,2.45437e-06
2261,50,5.23062e-05
2261,51,0.000448909
2261,52,0.000866079
2261,53,0.000320962
2261,54,5.56503e-05
2261,55,2.18361e-06
2262,48,8e-08
2262,49,2.22792e-06
2262,50,4.95544e-05
2262,51,0.000434731
2262,52,0.000861294
2262,53,0.000328187
2262,54,5.84622e-05
2262,55,2.39374e-06
2263,48,1e-07
2263,49,2.06193e-06
2263,50,4.69047e-05
2263,51,0.000420763
2263,52,0.000856085
2263,53,0.000335509
2263,54,6.14022e-05
2263,55,2.63586e-06
2264,48,7e-08
2264,49,1.84168e-06
2264,50,4.43411e-05
2264,51,0.000407117
2264,52,0.000850505
2264,53,0.000342804
2264,54,6.44623e-05
2264,55,2.84781e-06
2265,48,7e-08
2265,49,1.67153e-06
2265,50,4.18928e-05
2265,51,0.000393723
2265,52,0.000844483
2265,53,0.000350053
2265,54,6.76166e-05
2265,55,3.07225e-06
2266,48,1.1e-07
2266,49,1.65957e-06
2266,50,3.95932e-05
2266,51,0.000380516
2266,52,0.000838081
2266,53,0.00035727
2266,54,7.09368e-05
2266,55,3.28131e-06
2267,48,1.00326e-07
2267,49,1.52527e-06
2267,50,3.74e-05
2267,51,0.000367535
2267,52,0.000831302
2267,53,0.000364559
2267,54,7.42153e-05
2267,55,3.57512e-06
2268,48,1.3e-07
2268,49,1.38439e-06
2268,50,3.52185e-05
2268,51,0.000354932
2268,52,0.000824178
2268,53,0.000371734
2268,54,7.76603e-05
2268,55,3.85593e-06
2268,56,1e-08
2269,48,1.18499e-07
2269,49,1.28687e-06
2269,50,3.32467e-05
2269,51,0.00034256
2269,52,0.000816781
2269,53,0.000378799
2269,54,8.13163e-05
2269,55,4.12261e-06
2269,56,3e-08
2270,48,1.07985e-07
2270,49,1.2558e-06
2270,50,3.14359e-05
2270,51,0.000330463
2270,52,0.000809005
2270,53,0.000385935
2270,54,8.50663e-05
2270,55,4.39675e-06
2270,56,7e-08
2271,48,6e-08
2271,49,1.18338e-06
2271,50,2.96628e-05
2271,51,0.000318709
2271,52,0.000800862
2271,53,0.000392969
2271,54,8.89549e-05
2271,55,4.68794e-06
2271,56,9e-08
2272,48,4e-08
2272,49,1.15882e-06
2272,50,2.80018e-05
2272,51,0.000307244
2272,52,0.000792457
2272,53,0.000399881
2272,54,9.28753e-05
2272,55,5.09916e-06
2272,56,5e-08
2273,48,3e-08
2273,49,1.08053e-06
2273,50,2.64376e-05
2273,51,0.000295983
2273,52,0.000783784
2273,53,0.000406765
2273,54,9.70057e-05
2273,55,5.50218e-06
2273,56,4e-08
2274,48,2e-08
2274,49,1.03308e-06
2274,50,2.49855e-05
2274,51,0.000285133
2274,52,0.000774764
2274,53,0.000413536
2274,54,0.00010137
2274,55,5.95751e-06
2274,56,8e-08
2275,48,2e-08
2275,49,9.2016e-07
2275,50,2.35013e-05
2275,51,0.000274461
2275,52,0.000765585
2275,53,0.000420164
2275,54,0.000105828
2275,55,6.40035e-06
2275,56,5e-08
2276,48,1e-08
2276,49,7.56918e-07
2276,50,2.21621e-05
2276,51,0.00026404
2276,52,0.000756099
2276,53,0.000426814
2276,54,0.000110376
2276,55,6.87078e-06
2276,56,6e-08
2277,48,1e-08
2277,49,6.79251e-07
2277,50,2.0753e-05
2277,51,0.000253971
2277,52,0.000746309
2277,53,0.00043335
2277,54,0.000115078
2277,55,7.41961e-06
2277,56,9e-08
2278,48,2e-08
2278,49,6.00231e-07
2278,50,1.94656e-05
2278,51,0.000244262
2278,52,0.000736331
2278,53,0.000439625
2278,54,0.000119964
2278,55,8.00422e-06
2278,56,1.6e-07
2279,48,3e-08
2279,49,5.81937e-07
2279,50,1.82353e-05
2279,51,0.000234915
2279,52,0.00072613
2279,53,0.000445862
2279,54,0.000125037
2279,55,8.58387e-06
2279,56,1.7408e-07
2280,48,6e-08
2280,49,5.17949e-07
2280,50,1.71993e-05
2280,51,0.00022579
2280,52,0.000715839
2280,53,0.000451974
2280,54,0.0001302
2280,55,9.16779e-06
2280,56,1.89335e-07
2281,48,4e-08
2281,49,4.95724e-07
2281,50,1.6188e-05
2281,51,0.000216838
2281,52,0.000705382
2281,53,0.000457956
2281,54,0.000135504
2281,55,9.79645e-06
2281,56,2.05856e-07
2282,48,4e-08
2282,49,3.85141e-07
2282,50,1.52378e-05
2282,51,0.000208111
2282,52,0.000694731
2282,53,0.0004639
2282,54,0.000140851
2282,55,1.0511e-05
2282,56,2.23744e-07
2283,48,5e-08
2283,49,3.16084e-07
2283,50,1.43625e-05
2283,51,0.00019954
2283,52,0.000683972
2283,53,0.000469635
2283,54,0.000146486
2283,55,1.12457e-05
2283,56,2.43105e-07
2284,48,2e-08
2284,49,2.78446e-07
2284,50,1.34179e-05
2284,51,0.000191364
2284,52,0.000672968
2284,53,0.000475302
2284,54,0.000152237
2284,55,1.20407e-05
2284,56,2.64052e-07
2285,49,2.92127e-07
2285,50,1.25143e-05
2285,51,0.000183443
2285,52,0.000661924
2285,53,0.000480676
2285,54,0.000158172
2285,55,1.288e-05
2285,56,2.96708e-07
2286,49,2.77034e-07
2286,50,1.18402e-05
2286,51,0.000175798
2286,52,0.000650791
2286,53,0.000485969
2286,54,0.000164235
2286,55,1.37262e-05
2286,56,3.21204e-07
2287,49,1.93079e-07
2287,50,1.1086e-05
2287,51,0.000168404
2287,52,0.000639514
2287,53,0.000491118
2287,54,0.000170408
2287,55,1.46585e-05
2287,56,3.58532e-07
2288,49,1.80181e-07
2288,50,1.04007e-05
2288,51,0.00016119
2288,52,0.000628205
2288,53,0.000496057
2288,54,0.000176927
2288,55,1.55829e-05
2288,56,3.88907e-07
2289,49,1.58263e-07
2289,50,9.80303e-06
2289,51,0.000154243
2289,52,0.000616818
2289,53,0.00050078
2289,54,0.000183559
2289,55,1.65993e-05
2289,56,4.21716e-07
2290,49,1.57255e-07
2290,50,9.19348e-06
2290,51,0.000147606
2290,52,0.000605316
2290,53,0.000505342
2290,54,0.000190237
2290,55,1.77716e-05
2290,56,4.57142e-07
2291,49,1.37091e-07
2291,50,8.6488e-06
2291,51,0.000141162
2291,52,0.000593869
2291,53,0.000509668
2291,54,0.000197108
2291,55,1.89833e-05
2291,56,5.0538e-07
2292,49,1.17708e-07
2292,50,8.07413e-06
2292,51,0.000134982
2292,52,0.00058236
2292,53,0.000513873
2292,54,0.000204209
2292,55,2.01658e-05
2292,56,5.3664e-07
2293,49,8e-08
2293,50,7.65563e-06
2293,51,0.000129021
2293,52,0.000570808
2293,53,0.000517894
2293,54,0.000211456
2293,55,2.13908e-05
2293,56,5.91146e-07
2294,49,8e-08
2294,50,7.24354e-06
2294,51,0.000123196
2294,52,0.000559276
2294,53,0.000521706
2294,54,0.000218715
2294,55,2.28119e-05
2294,56,6.49137e-07
2295,49,3e-08
2295,50,6.86702e-06
2295,51,0.000117686
2295,52,0.000547694
2295,53,0.000525355
2295,54,0.000226193
2295,55,2.4236e-05
2295,56,7.10868e-07
2296,49,2e-08
2296,50,6.24804e-06
2296,51,0.000112331
2296,52,0.000536194
2296,53,0.000528777
2296,54,0.000233882
2296,55,2.57142e-05
2296,56,7.76611e-07
2297,49,2e-08
2297,50,5.86367e-06
2297,51,0.000107164
2297,52,0.000524745
2297,53,0.000531869
2297,54,0.000241801
2297,55,2.73389e-05
2297,56,8.26658e-07
2298,49,1e-08
2298,50,5.46782e-06
2298,51,0.000102199
2298,52,0.000513256
2298,53,0.000534967
2298,54,0.0002497
2298,55,2.90276e-05
2298,56,9.11319e-07
2299,49,2e-08
2299,50,5.11521e-06
2299,51,9.7433e-05
2299,52,0.000501828
2299,53,0.000537858
2299,54,0.000257854
2299,55,3.07185e-05
2299,56,9.8254e-07
2300,49,1e-08
2300,50,4.83568e-06
2300,51,9.2855e-05
2300,52,0.000490471
2300,53,0.000540359
2300,54,0.000266125
2300,55,3.25851e-05
2300,56,1.08999e-06
2301,50,4.65789e-06
2301,51,8.83211e-05
2301,52,0.000479154
2301,53,0.000542708
2301,54,0.000274551
2301,55,3.46045e-05
2301,56,1.2033e-06
2302,50,4.30232e-06
2302,51,8.40909e-05
2302,52,0.000467885
2302,53,0.000544851
2302,54,0.000283198
2302,55,3.66826e-05
2302,56,1.33288e-06
2303,50,4.01898e-06
2303,51,8.01608e-05
2303,52,0.000456751
2303,53,0.000546747
2303,54,0.000291887
2303,55,3.8943e-05
2303,56,1.43792e-06
2304,50,3.68674e-06
2304,51,7.63047e-05
2304,52,0.000445601
2304,53,0.000548453
2304,54,0.000300792
2304,55,4.11903e-05
2304,56,1.58159e-06
2305,50,3.56053e-06
2305,51,7.25498e-05
2305,52,0.000434642
2305,53,0.000549918
2305,54,0.000309773
2305,55,4.35966e-05
2305,56,1.72527e-06
2306,50,3.335e-06
2306,51,6.90347e-05
2306,52,0.00042376
2306,53,0.00055116
2306,54,0.000318915
2306,55,4.6167e-05
2306,56,1.88808e-06
2307,50,3.05734e-06
2307,51,6.56718e-05
2307,52,0.000413083
2307,53,0.000552138
2307,54,0.000328204
2307,55,4.87594e-05
2307,56,2.05221e-06
2308,50,2.8379e-06
2308,51,6.23832e-05
2308,52,0.000402403
2308,53,0.00055293
2308,54,0.000337698
2308,55,5.15076e-05
2308,56,2.22921e-06
2309,50,2.67175e-06
2309,51,5.93519e-05
2309,52,0.00039178
2309,53,0.000553486
2309,54,0.000347244
2309,55,5.44581e-05
2309,56,2.45762e-06
2310,50,2.47306e-06
2310,51,5.63333e-05
2310,52,0.00038134
2310,53,0.000553765
2310,54,0.000356986
2310,55,5.75341e-05
2310,56,2.63899e-06
2311,50,2.35771e-06
2311,51,5.3457e-05
2311,52,0.00037108
2311,53,0.000553826
2311,54,0.000366752
2311,55,6.07994e-05
2311,56,2.90416e-06
2312,50,2.06884e-06
2312,51,5.07582e-05
2312,52,0.000360873
2312,53,0.00055364
2312,54,0.000376623
2312,55,6.41883e-05
2312,56,3.11483e-06
2313,50,2.00386e-06
2313,51,4.82173e-05
2313,52,0.000350874
2313,53,0.000553217
2313,54,0.000386585
2313,55,6.77885e-05
2313,56,3.34884e-06
2314,50,1.82966e-06
2314,51,4.5733e-05
2314,52,0.000341027
2314,53,0.000552627
2314,54,0.000396682
2314,55,7.14196e-05
2314,56,3.64017e-06
2315,50,1.69774e-06
2315,51,4.34119e-05
2315,52,0.000331264
2315,53,0.000551721
2315,54,0.000406887
2315,55,7.53116e-05
2315,56,4.00218e-06
2316,50,1.59102e-06
2316,51,4.11275e-05
2316,52,0.000321708
2316,53,0.000550679
2316,54,0.000417176
2316,55,7.93011e-05
2316,56,4.31474e-06
2317,50,1.53003e-06
2317,51,3.89167e-05
2317,52,0.000312383
2317,53,0.000549353
2317,54,0.000427562
2317,55,8.3423e-05
2317,56,4.71839e-06
2318,50,1.43902e-06
2318,51,3.68336e-05
2318,52,0.000303211
2318,53,0.000547844
2318,54,0.000437988
2318,55,8.77589e-05
2318,56,5.17485e-06
2319,50,1.31949e-06
2319,51,3.48633e-05
2319,52,0.000294138
2319,53,0.000546073
2319,54,0.000448517
2319,55,9.22613e-05
2319,56,5.60882e-06
2320,50,1.19601e-06
2320,51,3.30073e-05
2320,52,0.000285186
2320,53,0.000544122
2320,54,0.000459031
2320,55,9.69325e-05
2320,56,6.08129e-06
2320,57,1e-08
2321,50,1.10819e-06
2321,51,3.11572e-05
2321,52,0.000276404
2321,53,0.000541914
2321,54,0.000469681
2321,55,0.000101827
2321,56,6.56476e-06
2321,57,1e-08
2322,50,9.99525e-07
2322,51,2.94444e-05
2322,52,0.000267724
2322,53,0.00053953
2322,54,0.0004803
2322,55,0.000107
2322,56,7.00767e-06
2322,57,1e-08
2323,50,9.56164e-07
2323,51,2.78732e-05
2323,52,0.000259348
2323,53,0.000536894
2323,54,0.000490868
2323,55,0.000112421
2323,56,7.58159e-06
2323,57,2e-08
2324,50,8.77433e-07
2324,51,2.63428e-05
2324,52,0.000251063
2324,53,0.000534017
2324,54,0.000501614
2324,55,0.000117987
2324,56,8.16128e-06
2324,57,4e-08
2325,50,7.93984e-07
2325,51,2.48255e-05
2325,52,0.000242997
2325,53,0.000530862
2325,54,0.000512371
2325,55,0.00012378
2325,56,8.81888e-06
2325,57,4e-08
2326,50,8.13546e-07
2326,51,2.34616e-05
2326,52,0.000235083
2326,53,0.000527545
2326,54,0.000523071
2326,55,0.000129766
2326,56,9.51878e-06
2326,57,5e-08
2327,50,7.21426e-07
2327,51,2.21892e-05
2327,52,0.000227339
2327,53,0.000524147
2327,54,0.000533753
2327,55,0.000135969
2327,56,1.02449e-05
2327,57,7e-08
2328,50,7.25733e-07
2328,51,2.09634e-05
2328,52,0.000219752
2328,53,0.000520452
2328,54,0.000544495
2328,55,0.000142423
2328,56,1.10692e-05
2328,57,6e-08
2329,50,6.74155e-07
2329,51,1.97693e-05
2329,52,0.000212325
2329,53,0.000516583
2329,54,0.000555198
2329,55,0.000149115
2329,56,1.19038e-05
2329,57,6e-08
2330,50,6.00889e-07
2330,51,1.86256e-05
2330,52,0.000205115
2330,53,0.000512536
2330,54,0.000565911
2330,55,0.00015607
2330,56,1.28508e-05
2330,57,3e-08
2331,50,5.15071e-07
2331,51,1.75882e-05
2331,52,0.000198082
2331,53,0.000508243
2331,54,0.000576557
2331,55,0.000163278
2331,56,1.37533e-05
2331,57,4e-08
2332,50,4.7417e-07
2332,51,1.65582e-05
2332,52,0.000191216
2332,53,0.00050377
2332,54,0.00058707
2332,55,0.000170681
2332,56,1.47437e-05
2332,57,5e-08
2333,50,4.62146e-07
2333,51,1.56062e-05
2333,52,0.000184471
2333,53,0.000499131
2333,54,0.000597549
2333,55,0.000178424
2333,56,1.58765e-05
2333,57,2e-08
2334,50,4.0758e-07
2334,51,1.46913e-05
2334,52,0.000177844
2334,53,0.000494451
2334,54,0.000607872
2334,55,0.000186432
2334,56,1.70927e-05
2334,57,2e-08
2335,50,4.05896e-07
2335,51,1.38387e-05
2335,52,0.000171326
2335,53,0.000489594
2335,54,0.000618046
2335,55,0.000194758
2335,56,1.82782e-05
2335,57,2e-08
2336,50,4.25775e-07
2336,51,1.29445e-05
2336,52,0.000164976
2336,53,0.000484465
2336,54,0.000628217
2336,55,0.000203241
2336,56,1.96867e-05
2336,57,2e-08
2337,50,3.37111e-07
2337,51,1.21729e-05
2337,52,0.000158878
2337,53,0.000479229
2337,54,0.000638235
2337,55,0.000212117
2337,56,2.11166e-05
2337,57,3e-08
2338,50,3.34962e-07
2338,51,1.14264e-05
2338,52,0.000152982
2338,53,0.000473862
2338,54,0.000648137
2338,55,0.000221226
2338,56,2.25729e-05
2338,57,6e-08
2339,50,2.8617e-07
2339,51,1.07211e-05
2339,52,0.000147268
2339,53,0.00046827
2339,54,0.00065795
2339,55,0.000230628
2339,56,2.40868e-05
2339,57,8e-08
2340,50,2.7e-07
2340,51,1.00973e-05
2340,52,0.000141655
2340,53,0.000462567
2340,54,0.000667542
2340,55,0.000240329
2340,56,2.57412e-05
2340,57,7e-08
2341,50,3.08447e-07
2341,51,9.49122e-06
2341,52,0.000136227
2341,53,0.000456751
2341,54,0.000676969
2341,55,0.00025031
2341,56,2.74904e-05
2341,57,1e-07
2342,50,2.97747e-07
2342,51,9.01525e-06
2342,52,0.000130964
2342,53,0.000450765
2342,54,0.000686228
2342,55,0.000260652
2342,56,2.93491e-05
2342,57,1.6e-07
2343,50,2.57839e-07
2343,51,8.47465e-06
2343,52,0.000125819
2343,53,0.000444708
2343,54,0.000695366
2343,55,0.000271144
2343,56,3.13659e-05
2343,57,2.09611e-07
2344,50,1.88668e-07
2344,51,7.90403e-06
2344,52,0.0001209
2344,53,0.000438584
2344,54,0.000704201
2344,55,0.000281896
2344,56,3.34878e-05
2344,57,2.90015e-07
2345,50,1.60181e-07
2345,51,7.40501e-06
2345,52,0.000116128
2345,53,0.000432279
2345,54,0.000712798
2345,55,0.00029299
2345,56,3.57591e-05
2345,57,3.54258e-07
2346,50,1.3e-07
2346,51,6.85532e-06
2346,52,0.000111433
2346,53,0.00042581
2346,54,0.000721223
2346,55,0.000304447
2346,56,3.82072e-05
2346,57,4.022e-07
2347,50,1e-07
2347,51,6.39443e-06
2347,52,0.000106914
2347,53,0.000419194
2347,54,0.000729415
2347,55,0.000316226
2347,56,4.06781e-05
2347,57,4.44123e-07
2348,50,5e-08
2348,51,6.06386e-06
2348,52,0.000102495
2348,53,0.000412598
2348,54,0.00073725
2348,55,0.000328259
2348,56,4.34008e-05
2348,57,5.20326e-07
2349,50,6e-08
2349,51,5.78704e-06
2349,52,9.82137e-05
2349,53,0.000405957
2349,54,0.000744875
2349,55,0.000340527
2349,56,4.62467e-05
2349,57,5.90277e-07
2350,50,4e-08
2350,51,5.26318e-06
2350,52,9.41721e-05
2350,53,0.000399167
2350,54,0.000752186
2350,55,0.000353134
2350,56,4.92246e-05
2350,57,6.451e-07
2351,50,3e-08
2351,51,4.86918e-06
2351,52,9.02214e-05
2351,53,0.000392406
2351,54,0.000759192
2351,55,0.000365948
2351,56,5.24109e-05
2351,57,7.34311e-07
2352,50,2e-08
2352,51,4.52402e-06
2352,52,8.63502e-05
2352,53,0.000385518
2352,54,0.00076593
2352,55,0.000379057
2352,56,5.58185e-05
2352,57,8.09902e-07
2353,51,4.2367e-06
2353,52,8.25686e-05
2353,53,0.000378571
2353,54,0.000772257
2353,55,0.000392474
2353,56,5.93804e-05
2353,57,8.70669e-07
2354,51,3.96851e-06
2354,52,7.89861e-05
2354,53,0.000371582
2354,54,0.00077825
2354,55,0.000406236
2354,56,6.30264e-05
2354,57,9.86982e-07
2355,51,3.73961e-06
2355,52,7.56015e-05
2355,53,0.000364525
2355,54,0.00078392
2355,55,0.000420199
2355,56,6.69209e-05
2355,57,1.09006e-06
2356,51,3.51177e-06
2356,52,7.22553e-05
2356,53,0.000357419
2356,54,0.000789253
2356,55,0.000434434
2356,56,7.10423e-05
2356,57,1.23856e-06
2357,51,3.39188e-06
2357,52,6.90662e-05
2357,53,0.000350301
2357,54,0.00079412
2357,55,0.000448954
2357,56,7.53588e-05
2357,57,1.38624e-06
2358,51,3.13019e-06
2358,52,6.5842e-05
2358,53,0.000343127
2358,54,0.00079867
2358,55,0.000463663
2358,56,7.98436e-05
2358,57,1.51374e-06
2359,51,2.89594e-06
2359,52,6.29293e-05
2359,53,0.000336013
2359,54,0.000802822
2359,55,0.000478579
2359,56,8.4589e-05
2359,57,1.67171e-06
2360,51,2.7457e-06
2360,52,6.00821e-05
2360,53,0.000328785
2360,54,0.000806626
2360,55,0.000493741
2360,56,8.95737e-05
2360,57,1.82328e-06
2361,51,2.54856e-06
2361,52,5.72889e-05
2361,53,0.000321652
2361,54,0.000809875
2361,55,0.00050919
2361,56,9.48562e-05
2361,57,2.00537e-06
2362,51,2.35616e-06
2362,52,5.45447e-05
2362,53,0.000314555
2362,54,0.000812739
2362,55,0.000524766
2362,56,0.000100405
2362,57,2.21106e-06
2363,51,2.20319e-06
2363,52,5.2029e-05
2363,53,0.00030741
2363,54,0.00081524
2363,55,0.000540482
2363,56,0.000106145
2363,57,2.43044e-06
2364,51,2.14048e-06
2364,52,4.94122e-05
2364,53,0.000300294
2364,54,0.000817341
2364,55,0.000556344
2364,56,0.000112168
2364,57,2.67754e-06
2365,51,2.02625e-06
2365,52,4.695e-05
2365,53,0.000293224
2365,54,0.000818935
2365,55,0.000572376
2365,56,0.000118441
2365,57,2.92117e-06
2366,51,1.93422e-06
2366,52,4.47055e-05
2366,53,0.000286064
2366,54,0.000820137
2366,55,0.000588695
2366,56,0.000124972
2366,57,3.17313e-06
2367,51,1.8179e-06
2367,52,4.26497e-05
2367,53,0.000278955
2367,54,0.00082089
2367,55,0.00060499
2367,56,0.000131847
2367,57,3.46458e-06
2368,51,1.72362e-06
2368,52,4.05416e-05
2368,53,0.000271871
2368,54,0.00082107
2368,55,0.000621528
2368,56,0.000139007
2368,57,3.77597e-06
2368,58,1e-08
2369,51,1.59241e-06
2369,52,3.84688e-05
2369,53,0.000264915
2369,54,0.000820844
2369,55,0.000638062
2369,56,0.000146437
2369,57,4.13926e-06
2369,58,1e-08
2370,51,1.43741e-06
2370,52,3.65331e-05
2370,53,0.000257923
2370,54,0.000820048
2370,55,0.000654801
2370,56,0.000154165
2370,57,4.55654e-06
2370,58,1e-08
2371,51,1.30857e-06
2371,52,3.47574e-05
2371,53,0.000251071
2371,54,0.00081891
2371,55,0.00067142
2371,56,0.000162327
2371,57,4.93074e-06
2371,58,2e-08
2372,51,1.17552e-06
2372,52,3.29268e-05
2372,53,0.000244232
2372,54,0.000817318
2372,55,0.000688081
2372,56,0.000170763
2372,57,5.40193e-06
2372,58,5e-08
2373,51,1.07059e-06
2373,52,3.12812e-05
2373,53,0.000237392
2373,54,0.000815232
2373,55,0.000704853
2373,56,0.00017954
2373,57,5.87318e-06
2373,58,6e-08
2374,51,1.00505e-06
2374,52,2.96882e-05
2374,53,0.000230717
2374,54,0.000812672
2374,55,0.000721507
2374,56,0.000188634
2374,57,6.45547e-06
2374,58,4e-08
2375,51,9.37216e-07
2375,52,2.81408e-05
2375,53,0.00022406
2375,54,0.000809649
2375,55,0.000738186
2375,56,0.000198058
2375,57,6.9829e-06
2375,58,2e-08
2376,51,9.57066e-07
2376,52,2.67609e-05
2376,53,0.000217526
2376,54,0.000806204
2376,55,0.000754757
2376,56,0.000207799
2376,57,7.60646e-06
2376,58,3e-08
2377,51,9.11608e-07
2377,52,2.54012e-05
2377,53,0.000211078
2377,54,0.000802251
2377,55,0.000771247
2377,56,0.000217979
2377,57,8.26956e-06
2377,58,5e-08
2378,51,8.51174e-07
2378,52,2.40087e-05
2378,53,0.000204692
2378,54,0.000797864
2378,55,0.000787598
2378,56,0.000228396
2378,57,9.02147e-06
2378,58,7e-08
2379,51,7.59151e-07
2379,52,2.26922e-05
2379,53,0.000198378
2379,54,0.000793076
2379,55,0.000803794
2379,56,0.000239247
2379,57,9.78271e-06
2379,58,1.2e-07
2380,51,7.28116e-07
2380,52,2.13737e-05
2380,53,0.000192159
2380,54,0.000787752
2380,55,0.000819819
2380,56,0.000250519
2380,57,1.05317e-05
2380,58,1.4112e-07
2381,51,6.74459e-07
2381,52,2.01423e-05
2381,53,0.000185991
2381,54,0.00078214
2381,55,0.000835574
2381,56,0.000262139
2381,57,1.14066e-05
2381,58,1.43202e-07
2382,51,6.60751e-07
2382,52,1.89858e-05
2382,53,0.000180052
2382,54,0.000775955
2382,55,0.000851241
2382,56,0.000274175
2382,57,1.22639e-05
2382,58,1.56323e-07
2383,51,6.65445e-07
2383,52,1.79362e-05
2383,53,0.000174117
2383,54,0.000769376
2383,55,0.000866565
2383,56,0.000286485
2383,57,1.33022e-05
2383,58,1.70565e-07
2384,51,5.97083e-07
2384,52,1.69515e-05
2384,53,0.000168223
2384,54,0.000762412
2384,55,0.000881586
2384,56,0.000299161
2384,57,1.43187e-05
2384,58,1.96013e-07
2385,51,5.38024e-07
2385,52,1.603e-05
2385,53,0.000162462
2385,54,0.000755072
2385,55,0.000896286
2385,56,0.000312245
2385,57,1.54559e-05
2385,58,2.23661e-07
2386,51,4.83353e-07
2386,52,1.51058e-05
2386,53,0.000156826
2386,54,0.000747295
2386,55,0.000910686
2386,56,0.000325685
2386,57,1.65681e-05
2386,58,2.32783e-07
2387,51,5.15602e-07
2387,52,1.4179e-05
2387,53,0.000151308
2387,54,0.000739124
2387,55,0.000924718
2387,56,0.000339499
2387,57,1.78268e-05
2387,58,2.6349e-07
2388,51,4.62299e-07
2388,52,1.33577e-05
2388,53,0.000146051
2388,54,0.00073059
2388,55,0.000938255
2388,56,0.000353721
2388,57,1.91169e-05
2388,58,2.859e-07
2389,51,4.13819e-07
2389,52,1.25608e-05
2389,53,0.000140708
2389,54,0.000721766
2389,55,0.000951438
2389,56,0.00036822
2389,57,2.05615e-05
2389,58,3.10139e-07
2390,51,4.00358e-07
2390,52,1.18563e-05
2390,53,0.00013558
2390,54,0.000712514
2390,55,0.000964129
2390,56,0.000383108
2390,57,2.21132e-05
2390,58,3.26341e-07
2391,51,3.486e-07
2391,52,1.1111e-05
2391,53,0.000130496
2391,54,0.000702928
2391,55,0.000976351
2391,56,0.000398433
2391,57,2.3657e-05
2391,58,3.64647e-07
2392,51,3.24258e-07
2392,52,1.04655e-05
2392,53,0.000125517
2392,54,0.000693074
2392,55,0.000988058
2392,56,0.000414025
2392,57,2.53563e-05
2392,58,4.05209e-07
2393,51,2.83546e-07
2393,52,9.88752e-06
2393,53,0.000120767
2393,54,0.000682855
2393,55,0.000999293
2393,56,0.000429903
2393,57,2.70224e-05
2393,58,4.58185e-07
2394,51,2.74362e-07
2394,52,9.30109e-06
2394,53,0.000116049
2394,54,0.000672398
2394,55,0.00100993
2394,56,0.000446109
2394,57,2.88499e-05
2394,58,5.04596e-07
2395,51,3.52784e-07
2395,52,8.77089e-06
2395,53,0.000111488
2395,54,0.000661628
2395,55,0.00102001
2395,56,0.000462618
2395,57,3.08335e-05
2395,58,5.73835e-07
2396,51,3.11882e-07
2396,52,8.24757e-06
2396,53,0.000107005
2396,54,0.000650602
2396,55,0.00102951
2396,56,0.000479529
2396,57,3.29282e-05
2396,58,6.66096e-07
2397,51,2.97033e-07
2397,52,7.69344e-06
2397,53,0.000102655
2397,54,0.000639377
2397,55,0.00103841
2397,56,0.00049656
2397,57,3.51147e-05
2397,58,7.72416e-07
2398,51,3.0683e-07
2398,52,7.21334e-06
2398,53,9.83823e-05
2398,54,0.00062798
2398,55,0.00104661
2398,56,0.000513866
2398,57,3.73641e-05
2398,58,7.93068e-07
2399,51,2.97401e-07
2399,52,6.82352e-06
2399,53,9.42724e-05
2399,54,0.000616407
2399,55,0.00105411
2399,56,0.000531389
2399,57,3.98646e-05
2399,58,8.67517e-07
2400,51,2.5e-07
2400,52,6.28715e-06
2400,53,9.02939e-05
2400,54,0.000604584
2400,55,0.0010611
2400,56,0.00054903
2400,57,4.25404e-05
2400,58,9.76011e-07
2401,51,2.71037e-07
2401,52,5.83048e-06
2401,53,8.63884e-05
2401,54,0.000592542
2401,55,0.00106732
2401,56,0.000566958
2401,57,4.53026e-05
2401,58,1.0369e-06
2402,51,2.2e-07
2402,52,5.5165e-06
2402,53,8.26014e-05
2402,54,0.000580389
2402,55,0.00107275
2402,56,0.000585133
2402,57,4.81733e-05
2402,58,1.09296e-06
2403,51,1.90128e-07
2403,52,5.21377e-06
2403,53,7.89601e-05
2403,54,0.000568093
2403,55,0.00107751
2403,56,0.000603406
2403,57,5.10816e-05
2403,58,1.16451e-06
2404,51,1.61026e-07
2404,52,4.86397e-06
2404,53,7.54328e-05
2404,54,0.000555691
2404,55,0.00108142
2404,56,0.000621916
2404,57,5.42229e-05
2404,58,1.31189e-06
2405,51,1.2e-07
2405,52,4.59345e-06
2405,53,7.2057e-05
2405,54,0.000543211
2405,55,0.0010847
2405,56,0.000640509
2405,57,5.73889e-05
2405,58,1.39625e-06
2406,51,1.5e-07
2406,52,4.29211e-06
2406,53,6.88373e-05
2406,54,0.000530692
2406,55,0.00108716
2406,56,0.000659171
2406,57,6.07221e-05
2406,58,1.52721e-06
2407,51,1.59942e-07
2407,52,3.97591e-06
2407,53,6.56257e-05
2407,54,0.000518109
2407,55,0.00108883
2407,56,0.000677825
2407,57,6.43161e-05
2407,58,1.6775e-06
2408,51,1.00684e-07
2408,52,3.7263e-06
2408,53,6.24833e-05
2408,54,0.000505502
2408,55,0.00108972
2408,56,0.000696501
2408,57,6.80721e-05
2408,58,1.86612e-06
2409,51,1e-07
2409,52,3.45501e-06
2409,53,5.95096e-05
2409,54,0.000492806
2409,55,0.00108988
2409,56,0.000715225
2409,57,7.19453e-05
2409,58,2.01269e-06
2410,51,1e-07
2410,52,3.20267e-06
2410,53,5.66293e-05
2410,54,0.00048018
2410,55,0.00108914
2410,56,0.000734
2410,57,7.5967e-05
2410,58,2.18919e-06
2411,51,1.5e-07
2411,52,2.95659e-06
2411,53,5.38638e-05
2411,54,0.00046752
2411,55,0.00108764
2411,56,0.000752727
2411,57,8.01142e-05
2411,58,2.40618e-06
2412,51,1.37138e-07
2412,52,2.70137e-06
2412,53,5.12111e-05
2412,54,0.000454903
2412,55,0.00108541
2412,56,0.000771266
2412,57,8.45097e-05
2412,58,2.66497e-06
2413,51,1.25326e-07
2413,52,2.56097e-06
2413,53,4.8649e-05
2413,54,0.000442334
2413,55,0.0010824
2413,56,0.000789756
2413,57,8.89014e-05
2413,58,2.93578e-06
2414,51,1.14484e-07
2414,52,2.35226e-06
2414,53,4.62159e-05
2414,54,0.000429788
2414,55,0.00107856
2414,56,0.000808146
2414,57,9.35415e-05
2414,58,3.14541e-06
2414,59,1e-08
2415,51,1.04536e-07
2415,52,2.1943e-06
2415,53,4.38798e-05
2415,54,0.000417303
2415,55,0.00107394
2415,56,0.000826457
2415,57,9.84077e-05
2415,58,3.41766e-06
2415,59,1e-08
2416,51,1.2e-07
2416,52,2.04649e-06
2416,53,4.1621e-05
2416,54,0.000404962
2416,55,0.00106852
2416,56,0.000844498
2416,57,0.000103379
2416,58,3.65602e-06
2416,59,1e-08
2417,51,1.09482e-07
2417,52,1.80131e-06
2417,53,3.95384e-05
2417,54,0.000392699
2417,55,0.0010624
2417,56,0.000862327
2417,57,0.000108546
2417,58,4.00989e-06
2417,59,2e-08
2418,51,1.1e-07
2418,52,1.66908e-06
2418,53,3.74538e-05
2418,54,0.000380566
2418,55,0.00105552
2418,56,0.000879881
2418,57,0.000113968
2418,58,4.34498e-06
2418,59,1e-08
2419,51,1.00276e-07
2419,52,1.55491e-06
2419,53,3.54486e-05
2419,54,0.000368488
2419,55,0.00104799
2419,56,0.000897089
2419,57,0.000119573
2419,58,4.70582e-06
2420,51,1.2e-07
2420,52,1.44368e-06
2420,53,3.35658e-05
2420,54,0.000356698
2420,55,0.00103966
2420,56,0.000913947
2420,57,0.000125258
2420,58,5.11813e-06
2421,51,1.09302e-07
2421,52,1.37163e-06
2421,53,3.17098e-05
2421,54,0.000344953
2421,55,0.00103074
2421,56,0.000930445
2421,57,0.000131271
2421,58,5.57431e-06
2421,59,1e-08
2422,51,1.2e-07
2422,52,1.25646e-06
2422,53,2.99174e-05
2422,54,0.000333367
2422,55,0.00102112
2422,56,0.00094654
2422,57,0.000137289
2422,58,6.03615e-06
2422,59,2e-08
2423,51,1.09214e-07
2423,52,1.16776e-06
2423,53,2.83016e-05
2423,54,0.000321921
2423,55,0.00101088
2423,56,0.000962313
2423,57,0.000143455
2423,58,6.49481e-06
2423,59,2e-08
2424,51,8e-08
2424,52,1.08951e-06
2424,53,2.67408e-05
2424,54,0.000310666
2424,55,0.00100005
2424,56,0.000977544
2424,57,0.000149867
2424,58,7.00151e-06
2424,59,3e-08
2425,51,8e-08
2425,52,1.00976e-06
2425,53,2.52864e-05
2425,54,0.000299603
2425,55,0.000988575
2425,56,0.000992272
2425,57,0.000156543
2425,58,7.56615e-06
2425,59,3e-08
2426,51,2e-08
2426,52,8.64855e-07
2426,53,2.38586e-05
2426,54,0.000288818
2426,55,0.000976538
2426,56,0.0010064
2426,57,0.000163478
2426,58,8.13125e-06
2426,59,4e-08
2427,51,3e-08
2427,52,7.84498e-07
2427,53,2.24787e-05
2427,54,0.000278324
2427,55,0.000963801
2427,56,0.00102008
2427,57,0.000170433
2427,58,8.7539e-06
2427,59,7e-08
2428,51,2e-08
2428,52,7.18399e-07
2428,53,2.11549e-05
2428,54,0.000267966
2428,55,0.000950722
2428,56,0.00103317
2428,57,0.000177457
2428,58,9.41182e-06
2428,59,1e-07
2429,51,1e-08
2429,52,6.56285e-07
2429,53,1.9885e-05
2429,54,0.000257753
2429,55,0.000937136
2429,56,0.00104563
2429,57,0.0001849
2429,58,1.00752e-05
2429,59,1.08637e-07
2430,51,1e-08
2430,52,5.979e-07
2430,53,1.87254e-05
2430,54,0.000247832
2430,55,0.000923071
2430,56,0.00105755
2430,57,0.000192302
2430,58,1.07835e-05
2430,59,1.17955e-07
2431,52,5.63001e-07
2431,53,1.76439e-05
2431,54,0.000238108
2431,55,0.000908508
2431,56,0.00106878
2431,57,0.000199992
2431,58,1.16281e-05
2431,59,1.28003e-07
2432,52,5.4136e-07
2432,53,1.66183e-05
2432,54,0.000228543
2432,55,0.000893675
2432,56,0.00107935
2432,57,0.00020761
2432,58,1.24714e-05
2432,59,1.48831e-07
2433,52,5.02762e-07
2433,53,1.55672e-05
2433,54,0.000219354
2433,55,0.000878381
2433,56,0.00108928
2433,57,0.000215525
2433,58,1.3328e-05
2433,59,1.50492e-07
2434,52,4.97002e-07
2434,53,1.46183e-05
2434,54,0.00021035
2434,55,0.000862727
2434,56,0.00109843
2434,57,0.000223647
2434,58,1.42182e-05
2434,59,1.63043e-07
2435,52,4.2389e-07
2435,53,1.37013e-05
2435,54,0.000201613
2435,55,0.000846653
2435,56,0.00110699
2435,57,0.000231773
2435,58,1.51916e-05
2435,59,1.76546e-07
2436,52,3.83245e-07
2436,53,1.2826e-05
2436,54,0.000193136
2436,55,0.000830413
2436,56,0.00111467
2436,57,0.000240011
2436,58,1.62229e-05
2436,59,1.91063e-07
2437,52,4.18805e-07
2437,53,1.2017e-05
2437,54,0.000184868
2437,55,0.000813884
2437,56,0.00112167
2437,57,0.000248475
2437,58,1.7214e-05
2437,59,2.36661e-07
2438,52,3.87445e-07
2438,53,1.11959e-05
2438,54,0.000176831
2438,55,0.000797139
2438,56,0.00112793
2438,57,0.000256976
2438,58,1.82944e-05
2438,59,2.63412e-07
2439,52,3.68469e-07
2439,53,1.04879e-05
2439,54,0.000169098
2439,55,0.000780205
2439,56,0.00113347
2439,57,0.00026553
2439,58,1.9485e-05
2439,59,3.0139e-07
2440,52,3.21707e-07
2440,53,9.81886e-06
2440,54,0.000161549
2440,55,0.000763085
2440,56,0.00113808
2440,57,0.000274297
2440,58,2.07412e-05
2440,59,3.40675e-07
2441,52,2.87005e-07
2441,53,9.1971e-06
2441,54,0.00015424
2441,55,0.000745887
2441,56,0.00114198
2441,57,0.000283066
2441,58,2.20543e-05
2441,59,3.3135e-07
2442,52,2.64214e-07
2442,53,8.65082e-06
2442,54,0.000147159
2442,55,0.00072861
2442,56,0.00114511
2442,57,0.000291873
2442,58,2.33841e-05
2442,59,3.83502e-07
2443,52,2.47233e-07
2443,53,8.11244e-06
2443,54,0.000140315
2443,55,0.000711242
2443,56,0.00114749
2443,57,0.000300658
2443,58,2.48334e-05
2443,59,4.48007e-07
2444,52,2.26697e-07
2444,53,7.55406e-06
2444,54,0.000133777
2444,55,0.00069369
2444,56,0.00114906
2444,57,0.000309551
2444,58,2.64159e-05
2444,59,4.74233e-07
2445,52,1.95333e-07
2445,53,7.07407e-06
2445,54,0.000127448
2445,55,0.000676155
2445,56,0.00114985
2445,57,0.000318554
2445,58,2.79718e-05
2445,59,4.62286e-07
2446,52,2.15663e-07
2446,53,6.52652e-06
2446,54,0.000121305
2446,55,0.000658703
2446,56,0.00114976
2446,57,0.000327638
2446,58,2.96036e-05
2446,59,4.82279e-07
2447,52,2.10736e-07
2447,53,6.17652e-06
2447,54,0.000115438
2447,55,0.000641268
2447,56,0.00114885
2447,57,0.000336886
2447,58,3.12418e-05
2447,59,5.25085e-07
2448,52,2.60695e-07
2448,53,5.76579e-06
2448,54,0.00010976
2448,55,0.000623924
2448,56,0.00114723
2448,57,0.00034602
2448,58,3.29865e-05
2448,59,5.80121e-07
2449,52,2.66405e-07
2449,53,5.32459e-06
2449,54,0.00010435
2449,55,0.000606604
2449,56,0.00114472
2449,57,0.000355231
2449,58,3.48512e-05
2449,59,6.47517e-07
2450,52,2.43672e-07
2450,53,4.92003e-06
2450,54,9.90635e-05
2450,55,0.000589483
2450,56,0.00114153
2450,57,0.000364295
2450,58,3.68194e-05
2450,59,6.98154e-07
2451,52,2.22789e-07
2451,53,4.58954e-06
2451,54,9.40558e-05
2451,55,0.000572389
2451,56,0.00113761
2451,57,0.000373292
2451,58,3.88942e-05
2451,59,8.32219e-07
2452,52,1.91899e-07
2452,53,4.28477e-06
2452,54,8.926e-05
2452,55,0.000555466
2452,56,0.0011329
2452,57,0.000382378
2452,58,4.09482e-05
2452,59,9.57221e-07
2453,52,2.02229e-07
2453,53,3.99096e-06
2453,54,8.46137e-05
2453,55,0.000538692
2453,56,0.0011276
2453,57,0.000391386
2453,58,4.31e-05
2453,59,1.04653e-06
2454,52,1.3e-07
2454,53,3.72593e-06
2454,54,8.0199e-05
2454,55,0.000522107
2454,56,0.00112149
2454,57,0.000400453
2454,58,4.52801e-05
2454,59,1.18111e-06
2455,52,1.5e-07
2455,53,3.53516e-06
2455,54,7.58914e-05
2455,55,0.000505757
2455,56,0.00111475
2455,57,0.000409262
2455,58,4.76627e-05
2455,59,1.27841e-06
2456,52,1.39504e-07
2456,53,3.25987e-06
2456,54,7.17975e-05
2456,55,0.000489618
2456,56,0.00110734
2456,57,0.000418087
2456,58,5.00807e-05
2456,59,1.41203e-06
2457,52,1.8e-07
2457,53,3.02066e-06
2457,54,6.78866e-05
2457,55,0.000473705
2457,56,0.00109928
2457,57,0.000426871
2457,58,5.25531e-05
2457,59,1.52303e-06
2458,52,1.50305e-07
2458,53,2.77659e-06
2458,54,6.42202e-05
2458,55,0.000458041
2458,56,0.00109051
2458,57,0.000435602
2458,58,5.50799e-05
2458,59,1.70971e-06
2459,52,1.3e-07
2459,53,2.59361e-06
2459,54,6.06923e-05
2459,55,0.000442621
2459,56,0.00108118
2459,57,0.000444152
2459,58,5.78005e-05
2459,59,1.90932e-06
2460,52,1.40232e-07
2460,53,2.40524e-06
2460,54,5.73319e-05
2460,55,0.000427435
2460,56,0.00107134
2460,57,0.000452648
2460,58,6.05008e-05
2460,59,2.07666e-06
2461,52,9e-08
2461,53,2.27046e-06
2461,54,5.4169e-05
2461,55,0.000412595
2461,56,0.00106086
2461,57,0.000460932
2461,58,6.33772e-05
2461,59,2.26313e-06
2462,52,9e-08
2462,53,2.16963e-06
2462,54,5.11367e-05
2462,55,0.000398069
2462,56,0.00104979
2462,57,0.000469131
2462,58,6.63547e-05
2462,59,2.45986e-06
2463,52,5e-08
2463,53,2.00949e-06
2463,54,4.8196e-05
2463,55,0.000383835
2463,56,0.00103818
2463,57,0.000477227
2463,58,6.94042e-05
2463,59,2.65412e-06
2464,52,4e-08
2464,53,1.86039e-06
2464,54,4.54168e-05
2464,55,0.000369839
2464,56,0.00102618
2464,57,0.0004851
2464,58,7.25766e-05
2464,59,2.84947e-06
2465,52,3e-08
2465,53,1.72166e-06
2465,54,4.27735e-05
2465,55,0.000356191
2465,56,0.00101364
2465,57,0.00049286
2465,58,7.58146e-05
2465,59,3.08712e-06
2466,52,2e-08
2466,53,1.59262e-06
2466,54,4.03786e-05
2466,55,0.000342864
2466,56,0.00100071
2466,57,0.000500389
2466,58,7.91568e-05
2466,59,3.33703e-06
2466,60,1e-08
2467,53,1.5133e-06
2467,54,3.79473e-05
2467,55,0.000329834
2467,56,0.000987397
2467,57,0.000507828
2467,58,8.25753e-05
2467,59,3.62917e-06
2468,53,1.37407e-06
2468,54,3.56859e-05
2468,55,0.000317065
2468,56,0.00097369
2468,57,0.000515047
2468,58,8.6109e-05
2468,59,3.90254e-06
2469,53,1.23262e-06
2469,54,3.35696e-05
2469,55,0.000304663
2469,56,0.000959583
2469,57,0.000522059
2469,58,8.97301e-05
2469,59,4.18112e-06
2470,53,1.13845e-06
2470,54,3.15824e-05
2470,55,0.000292646
2470,56,0.000945073
2470,57,0.000528876
2470,58,9.35183e-05
2470,59,4.50564e-06
2470,60,1e-08
2471,53,1.05108e-06
2471,54,2.97204e-05
2471,55,0.000280933
2471,56,0.000930356
2471,57,0.000535439
2471,58,9.74163e-05
2471,59,4.79558e-06
2471,60,1e-08
2472,53,9.70044e-07
2472,54,2.79591e-05
2472,55,0.000269566
2472,56,0.000915369
2472,57,0.000541742
2472,58,0.000101374
2472,59,5.12294e-06
2473,53,9.15718e-07
2473,54,2.62442e-05
2473,55,0.000258508
2473,56,0.000900126
2473,57,0.000547897
2473,58,0.00010536
2473,59,5.46789e-06
2473,60,1e-08
2474,53,8.44499e-07
2474,54,2.46214e-05
2474,55,0.000247841
2474,56,0.000884622
2474,57,0.000553757
2474,58,0.000109515
2474,59,5.82189e-06
2474,60,2e-08
2475,53,7.78537e-07
2475,54,2.30026e-05
2475,55,0.000237435
2475,56,0.000868976
2475,57,0.000559467
2475,58,0.00011372
2475,59,6.18456e-06
2476,53,7.68183e-07
2476,54,2.16279e-05
2476,55,0.000227403
2476,56,0.000853158
2476,57,0.000564821
2476,58,0.000118033
2476,59,6.59858e-06
2477,53,7.07682e-07
2477,54,2.03066e-05
2477,55,0.000217644
2477,56,0.000837104
2477,57,0.000570023
2477,58,0.000122435
2477,59,7.03492e-06
2478,53,6.3551e-07
2478,54,1.90442e-05
2478,55,0.00020821
2478,56,0.000820959
2478,57,0.000574928
2478,58,0.000126994
2478,59,7.48456e-06
2478,60,1e-08
2479,53,6.23957e-07
2479,54,1.78709e-05
2479,55,0.000199123
2479,56,0.000804647
2479,57,0.000579642
2479,58,0.000131663
2479,59,7.98794e-06
2479,60,1e-08
2480,53,5.81926e-07
2480,54,1.6716e-05
2480,55,0.000190339
2480,56,0.000788331
2480,57,0.000584031
2480,58,0.000136319
2480,59,8.58668e-06
2480,60,2e-08
2481,53,6.14234e-07
2481,54,1.56275e-05
2481,55,0.000181817
2481,56,0.000771962
2481,57,0.00058812
2481,58,0.000141101
2481,59,9.13011e-06
2481,60,5e-08
2482,53,5.48555e-07
2482,54,1.45563e-05
2482,55,0.000173734
2482,56,0.000755471
2482,57,0.000591976
2482,58,0.000145968
2482,59,9.76214e-06
2482,60,3e-08
2483,53,5.1562e-07
2483,54,1.35734e-05
2483,55,0.000165825
2483,56,0.000739041
2483,57,0.000595496
2483,58,0.000150969
2483,59,1.03651e-05
2483,60,2e-08
2484,53,4.44213e-07
2484,54,1.27064e-05
2484,55,0.000158212
2484,56,0.0007225
2484,57,0.000598827
2484,58,0.000156135
2484,59,1.09986e-05
2484,60,2e-08
2485,53,4.32596e-07
2485,54,1.18817e-05
2485,55,0.000150842
2485,56,0.000706141
2485,57,0.000601788
2485,58,0.000161307
2485,59,1.18134e-05
2485,60,3e-08
2486,53,4.02013e-07
2486,54,1.10866e-05
2486,55,0.000143815
2486,56,0.00068972
2486,57,0.000604566
2486,58,0.000166549
2486,59,1.25863e-05
2486,60,7e-08
2487,53,3.73041e-07
2487,54,1.03785e-05
2487,55,0.000136984
2487,56,0.000673497
2487,57,0.00060695
2487,58,0.000171921
2487,59,1.34106e-05
2487,60,1.2e-07
2488,53,3.42656e-07
2488,54,9.71472e-06
2488,55,0.000130492
2488,56,0.000657274
2488,57,0.00060906
2488,58,0.000177371
2488,59,1.42246e-05
2488,60,1.5e-07
2489,53,3.30944e-07
2489,54,9.05559e-06
2489,55,0.000124212
2489,56,0.000641149
2489,57,0.000610923
2489,58,0.000182908
2489,59,1.50794e-05
2489,60,1.49492e-07
2490,53,3.2e-07
2490,54,8.44002e-06
2490,55,0.000118182
2490,56,0.000625159
2490,57,0.000612491
2490,58,0.000188511
2490,59,1.6036e-05
2490,60,1.59685e-07
2491,53,3.30885e-07
2491,54,7.86152e-06
2491,55,0.000112404
2491,56,0.000609257
2491,57,0.000613753
2491,58,0.0001942
2491,59,1.70471e-05
2491,60,1.90628e-07
2492,53,2.8753e-07
2492,54,7.31869e-06
2492,55,0.000106933
2492,56,0.000593537
2492,57,0.00061473
2492,58,0.000199951
2492,59,1.80356e-05
2492,60,2.02372e-07
2493,53,3.06061e-07
2493,54,6.79882e-06
2493,55,0.000101609
2493,56,0.000577943
2493,57,0.000615403
2493,58,0.000205862
2493,59,1.90721e-05
2493,60,2.14971e-07
2494,53,3.15515e-07
2494,54,6.34004e-06
2494,55,9.65694e-05
2494,56,0.000562526
2494,57,0.000615854
2494,58,0.000211732
2494,59,2.01979e-05
2494,60,1.98484e-07
2495,53,3.05822e-07
2495,54,5.88054e-06
2495,55,9.1739e-05
2495,56,0.00054721
2495,57,0.000616043
2495,58,0.000217727
2495,59,2.14164e-05
2495,60,2.23739e-07
2496,53,2.7e-07
2496,54,5.45159e-06
2496,55,8.70966e-05
2496,56,0.000532116
2496,57,0.000615913
2496,58,0.000223805
2496,59,2.27002e-05
2496,60,2.6009e-07
2497,53,2.3e-07
2497,54,5.06233e-06
2497,55,8.26455e-05
2497,56,0.000517263
2497,57,0.000615536
2497,58,0.000229944
2497,59,2.39991e-05
2497,60,3.67608e-07
2498,53,2.2e-07
2498,54,4.67102e-06
2498,55,7.84406e-05
2498,56,0.000502557
2498,57,0.000614895
2498,58,0.00023611
2498,59,2.54014e-05
2498,60,3.77128e-07
2499,53,2.3e-07
2499,54,4.33499e-06
2499,55,7.44395e-05
2499,56,0.000488099
2499,57,0.000613963
2499,58,0.000242382
2499,59,2.68551e-05
2499,60,4.48784e-07
2500,53,2.2e-07
2500,54,4.02972e-06
2500,55,7.05698e-05
2500,56,0.000473809
2500,57,0.000612783
2500,58,0.000248736
2500,59,2.8327e-05
2500,60,5.51964e-07
