step,depth,i
1,12,0.0001
2,12,0.000101801
3,12,0.000103632
4,12,0.000105483
4,13,1e-08
5,12,0.000107375
6,12,0.000109287
6,13,1e-08
7,12,0.00011124
8,12,0.000113225
9,12,0.000115232
9,13,1e-08
10,12,0.000117282
10,13,1e-08
11,12,0.000119354
11,13,2e-08
12,12,0.000121459
12,13,5e-08
13,12,0.000123597
13,13,5e-08
14,12,0.00012577
14,13,7e-08
15,12,0.000127976
15,13,1e-07
16,12,0.000130217
16,13,1.6e-07
17,12,0.000132494
17,13,1.869e-07
18,12,0.000134815
18,13,2.34161e-07
19,12,0.000137172
19,13,3.01803e-07
20,12,0.000139556
20,13,3.254e-07
21,12,0.000141986
21,13,3.39989e-07
22,12,0.000144453
22,13,3.5524e-07
23,12,0.000146947
23,13,3.81184e-07
24,12,0.000149489
24,13,3.98382e-07
25,12,0.000152059
25,13,4.26365e-07
26,12,0.000154667
26,13,4.55537e-07
27,12,0.000157324
27,13,4.76109e-07
28,12,0.000159999
28,13,5.17621e-07
29,12,0.000162724
29,13,5.51008e-07
30,12,0.000165489
30,13,5.8599e-07
31,12,0.000168293
31,13,6.22641e-07
32,12,0.000171148
32,13,6.51041e-07
33,12,0.000174033
33,13,6.90749e-07
34,12,0.000176959
34,13,7.32347e-07
35,12,0.000179936
35,13,7.65768e-07
36,12,0.000182935
36,13,8.20724e-07
37,12,0.000185995
37,13,8.58016e-07
38,12,0.000189087
38,13,9.07014e-07
39,12,0.000192222
39,13,9.58158e-07
40,12,0.000195388
40,13,1.02154e-06
41,12,0.000198617
41,13,1.06779e-06
42,12,0.000201879
42,13,1.12614e-06
43,12,0.000205184
43,13,1.18705e-06
44,12,0.000208532
44,13,1.25063e-06
45,12,0.000211914
45,13,1.32716e-06
46,12,0.000215338
46,13,1.40714e-06
47,12,0.000218816
47,13,1.48087e-06
48,12,0.000222338
48,13,1.55801e-06
49,12,0.000225913
49,13,1.62872e-06
50,12,0.000229522
50,13,1.71265e-06
51,12,0.000233175
51,13,1.80045e-06
52,12,0.000236882
52,13,1.8823e-06
53,12,0.000240624
53,13,1.97787e-06
54,12,0.000244419
54,13,2.06784e-06
55,12,0.000248247
55,13,2.1719e-06
56,12,0.00025212
56,13,2.28074e-06
57,12,0.000256047
57,13,2.38442e-06
58,12,0.000260007
58,13,2.5028e-06
59,12,0.00026402
59,13,2.61659e-06
60,12,0.000268068
60,13,2.74554e-06
61,12,0.000272158
61,13,2.88038e-06
62,12,0.000276301
62,13,3.01137e-06
63,12,0.000280477
63,13,3.15828e-06
64,12,0.000284695
64,13,3.31188e-06
65,12,0.000288945
65,13,3.4823e-06
66,12,0.000293237
66,13,3.66035e-06
67,12,0.000297569
67,13,3.84652e-06
68,12,0.000301953
68,13,4.03101e-06
69,12,0.000306367
69,13,4.23383e-06
70,12,0.000310821
70,13,4.44586e-06
71,12,0.000315314
71,13,4.66719e-06
72,12,0.000319846
72,13,4.89835e-06
73,12,0.000324406
73,13,5.14963e-06
74,12,0.000329013
74,13,5.4021e-06
75,12,0.000333677
75,13,5.64559e-06
76,12,0.000338358
76,13,5.91989e-06
77,12,0.000343073
77,13,6.20629e-06
78,12,0.000347824
78,13,6.5053e-06
79,12,0.000352608
79,13,6.81747e-06
80,12,0.000357424
80,13,7.14319e-06
81,12,0.000362273
81,13,7.48303e-06
82,12,0.000367153
82,13,7.83772e-06
83,12,0.000372072
83,13,8.19805e-06
84,12,0.00037701
84,13,8.58404e-06
85,12,0.000381976
85,13,8.98681e-06
86,12,0.000386968
86,13,9.40691e-06
87,12,0.000391986
87,13,9.84505e-06
88,12,0.000397027
88,13,1.0302e-05
89,12,0.000402101
89,13,1.07686e-05
90,12,0.000407187
90,13,1.12654e-05
91,12,0.000412272
91,13,1.18035e-05
92,12,0.000417376
92,13,1.23647e-05
93,12,0.000422516
93,13,1.29301e-05
94,12,0.000427681
94,13,1.35095e-05
95,12,0.00043284
95,13,1.41334e-05
96,12,0.000438031
96,13,1.47639e-05
97,12,0.000443242
97,13,1.54112e-05
98,12,0.000448462
98,13,1.60858e-05
99,12,0.000453659
99,13,1.6819e-05
100,12,0.00045887
100,13,1.7573e-05
101,12,0.000464075
101,13,1.83688e-05
102,12,0.000469279
102,13,1.91977e-05
103,12,0.000474493
103,13,2.00512e-05
104,12,0.000479683
104,13,2.09601e-05
105,12,0.000484877
105,13,2.18965e-05
106,12,0.000490063
106,13,2.28716e-05
107,12,0.00049525
107,13,2.38766e-05
108,12,0.000500424
108,13,2.4923e-05
109,12,0.000505593
109,13,2.60023e-05
110,12,0.000510716
110,13,2.71557e-05
111,12,0.000515838
111,13,2.83361e-05
112,12,0.000520939
112,13,2.95645e-05
113,12,0.000525996
113,13,3.08625e-05
114,12,0.000531035
114,13,3.22025e-05
115,12,0.000536034
115,13,3.36065e-05
116,12,0.000541001
116,13,3.50663e-05
117,12,0.000545952
117,13,3.65641e-05
118,12,0.000550836
118,13,3.81513e-05
119,12,0.000555689
119,13,3.97914e-05
120,12,0.000560498
120,13,4.1496e-05
121,12,0.000565291
121,13,4.32376e-05
122,12,0.000570015
122,13,4.50671e-05
123,12,0.000574677
123,13,4.6978e-05
124,12,0.000579264
124,13,4.8983e-05
125,12,0.000583823
125,13,5.10352e-05
126,12,0.000588311
126,13,5.3176e-05
127,12,0.000592755
127,13,5.53784e-05
128,12,0.000597132
128,13,5.76644e-05
129,12,0.00060142
129,13,6.00571e-05
130,12,0.000605634
130,13,6.25394e-05
131,12,0.000609773
131,13,6.51146e-05
132,12,0.000613842
132,13,6.77657e-05
132,14,1e-08
133,12,0.000617849
133,13,7.05049e-05
134,12,0.000621732
134,13,7.3385e-05
135,12,0.000625526
135,13,7.63604e-05
135,14,1e-08
136,12,0.000629238
136,13,7.9434e-05
136,14,2e-08
137,12,0.000632847
137,13,8.26292e-05
137,14,3e-08
138,12,0.000636377
138,13,8.59295e-05
138,14,1e-08
139,12,0.000639808
139,13,8.93382e-05
139,14,2e-08
140,12,0.000643146
140,13,9.28683e-05
141,12,0.000646367
141,13,9.65334e-05
142,12,0.000649499
142,13,0.000100297
142,14,1e-08
143,12,0.000652489
143,13,0.000104233
144,12,0.000655364
144,13,0.000108306
145,12,0.000658121
145,13,0.000112519
146,12,0.000660747
146,13,0.000116887
147,12,0.00066326
147,13,0.000121384
147,14,1e-08
148,12,0.000665656
148,13,0.000126034
148,14,2e-08
149,12,0.000667924
149,13,0.00013084
149,14,3e-08
150,12,0.00067003
150,13,0.000135837
150,14,5e-08
151,12,0.000672012
151,13,0.000140979
151,14,7e-08
152,12,0.000673878
152,13,0.00014628
152,14,8e-08
153,12,0.000675594
153,13,0.000151754
153,14,7e-08
154,12,0.000677159
154,13,0.000157426
154,14,6e-08
155,12,0.00067857
155,13,0.00016328
155,14,8e-08
156,12,0.000679894
156,13,0.00016926
156,14,1e-07
157,12,0.000681051
157,13,0.000175439
157,14,1.26442e-07
158,12,0.000682038
158,13,0.000181842
158,14,1.43921e-07
159,12,0.000682892
159,13,0.000188414
159,14,1.81855e-07
160,12,0.000683582
160,13,0.000195208
160,14,1.91548e-07
161,12,0.000684136
161,13,0.0002022
161,14,2.02464e-07
162,12,0.000684512
162,13,0.000209423
162,14,1.94038e-07
163,12,0.000684708
163,13,0.000216872
163,14,2.16306e-07
164,12,0.000684724
164,13,0.000224572
164,14,2.29307e-07
165,12,0.000684606
165,13,0.000232457
165,14,2.43082e-07
166,12,0.000684336
166,13,0.000240572
166,14,2.58299e-07
167,12,0.00068388
167,13,0.00024894
167,14,2.74414e-07
168,12,0.000683268
168,13,0.000257526
168,14,3.01476e-07
169,12,0.000682478
169,13,0.000266353
169,14,3.49535e-07
170,12,0.000681541
170,13,0.000275416
170,14,3.78646e-07
171,12,0.000680434
171,13,0.000284707
171,14,4.0948e-07
172,12,0.000679148
172,13,0.00029428
172,14,4.22742e-07
173,12,0.000677692
173,13,0.00030411
173,14,4.57339e-07
174,12,0.000676055
174,13,0.000314211
174,14,4.93341e-07
175,12,0.000674277
175,13,0.000324534
175,14,5.40822e-07
176,12,0.000672338
176,13,0.000335123
176,14,5.69858e-07
177,12,0.000670188
177,13,0.000346021
177,14,6.20528e-07
178,12,0.000667857
178,13,0.000357182
178,14,6.72915e-07
179,12,0.000665376
179,13,0.000368607
179,14,7.47703e-07
180,12,0.000662764
180,13,0.00038028
180,14,8.01772e-07
181,12,0.000659961
181,13,0.000392231
181,14,8.78838e-07
182,12,0.00065698
182,13,0.000404483
182,14,9.50199e-07
183,12,0.000653849
183,13,0.000416988
183,14,1.03551e-06
184,12,0.000650511
184,13,0.000429837
184,14,1.10551e-06
185,12,0.000647016
185,13,0.000442952
185,14,1.18926e-06
186,12,0.000643366
186,13,0.000456343
186,14,1.27752e-06
187,12,0.000639541
187,13,0.000470011
187,14,1.39053e-06
188,12,0.000635584
188,13,0.000483956
188,14,1.48954e-06
189,12,0.000631435
189,13,0.000498207
189,14,1.60374e-06
190,12,0.000627137
190,13,0.000512745
190,14,1.71393e-06
191,12,0.000622682
191,13,0.000527557
191,14,1.83988e-06
192,12,0.000618081
192,13,0.000542642
192,14,1.97236e-06
193,12,0.000613316
193,13,0.000558009
193,14,2.12167e-06
194,12,0.000608411
194,13,0.000573685
194,14,2.23864e-06
195,12,0.000603347
195,13,0.000589617
195,14,2.39143e-06
196,12,0.000598137
196,13,0.000605822
196,14,2.55194e-06
197,12,0.000592773
197,13,0.000622296
197,14,2.73045e-06
198,12,0.000587289
198,13,0.000639005
198,14,2.92782e-06
199,12,0.000581658
199,13,0.000656002
199,14,3.11503e-06
200,12,0.000575892
200,13,0.000673284
200,14,3.28133e-06
201,12,0.000569996
201,13,0.000690814
201,14,3.45552e-06
202,12,0.000563962
202,13,0.000708567
202,14,3.66792e-06
203,12,0.000557823
203,13,0.000726524
203,14,3.90038e-06
204,12,0.000551555
204,13,0.000744716
204,14,4.14374e-06
205,12,0.000545169
205,13,0.000763116
205,14,4.40846e-06
206,12,0.000538701
206,13,0.000781723
206,14,4.6555e-06
207,12,0.000532104
207,13,0.000800529
207,14,4.93372e-06
208,12,0.000525422
208,13,0.000819502
208,14,5.2246e-06
209,12,0.000518619
209,13,0.00083867
209,14,5.52853e-06
210,12,0.000511701
210,13,0.000857992
210,14,5.87598e-06
211,12,0.00050472
211,13,0.000877465
211,14,6.20886e-06
212,12,0.000497633
212,13,0.000897076
212,14,6.5762e-06
213,12,0.000490473
213,13,0.00091683
213,14,6.92938e-06
214,12,0.000483236
214,13,0.000936663
214,14,7.32754e-06
215,12,0.000475916
215,13,0.00095661
215,14,7.73258e-06
216,12,0.000468538
216,13,0.000976614
216,14,8.16451e-06
217,12,0.000461097
217,13,0.000996687
217,14,8.60428e-06
218,12,0.000453588
218,13,0.0010168
218,14,9.07198e-06
219,12,0.000446046
219,13,0.00103694
219,14,9.52811e-06
220,12,0.000438447
220,13,0.00105707
220,14,1.00427e-05
221,12,0.000430796
221,13,0.00107717
221,14,1.05971e-05
222,12,0.000423137
222,13,0.00109723
222,14,1.11626e-05
223,12,0.000415416
223,13,0.00111727
223,14,1.1729e-05
224,12,0.000407679
224,13,0.00113725
224,14,1.22973e-05
225,12,0.000399931
225,13,0.00115711
225,14,1.29264e-05
226,12,0.000392148
226,13,0.00117684
226,14,1.35873e-05
227,12,0.000384344
227,13,0.00119645
227,14,1.42514e-05
228,12,0.000376555
228,13,0.00121587
228,14,1.4929e-05
229,12,0.000368767
229,13,0.00123511
229,14,1.56802e-05
230,12,0.000360995
230,13,0.00125416
230,14,1.63998e-05
231,12,0.000353214
231,13,0.00127295
231,14,1.71826e-05
232,12,0.000345449
232,13,0.00129151
232,14,1.79908e-05
233,12,0.000337716
233,13,0.00130973
233,14,1.88339e-05
234,12,0.000330001
234,13,0.00132769
234,14,1.96566e-05
235,12,0.000322337
235,13,0.00134529
235,14,2.05151e-05
236,12,0.00031471
236,13,0.00136253
236,14,2.13998e-05
237,12,0.000307116
237,13,0.00137938
237,14,2.23309e-05
238,12,0.000299558
238,13,0.00139586
238,14,2.32696e-05
239,12,0.000292052
239,13,0.00141192
239,14,2.4215e-05
240,12,0.000284614
240,13,0.00142751
240,14,2.51969e-05
241,12,0.000277236
241,13,0.00144258
241,14,2.62457e-05
242,12,0.000269924
242,13,0.00145717
242,14,2.7303e-05
243,12,0.000262702
243,13,0.00147122
243,14,2.83883e-05
244,12,0.000255534
244,13,0.00148476
244,14,2.94815e-05
245,12,0.000248444
245,13,0.00149769
245,14,3.0642e-05
246,12,0.000241456
246,13,0.00150999
246,14,3.18611e-05
247,12,0.000234544
247,13,0.00152174
247,14,3.30599e-05
248,12,0.000227711
248,13,0.00153285
248,14,3.43065e-05
249,12,0.000220982
249,13,0.00154331
249,14,3.55813e-05
250,12,0.000214348
250,13,0.00155314
250,14,3.68543e-05
251,12,0.000207814
251,13,0.00156224
251,14,3.82041e-05
252,12,0.000201392
252,13,0.00157068
252,14,3.9542e-05
253,12,0.000195054
253,13,0.00157839
253,14,4.09464e-05
254,12,0.000188835
254,13,0.00158538
254,14,4.23684e-05
255,12,0.000182715
255,13,0.00159166
255,14,4.3807e-05
256,12,0.000176717
256,13,0.00159717
256,14,4.52916e-05
257,12,0.000170833
257,13,0.00160197
257,14,4.67521e-05
258,12,0.000165075
258,13,0.001606
258,14,4.82466e-05
259,12,0.000159424
259,13,0.0016093
259,14,4.97447e-05
260,12,0.000153882
260,13,0.00161184
260,14,5.12551e-05
261,12,0.00014847
261,13,0.00161357
261,14,5.28171e-05
262,12,0.000143179
262,13,0.00161457
262,14,5.43605e-05
263,12,0.000138019
263,13,0.00161473
263,14,5.59737e-05
264,12,0.000132972
264,13,0.0016141
264,14,5.76271e-05
265,12,0.000128057
265,13,0.0016127
265,14,5.92903e-05
266,12,0.000123255
266,13,0.00161056
266,14,6.09523e-05
267,12,0.000118576
267,13,0.00160766
267,14,6.26215e-05
268,12,0.00011403
268,13,0.00160397
268,14,6.43269e-05
269,12,0.000109597
269,13,0.00159954
269,14,6.60479e-05
270,12,0.000105296
270,13,0.00159434
270,14,6.78036e-05
271,12,0.000101115
271,13,0.00158843
271,14,6.95333e-05
271,15,1e-08
272,12,9.7046e-05
272,13,0.0015818
272,14,7.13051e-05
272,15,3e-08
273,12,9.30965e-05
273,13,0.00157446
273,14,7.30786e-05
273,15,2e-08
274,12,8.9276e-05
274,13,0.00156642
274,14,7.48425e-05
274,15,2e-08
275,12,8.55729e-05
275,13,0.00155771
275,14,7.66252e-05
275,15,2e-08
276,12,8.19858e-05
276,13,0.00154833
276,14,7.84057e-05
276,15,5e-08
277,12,7.85135e-05
277,13,0.00153827
277,14,8.02228e-05
277,15,8e-08
278,12,7.51543e-05
278,13,0.00152763
278,14,8.20059e-05
278,15,9e-08
279,12,7.19065e-05
279,13,0.00151637
279,14,8.38031e-05
279,15,1e-07
280,12,6.87585e-05
280,13,0.00150451
280,14,8.56034e-05
280,15,1.15685e-07
281,12,6.57289e-05
281,13,0.00149207
281,14,8.74257e-05
281,15,1.41654e-07
282,12,6.27953e-05
282,13,0.00147908
282,14,8.92391e-05
282,15,1.47918e-07
283,12,5.99761e-05
283,13,0.00146558
283,14,9.10323e-05
283,15,1.65048e-07
284,12,5.72589e-05
284,13,0.00145156
284,14,9.28338e-05
284,15,1.8308e-07
285,12,5.46315e-05
285,13,0.00143706
285,14,9.46428e-05
285,15,2.115e-07
286,12,5.21022e-05
286,13,0.00142209
286,14,9.64481e-05
286,15,2.30326e-07
287,12,4.96787e-05
287,13,0.0014067
287,14,9.82187e-05
287,15,2.69574e-07
288,12,4.73484e-05
288,13,0.00139087
288,14,0.000100003
288,15,2.69261e-07
289,12,4.51089e-05
289,13,0.00137467
289,14,0.00010176
289,15,2.89941e-07
290,12,4.2958e-05
290,13,0.00135809
290,14,0.000103529
290,15,3.21653e-07
291,12,4.08932e-05
291,13,0.00134117
291,14,0.000105289
291,15,3.03911e-07
292,12,3.89123e-05
292,13,0.00132388
292,14,0.000107069
292,15,3.36735e-07
293,12,3.70128e-05
293,13,0.00130633
293,14,0.000108818
293,15,3.50671e-07
294,12,3.51925e-05
294,13,0.00128855
294,14,0.000110515
294,15,4.15242e-07
295,12,3.34489e-05
295,13,0.00127047
295,14,0.000112239
295,15,4.36133e-07
296,12,3.17797e-05
296,13,0.00125216
296,14,0.000113959
296,15,4.57937e-07
297,12,3.01826e-05
297,13,0.0012337
297,14,0.000115614
297,15,4.80687e-07
298,12,2.86552e-05
298,13,0.00121505
298,14,0.000117254
298,15,5.1442e-07
299,12,2.71952e-05
299,13,0.00119624
299,14,0.000118876
299,15,5.39674e-07
300,12,2.58004e-05
300,13,0.00117728
300,14,0.0001205
300,15,5.66006e-07
301,12,2.44686e-05
301,13,0.0011582
301,14,0.000122117
301,15,5.93455e-07
302,12,2.31974e-05
302,13,0.00113905
302,14,0.000123674
302,15,6.32063e-07
303,12,2.19847e-05
303,13,0.0011198
303,14,0.000125242
303,15,6.72363e-07
304,12,2.08284e-05
304,13,0.0011005
304,14,0.00012679
304,15,7.14371e-07
305,12,1.97264e-05
305,13,0.00108117
305,14,0.000128316
305,15,7.48149e-07
306,12,1.86765e-05
306,13,0.00106182
306,14,0.000129821
306,15,7.93318e-07
307,12,1.76768e-05
307,13,0.0010425
307,14,0.000131274
307,15,8.40365e-07
308,12,1.67253e-05
308,13,0.00102317
308,14,0.000132745
308,15,8.89354e-07
309,12,1.58201e-05
309,13,0.00100391
309,14,0.000134152
309,15,9.40397e-07
310,12,1.49593e-05
310,13,0.000984692
310,14,0.000135545
310,15,9.93522e-07
311,12,1.41411e-05
311,13,0.000965537
311,14,0.000136935
311,15,1.03885e-06
312,12,1.33636e-05
312,13,0.000946478
312,14,0.000138279
312,15,1.09598e-06
313,12,1.26252e-05
313,13,0.000927518
313,14,0.00013961
313,15,1.14545e-06
314,12,1.19241e-05
314,13,0.000908661
314,14,0.000140925
314,15,1.19688e-06
315,12,1.12588e-05
315,13,0.00088994
315,14,0.000142194
315,15,1.26034e-06
316,12,1.06277e-05
316,13,0.000871337
316,14,0.000143468
316,15,1.31635e-06
317,12,1.00291e-05
317,13,0.000852875
317,14,0.000144716
317,15,1.38455e-06
318,12,9.4618e-06
318,13,0.000834594
318,14,0.000145918
318,15,1.45547e-06
319,12,8.9242e-06
319,13,0.000816514
319,14,0.000147064
319,15,1.5292e-06
320,12,8.41495e-06
320,13,0.000798585
320,14,0.000148223
320,15,1.5958e-06
321,12,7.93275e-06
321,13,0.000780835
321,14,0.000149366
321,15,1.66496e-06
322,12,7.4763e-06
322,13,0.000763335
322,14,0.000150422
322,15,1.74676e-06
323,12,7.04439e-06
323,13,0.000746039
323,14,0.000151451
323,15,1.83171e-06
324,12,6.63583e-06
324,13,0.000728956
324,14,0.000152463
324,15,1.90995e-06
325,12,6.24948e-06
325,13,0.000712072
325,14,0.000153458
325,15,2.00115e-06
326,12,5.88425e-06
326,13,0.000695404
326,14,0.000154445
326,15,2.08581e-06
327,12,5.53911e-06
327,13,0.000678986
327,14,0.000155376
327,15,2.18365e-06
328,12,5.21304e-06
328,13,0.000662785
328,14,0.0001563
328,15,2.28517e-06
329,12,4.90508e-06
329,13,0.000646844
329,14,0.000157188
329,15,2.3805e-06
330,12,4.61432e-06
330,13,0.000631146
330,14,0.000158038
330,15,2.48938e-06
331,12,4.33987e-06
331,13,0.000615676
331,14,0.000158882
331,15,2.60235e-06
332,12,4.0809e-06
332,13,0.000600477
332,14,0.000159689
332,15,2.70952e-06
333,12,3.8366e-06
333,13,0.000585511
333,14,0.00016049
333,15,2.82064e-06
334,12,3.6062e-06
334,13,0.00057083
334,14,0.000161224
334,15,2.94584e-06
335,12,3.38896e-06
335,13,0.000556375
335,14,0.000161972
335,15,3.06565e-06
336,12,3.1842e-06
336,13,0.000542179
336,14,0.000162684
336,15,3.19983e-06
337,12,2.99124e-06
337,13,0.000528251
337,14,0.000163371
337,15,3.32896e-06
338,12,2.80946e-06
338,13,0.000514594
338,14,0.000164022
338,15,3.46279e-06
339,12,2.63824e-06
339,13,0.000501185
339,14,0.000164647
339,15,3.61147e-06
340,12,2.47701e-06
340,13,0.000488036
340,14,0.000165247
340,15,3.76554e-06
341,12,2.32522e-06
341,13,0.000475146
341,14,0.000165822
341,15,3.92517e-06
342,12,2.18236e-06
342,13,0.000462514
342,14,0.000166382
342,15,4.08056e-06
343,12,2.04793e-06
343,13,0.000450149
343,14,0.000166898
343,15,4.25151e-06
344,12,1.92146e-06
344,13,0.000438031
344,14,0.000167399
344,15,4.42864e-06
345,12,1.80251e-06
345,13,0.000426166
345,14,0.000167876
345,15,4.6121e-06
346,12,1.69065e-06
346,13,0.000414575
346,14,0.00016832
346,15,4.79215e-06
347,12,1.58549e-06
347,13,0.000403234
347,14,0.000168729
347,15,4.9886e-06
348,12,1.48663e-06
348,13,0.000392121
348,14,0.000169145
348,15,5.18203e-06
349,12,1.39373e-06
349,13,0.000381255
349,14,0.000169529
349,15,5.3923e-06
350,12,1.30644e-06
350,13,0.000370653
350,14,0.000169869
350,15,5.61e-06
351,12,1.22444e-06
351,13,0.000360282
351,14,0.000170197
351,15,5.83542e-06
352,12,1.14742e-06
352,13,0.000350159
352,14,0.000170502
352,15,6.05877e-06
353,12,1.07509e-06
353,13,0.000340261
353,14,0.000170796
353,15,6.28996e-06
354,12,1.00718e-06
354,13,0.000330596
354,14,0.000171068
354,15,6.52925e-06
355,12,9.43437e-07
355,13,0.000321181
355,14,0.000171288
355,15,6.78691e-06
356,12,8.83607e-07
356,13,0.000311981
356,14,0.000171498
356,15,7.0536e-06
357,12,8.27464e-07
357,13,0.000303004
357,14,0.000171686
357,15,7.32963e-06
358,12,7.74788e-07
358,13,0.000294226
358,14,0.000171884
358,15,7.60525e-06
359,12,7.25373e-07
359,13,0.000285684
359,14,0.000172042
359,15,7.89043e-06
360,12,6.79026e-07
360,13,0.000277365
360,14,0.00017217
360,15,8.18549e-06
361,12,6.35562e-07
361,13,0.000269235
361,14,0.000172298
361,15,8.49076e-06
362,12,5.94808e-07
362,13,0.00026131
362,14,0.000172396
362,15,8.81656e-06
363,12,5.56602e-07
363,13,0.000253588
363,14,0.000172486
363,15,9.14363e-06
364,12,5.20789e-07
364,13,0.000246084
364,14,0.000172537
364,15,9.48195e-06
365,12,4.87225e-07
365,13,0.000238763
365,14,0.000172569
365,15,9.84188e-06
366,12,4.55773e-07
366,13,0.000231634
366,14,0.000172583
366,15,1.02142e-05
367,12,4.26303e-07
367,13,0.000224692
367,14,0.000172578
367,15,1.05992e-05
368,12,3.98696e-07
368,13,0.000217944
368,14,0.000172556
368,15,1.09875e-05
369,12,3.72837e-07
369,13,0.000211375
369,14,0.000172517
369,15,1.13889e-05
370,12,3.48617e-07
370,13,0.000204961
370,14,0.00017248
370,15,1.18041e-05
371,12,3.25938e-07
371,13,0.000198731
371,14,0.000172407
371,15,1.22433e-05
372,12,3.04702e-07
372,13,0.00019268
372,14,0.000172317
372,15,1.26875e-05
373,12,2.84821e-07
373,13,0.000186793
373,14,0.00017221
373,15,1.31467e-05
374,12,2.66211e-07
374,13,0.000181058
374,14,0.000172097
374,15,1.36214e-05
375,12,2.48792e-07
375,13,0.000175491
375,14,0.000171959
375,15,1.41121e-05
376,12,2.32491e-07
376,13,0.000170079
376,14,0.000171795
376,15,1.46294e-05
377,12,2.17237e-07
377,13,0.000164807
377,14,0.000171635
377,15,1.51541e-05
378,12,2.02965e-07
378,13,0.000159673
378,14,0.00017146
378,15,1.57064e-05
379,12,1.89613e-07
379,13,0.000154694
379,14,0.000171261
379,15,1.62772e-05
380,12,1.77123e-07
380,13,0.000149856
380,14,0.000171047
380,15,1.68672e-05
381,12,1.6544e-07
381,13,0.000145165
381,14,0.000170808
381,15,1.74768e-05
382,12,1.54515e-07
382,13,0.000140598
382,14,0.000170575
382,15,1.80968e-05
383,12,1.44298e-07
383,13,0.000136163
383,14,0.000170319
383,15,1.87474e-05
384,12,1.34745e-07
384,13,0.000131855
384,14,0.000170058
384,15,1.94097e-05
385,12,1.25814e-07
385,13,0.000127672
385,14,0.000169774
385,15,2.0104e-05
386,12,1.17464e-07
386,13,0.000123621
386,14,0.000169467
386,15,2.08214e-05
387,12,1.0966e-07
387,13,0.000119678
387,14,0.000169167
387,15,2.15524e-05
388,12,1.02366e-07
388,13,0.00011586
388,14,0.000168844
388,15,2.23076e-05
389,12,1e-07
389,13,0.000112155
389,14,0.000168509
389,15,2.30878e-05
390,12,1e-07
390,13,0.00010856
390,14,0.000168151
390,15,2.39036e-05
391,12,1.2e-07
391,13,0.00010507
391,14,0.000167791
391,15,2.47363e-05
392,12,1.11981e-07
392,13,0.000101685
392,14,0.000167419
392,15,2.55963e-05
393,12,1.0449e-07
393,13,9.83912e-05
393,14,0.000167045
393,15,2.64845e-05
394,12,1.2e-07
394,13,9.52059e-05
394,14,0.000166639
394,15,2.74118e-05
395,12,1.11955e-07
395,13,9.21064e-05
395,14,0.000166242
395,15,2.83594e-05
396,12,1.04442e-07
396,13,8.91005e-05
396,14,0.000165824
396,15,2.9348e-05
397,12,1.1e-07
397,13,8.61956e-05
397,14,0.000165385
397,15,3.03687e-05
398,12,1.02602e-07
398,13,8.3379e-05
398,14,0.000164945
398,15,3.14127e-05
399,12,4e-08
399,13,8.06382e-05
399,14,0.000164494
399,15,3.25005e-05
400,12,2e-08
400,13,7.79812e-05
400,14,0.000164033
400,15,3.36236e-05
401,12,3e-08
401,13,7.54058e-05
401,14,0.000163561
401,15,3.4783e-05
402,12,3e-08
402,13,7.29096e-05
402,14,0.000163079
402,15,3.59798e-05
403,12,2e-08
403,13,7.05004e-05
403,14,0.000162578
403,15,3.72152e-05
404,13,6.81557e-05
404,14,0.000162076
404,15,3.84904e-05
405,13,6.58939e-05
405,14,0.000161565
405,15,3.97965e-05
406,13,6.36924e-05
406,14,0.000161044
406,15,4.11545e-05
407,13,6.15697e-05
407,14,0.000160503
407,15,4.2556e-05
408,13,5.95133e-05
408,14,0.000159964
408,15,4.39921e-05
409,13,5.75115e-05
409,14,0.000159415
409,15,4.54841e-05
410,13,5.55826e-05
410,14,0.000158847
410,15,4.70236e-05
411,13,5.37146e-05
411,14,0.000158271
411,15,4.86119e-05
412,13,5.18956e-05
412,14,0.000157696
412,15,5.02505e-05
413,13,5.01343e-05
413,14,0.000157122
413,15,5.19311e-05
414,13,4.83998e-05
414,14,0.00015653
414,15,5.36646e-05
415,13,4.67634e-05
415,14,0.000155929
415,15,5.54528e-05
416,13,4.51791e-05
416,14,0.000155311
416,15,5.73073e-05
417,13,4.36355e-05
417,14,0.000154694
417,15,5.921e-05
418,13,4.2111e-05
418,14,0.000154059
418,15,6.11822e-05
419,13,4.06741e-05
419,14,0.000153426
419,15,6.32061e-05
420,13,3.92835e-05
420,14,0.000152786
420,15,6.52932e-05
421,13,3.79477e-05
421,14,0.000152138
421,15,6.74451e-05
422,13,3.66754e-05
422,14,0.000151473
422,15,6.96739e-05
423,13,3.54453e-05
423,14,0.00015081
423,15,7.19617e-05
424,13,3.4196e-05
424,14,0.00015014
424,15,7.43202e-05
425,13,3.30565e-05
425,14,0.000149462
425,15,7.67415e-05
425,16,1e-08
426,13,3.18654e-05
426,14,0.000148778
426,15,7.92371e-05
426,16,3e-08
427,13,3.07515e-05
427,14,0.000148076
427,15,8.18293e-05
427,16,4e-08
428,13,2.96938e-05
428,14,0.000147377
428,15,8.44809e-05
428,16,8e-08
429,13,2.86612e-05
429,14,0.000146662
429,15,8.72233e-05
429,16,1e-07
430,13,2.76524e-05
430,14,0.000145949
430,15,9.00392e-05
430,16,1e-07
431,13,2.66866e-05
431,14,0.00014522
431,15,9.29605e-05
431,16,1.3e-07
432,13,2.57826e-05
432,14,0.000144495
432,15,9.59603e-05
432,16,1.76994e-07
433,13,2.49095e-05
433,14,0.000143752
433,15,9.90607e-05
433,16,2.04471e-07
434,13,2.40363e-05
434,14,0.000143014
434,15,0.000102234
434,16,2.12463e-07
435,13,2.32622e-05
435,14,0.000142258
435,15,0.000105523
435,16,2.21703e-07
436,13,2.24379e-05
436,14,0.000141507
436,15,0.000108891
436,16,2.91579e-07
437,13,2.16412e-05
437,14,0.000140749
437,15,0.000112369
437,16,3.0956e-07
438,13,2.08713e-05
438,14,0.000139975
438,15,0.00011596
438,16,3.2865e-07
439,13,2.01272e-05
439,14,0.000139204
439,15,0.000119648
439,16,3.48916e-07
440,13,1.94081e-05
440,14,0.000138418
440,15,0.000123455
440,16,3.70432e-07
441,13,1.87134e-05
441,14,0.000137625
441,15,0.000127373
441,16,3.93273e-07
442,13,1.8042e-05
442,14,0.000136827
442,15,0.000131407
442,16,4.1752e-07
443,13,1.73934e-05
443,14,0.000136022
443,15,0.000135549
443,16,4.53261e-07
444,13,1.67672e-05
444,14,0.000135222
444,15,0.000139802
444,16,4.91112e-07
445,13,1.6107e-05
445,14,0.000134405
445,15,0.000144198
445,16,5.21196e-07
446,13,1.55272e-05
446,14,0.000133583
446,15,0.000148711
446,16,5.63119e-07
447,13,1.4947e-05
447,14,0.000132755
447,15,0.000153364
447,16,5.97516e-07
448,13,1.44159e-05
448,14,0.000131932
448,15,0.000158141
448,16,6.3401e-07
449,13,1.39032e-05
449,14,0.000131102
449,15,0.000163054
449,16,6.72726e-07
450,13,1.34084e-05
450,14,0.000130267
450,15,0.000168097
450,16,7.23799e-07
451,13,1.28908e-05
451,14,0.000129426
451,15,0.000173283
451,16,7.78058e-07
452,13,1.23999e-05
452,14,0.000128579
452,15,0.000178625
452,16,8.25698e-07
453,13,1.19452e-05
453,14,0.000127717
453,15,0.000184127
453,16,8.76244e-07
454,13,1.15061e-05
454,14,0.000126849
454,15,0.000189773
454,16,9.3987e-07
455,13,1.10821e-05
455,14,0.000125976
455,15,0.000195586
455,16,9.97279e-07
456,13,1.06728e-05
456,14,0.000125097
456,15,0.00020155
456,16,1.06818e-06
457,13,1.02776e-05
457,14,0.000124213
457,15,0.000207667
457,16,1.15345e-06
458,13,9.89605e-06
458,14,0.000123323
458,15,0.000213963
458,16,1.23389e-06
459,13,9.52777e-06
459,14,0.000122428
459,15,0.000220429
459,16,1.31911e-06
460,13,9.17228e-06
460,14,0.000121538
460,15,0.000227061
460,16,1.40957e-06
461,13,8.82916e-06
461,14,0.000120642
461,15,0.000233871
461,16,1.50541e-06
462,13,8.49802e-06
462,14,0.00011973
462,15,0.000240883
462,16,1.59712e-06
463,13,8.17844e-06
463,14,0.000118814
463,15,0.000248072
463,16,1.70436e-06
464,13,7.87005e-06
464,14,0.000117891
464,15,0.000255441
464,16,1.82815e-06
465,13,7.57248e-06
465,14,0.000116974
465,15,0.000262992
465,16,1.94887e-06
466,13,7.28536e-06
466,14,0.000116051
466,15,0.000270741
466,16,2.07677e-06
467,13,7.00835e-06
467,14,0.000115113
467,15,0.0002787
467,16,2.23244e-06
468,13,6.74112e-06
468,14,0.00011417
468,15,0.000286883
468,16,2.34668e-06
469,13,6.48332e-06
469,14,0.000113231
469,15,0.000295255
469,16,2.49896e-06
470,13,6.23466e-06
470,14,0.000112287
470,15,0.000303829
470,16,2.65976e-06
471,13,5.99482e-06
471,14,0.000111338
471,15,0.000312617
471,16,2.83025e-06
472,13,5.7635e-06
472,14,0.000110384
472,15,0.000321624
472,16,3.03082e-06
473,13,5.54043e-06
473,14,0.000109414
473,15,0.000330863
473,16,3.24207e-06
474,13,5.32532e-06
474,14,0.000108439
474,15,0.000340328
474,16,3.43525e-06
475,13,5.1179e-06
475,14,0.00010747
475,15,0.000350002
475,16,3.69057e-06
476,13,4.91792e-06
476,14,0.000106484
476,15,0.000359917
476,16,3.91922e-06
477,13,4.72513e-06
477,14,0.000105504
477,15,0.000370078
477,16,4.19262e-06
478,13,4.53927e-06
478,14,0.000104509
478,15,0.000380477
478,16,4.49047e-06
479,13,4.36012e-06
479,14,0.000103519
479,15,0.000391127
479,16,4.76005e-06
480,13,4.18745e-06
480,14,0.000102514
480,15,0.000402022
480,16,5.05549e-06
481,13,4.02104e-06
481,14,0.000101513
481,15,0.000413144
481,16,5.36768e-06
482,13,3.86067e-06
482,14,0.000100498
482,15,0.000424525
482,16,5.70823e-06
483,13,3.70614e-06
483,14,9.94781e-05
483,15,0.000436168
483,16,6.06865e-06
484,13,3.55726e-06
484,14,9.84632e-05
484,15,0.000448035
484,16,6.43891e-06
485,13,3.41382e-06
485,14,9.74334e-05
485,15,0.000460177
485,16,6.83174e-06
486,13,3.27564e-06
486,14,9.6409e-05
486,15,0.000472567
486,16,7.2579e-06
487,13,3.14254e-06
487,14,9.53698e-05
487,15,0.000485225
487,16,7.70885e-06
488,13,3.01435e-06
488,14,9.4336e-05
488,15,0.000498144
488,16,8.17572e-06
489,13,2.8909e-06
489,14,9.32976e-05
489,15,0.000511314
489,16,8.67952e-06
490,13,2.77203e-06
490,14,9.22547e-05
490,15,0.000524736
490,16,9.22213e-06
491,13,2.65757e-06
491,14,9.12072e-05
491,15,0.000538409
491,16,9.80597e-06
492,13,2.54738e-06
492,14,9.01453e-05
492,15,0.000552374
492,16,1.04024e-05
493,13,2.44131e-06
493,14,8.90893e-05
493,15,0.000566572
493,16,1.10427e-05
494,13,2.33922e-06
494,14,8.8019e-05
494,15,0.00058105
494,16,1.17199e-05
495,13,2.24097e-06
495,14,8.69546e-05
495,15,0.000595778
495,16,1.2435e-05
496,13,2.14642e-06
496,14,8.58763e-05
496,15,0.000610775
496,16,1.31903e-05
497,13,2.05545e-06
497,14,8.47942e-05
497,15,0.000626019
497,16,1.39979e-05
498,13,1.96793e-06
498,14,8.37083e-05
498,15,0.000641517
498,16,1.48499e-05
499,13,1.88375e-06
499,14,8.2629e-05
499,15,0.000657266
499,16,1.57391e-05
500,13,1.80278e-06
500,14,8.15361e-05
500,15,0.000673284
500,16,1.66868e-05
501,13,1.72492e-06
501,14,8.04499e-05
501,15,0.000689517
501,16,1.76956e-05
502,13,1.65006e-06
502,14,7.93605e-05
502,15,0.000705991
502,16,1.87491e-05
503,13,1.57809e-06
503,14,7.8268e-05
503,15,0.00072272
503,16,1.98194e-05
504,13,1.50891e-06
504,14,7.71725e-05
504,15,0.000739659
504,16,2.09891e-05
505,13,1.44242e-06
505,14,7.60744e-05
505,15,0.000756822
505,16,2.22119e-05
506,13,1.37853e-06
506,14,7.49636e-05
506,15,0.000774222
506,16,2.35009e-05
507,13,1.31714e-06
507,14,7.38607e-05
507,15,0.000791803
507,16,2.48987e-05
508,13,1.25817e-06
508,14,7.27555e-05
508,15,0.000809606
508,16,2.63001e-05
509,13,1.20154e-06
509,14,7.16485e-05
509,15,0.000827612
509,16,2.77873e-05
510,13,1.14716e-06
510,14,7.05297e-05
510,15,0.000845794
510,16,2.93832e-05
511,13,1.09494e-06
511,14,6.94096e-05
511,15,0.00086412
511,16,3.10926e-05
512,13,1.04482e-06
512,14,6.82984e-05
512,15,0.000882629
512,16,3.28707e-05
513,13,9.96717e-07
513,14,6.71762e-05
513,15,0.000901291
513,16,3.47301e-05
514,13,9.5056e-07
514,14,6.60634e-05
514,15,0.000920093
514,16,3.66854e-05
515,13,9.0628e-07
515,14,6.49502e-05
515,15,0.000939013
515,16,3.87504e-05
516,13,8.63809e-07
516,14,6.38268e-05
516,15,0.000958086
516,16,4.089e-05
517,13,8.23082e-07
517,14,6.27138e-05
517,15,0.000977209
517,16,4.31672e-05
518,13,7.84036e-07
518,14,6.16011e-05
518,15,0.000996406
518,16,4.55682e-05
519,13,7.46611e-07
519,14,6.04893e-05
519,15,0.00101566
519,16,4.80979e-05
520,13,7.10748e-07
520,14,5.93685e-05
520,15,0.001035
520,16,5.07425e-05
521,13,6.76389e-07
521,14,5.82593e-05
521,15,0.00105436
521,16,5.35064e-05
522,13,6.4348e-07
522,14,5.71323e-05
522,15,0.00107374
522,16,5.64239e-05
523,13,6.11967e-07
523,14,5.60392e-05
523,15,0.00109311
523,16,5.94508e-05
524,13,5.818e-07
524,14,5.49785e-05
524,15,0.00111245
524,16,6.26525e-05
525,13,5.52929e-07
525,14,5.38777e-05
525,15,0.00113177
525,16,6.59754e-05
526,13,5.25306e-07
526,14,5.27801e-05
526,15,0.001151
526,16,6.94933e-05
526,17,1e-08
527,13,4.98884e-07
527,14,5.16862e-05
527,15,0.00117015
527,16,7.31437e-05
527,17,2e-08
528,13,4.73618e-07
528,14,5.05963e-05
528,15,0.00118918
528,16,7.69519e-05
528,17,2e-08
529,13,4.49465e-07
529,14,4.95108e-05
529,15,0.00120811
529,16,8.08933e-05
529,17,5e-08
530,13,4.26384e-07
530,14,4.84301e-05
530,15,0.00122687
530,16,8.50332e-05
530,17,8e-08
531,13,4.04333e-07
531,14,4.73547e-05
531,15,0.00124542
531,16,8.94281e-05
531,17,1.1e-07
532,13,3.83273e-07
532,14,4.62849e-05
532,15,0.00126377
532,16,9.39661e-05
532,17,2e-07
533,13,3.63167e-07
533,14,4.52212e-05
533,15,0.00128192
533,16,9.87032e-05
533,17,2.04327e-07
534,13,3.43978e-07
534,14,4.41639e-05
534,15,0.0012998
534,16,0.000103684
534,17,2.19728e-07
535,13,3.2567e-07
535,14,4.31243e-05
535,15,0.00131739
535,16,0.000108867
535,17,2.47065e-07
536,13,3.08209e-07
536,14,4.20811e-05
536,15,0.00133469
536,16,0.000114237
536,17,2.85686e-07
537,13,2.91561e-07
537,14,4.10457e-05
537,15,0.00135162
537,16,0.000119861
537,17,3.15678e-07
538,13,2.75696e-07
538,14,4.00184e-05
538,15,0.00136821
538,16,0.000125688
538,17,3.47132e-07
539,13,2.60582e-07
539,14,3.89713e-05
539,15,0.0013844
539,16,0.000131772
539,17,4.2092e-07
540,13,2.46188e-07
540,14,3.80046e-05
540,15,0.00140019
540,16,0.000138089
540,17,4.46427e-07
541,13,2.32487e-07
541,14,3.70042e-05
541,15,0.0014155
541,16,0.000144675
541,17,4.83765e-07
542,13,2.19449e-07
542,14,3.60137e-05
542,15,0.00143034
542,16,0.000151517
542,17,5.31183e-07
543,13,2.07048e-07
543,14,3.50335e-05
543,15,0.00144468
543,16,0.000158622
543,17,5.72053e-07
544,13,1.95258e-07
544,14,3.40465e-05
544,15,0.00145851
544,16,0.000165984
544,17,6.15845e-07
545,13,1.84054e-07
545,14,3.31012e-05
545,15,0.00147176
545,16,0.00017364
545,17,6.62746e-07
546,13,1.7341e-07
546,14,3.21174e-05
546,15,0.00148443
546,16,0.000181587
546,17,7.12954e-07
547,13,1.63304e-07
547,14,3.11455e-05
547,15,0.00149651
547,16,0.000189779
547,17,7.76676e-07
548,13,1.53713e-07
548,14,3.02159e-05
548,15,0.00150796
548,16,0.00019828
548,17,8.34871e-07
549,13,1.44614e-07
549,14,2.93089e-05
549,15,0.00151875
549,16,0.000207077
549,17,9.07081e-07
550,13,1.35987e-07
550,14,2.84149e-05
550,15,0.00152885
550,16,0.000216173
550,17,9.84331e-07
551,13,1.27811e-07
551,14,2.75342e-05
551,15,0.00153826
551,16,0.000225574
551,17,1.06693e-06
552,13,1.20066e-07
552,14,2.66672e-05
552,15,0.00154692
552,16,0.000235294
552,17,1.16521e-06
553,13,1.12733e-07
553,14,2.58141e-05
553,15,0.00155482
553,16,0.000245345
553,17,1.26027e-06
554,13,1.05793e-07
554,14,2.49753e-05
554,15,0.00156201
554,16,0.000255674
554,17,1.36176e-06
555,13,9e-08
555,14,2.41511e-05
555,15,0.00156843
555,16,0.000266301
555,17,1.47e-06
556,13,9e-08
556,14,2.33416e-05
556,15,0.00157399
556,16,0.000277318
556,17,1.57545e-06
557,13,8e-08
557,14,2.25472e-05
557,15,0.00157877
557,16,0.000288611
557,17,1.69775e-06
558,13,8e-08
558,14,2.17681e-05
558,15,0.00158271
558,16,0.000300239
558,17,1.83804e-06
559,13,7e-08
559,14,2.10044e-05
559,15,0.00158579
559,16,0.000312214
559,17,1.97745e-06
560,13,9e-08
560,14,2.02565e-05
560,15,0.00158805
560,16,0.000324476
560,17,2.12582e-06
561,13,1.3e-07
561,14,1.95244e-05
561,15,0.00158943
561,16,0.000337075
561,17,2.29356e-06
562,13,1.21478e-07
562,14,1.88083e-05
562,15,0.00158994
562,16,0.000349989
562,17,2.47193e-06
563,13,1.13452e-07
563,14,1.81083e-05
563,15,0.00158954
563,16,0.000363269
563,17,2.65142e-06
564,13,1.05897e-07
564,14,1.74245e-05
564,15,0.00158829
564,16,0.000376843
564,17,2.83196e-06
565,13,9e-08
565,14,1.67571e-05
565,15,0.00158617
565,16,0.000390698
565,17,3.05344e-06
566,13,1.7e-07
566,14,1.6106e-05
566,15,0.00158309
566,16,0.000404951
566,17,3.2685e-06
567,13,1.58413e-07
567,14,1.54714e-05
567,15,0.00157915
567,16,0.00041945
567,17,3.52648e-06
568,13,1.47533e-07
568,14,1.48532e-05
568,15,0.00157429
568,16,0.000434329
568,17,3.75935e-06
569,13,1.37321e-07
569,14,1.42514e-05
569,15,0.00156858
569,16,0.000449465
569,17,4.02651e-06
570,13,1.27743e-07
570,14,1.36661e-05
570,15,0.00156199
570,16,0.000464889
570,17,4.3193e-06
571,13,1.18765e-07
571,14,1.30972e-05
571,15,0.00155449
571,16,0.000480667
571,17,4.60845e-06
572,13,1.10355e-07
572,14,1.25446e-05
572,15,0.00154611
572,16,0.000496722
572,17,4.91343e-06
573,13,1.0248e-07
573,14,1.20083e-05
573,15,0.0015369
573,16,0.000513046
573,17,5.26631e-06
574,13,1.3e-07
574,14,1.14881e-05
574,15,0.00152684
574,16,0.00052963
574,17,5.64784e-06
575,13,1.20583e-07
575,14,1.09839e-05
575,15,0.00151601
575,16,0.000546425
575,17,6.01826e-06
576,13,1.11784e-07
576,14,1.04956e-05
576,15,0.00150428
576,16,0.000563548
576,17,6.41895e-06
577,13,1.03566e-07
577,14,1.00231e-05
577,15,0.0014918
577,16,0.000580872
577,17,6.87016e-06
578,13,1.1e-07
578,14,9.5661e-06
578,15,0.00147853
578,16,0.000598443
578,17,7.29988e-06
579,13,1.01793e-07
579,14,9.1245e-06
579,15,0.0014645
579,16,0.000616219
579,17,7.77218e-06
580,13,1.1e-07
580,14,8.69808e-06
580,15,0.00144979
580,16,0.000634136
580,17,8.26866e-06
581,13,1.01673e-07
581,14,8.28661e-06
581,15,0.00143433
581,16,0.00065229
581,17,8.78087e-06
582,13,1e-07
582,14,7.88987e-06
582,15,0.0014182
582,16,0.000670596
582,17,9.32978e-06
583,13,9e-08
583,14,7.5076e-06
583,15,0.00140141
583,16,0.000689058
583,17,9.90626e-06
584,13,6e-08
584,14,7.13955e-06
584,15,0.00138398
584,16,0.000707662
584,17,1.05209e-05
585,13,7e-08
585,14,6.78546e-06
585,15,0.00136596
585,16,0.00072636
585,17,1.11747e-05
586,13,6e-08
586,14,6.46649e-06
586,15,0.00134736
586,16,0.000745193
586,17,1.18499e-05
587,13,8e-08
587,14,6.13845e-06
587,15,0.00132819
587,16,0.000764105
587,17,1.25564e-05
588,13,6e-08
588,14,5.82355e-06
588,15,0.00130853
588,16,0.000783076
588,17,1.32971e-05
589,13,6e-08
589,14,5.52147e-06
589,15,0.00128839
589,16,0.000802097
589,17,1.40426e-05
590,13,5e-08
590,14,5.23331e-06
590,15,0.00126779
590,16,0.000821108
590,17,1.48634e-05
591,13,3e-08
591,14,4.94081e-06
591,15,0.00124674
591,16,0.000840198
591,17,1.57023e-05
592,13,3e-08
592,14,4.70001e-06
592,15,0.00122534
592,16,0.000859248
592,17,1.65784e-05
593,13,2e-08
593,14,4.39058e-06
593,15,0.00120359
593,16,0.000878237
593,17,1.75028e-05
594,13,1e-08
594,14,4.16221e-06
594,15,0.00118149
594,16,0.000897201
594,17,1.84372e-05
595,14,3.94456e-06
595,15,0.0011591
595,16,0.00091607
595,17,1.94526e-05
596,14,3.69731e-06
596,15,0.00113643
596,16,0.000934821
596,17,2.05515e-05
597,14,3.47015e-06
597,15,0.00111355
597,16,0.000953491
597,17,2.16367e-05
598,14,3.28273e-06
598,15,0.00109046
598,16,0.000972028
598,17,2.27572e-05
599,14,3.08474e-06
599,15,0.00106723
599,16,0.000990369
599,17,2.39542e-05
600,14,2.91586e-06
600,15,0.00104386
600,16,0.00100854
600,17,2.51793e-05
601,14,2.72577e-06
601,15,0.00102037
601,16,0.00102652
601,17,2.64627e-05
602,14,2.56414e-06
602,15,0.000996832
602,16,0.00104423
602,17,2.78162e-05
603,14,2.41067e-06
603,15,0.000973255
603,16,0.00106168
603,17,2.92116e-05
604,14,2.26505e-06
604,15,0.000949681
604,16,0.00107886
604,17,3.06495e-05
605,14,2.12697e-06
605,15,0.000926127
605,16,0.0010957
605,17,3.21708e-05
606,14,1.99614e-06
606,15,0.000902633
606,16,0.00111225
606,17,3.37076e-05
607,14,1.87226e-06
607,15,0.000879215
607,16,0.00112843
607,17,3.53093e-05
608,14,1.75504e-06
608,15,0.000855881
608,16,0.00114422
608,17,3.70075e-05
609,14,1.6442e-06
609,15,0.000832695
609,16,0.0011596
609,17,3.87749e-05
610,14,1.53947e-06
610,15,0.000809652
610,16,0.0011746
610,17,4.05627e-05
611,14,1.44057e-06
611,15,0.000786766
611,16,0.00118919
611,17,4.24103e-05
612,14,1.34725e-06
612,15,0.0007641
612,16,0.0012033
612,17,4.43285e-05
613,14,1.25925e-06
613,15,0.000741676
613,16,0.00121692
613,17,4.62987e-05
614,14,1.17633e-06
614,15,0.000719473
614,16,0.0012301
614,17,4.83011e-05
615,14,1.09824e-06
615,15,0.00069754
615,16,0.00124269
615,17,5.04251e-05
616,14,1.02475e-06
616,15,0.000675887
616,16,0.00125477
616,17,5.26041e-05
617,14,9.52628e-07
617,15,0.00065454
617,16,0.00126627
617,17,5.48677e-05
618,14,9.04279e-07
618,15,0.000633504
618,16,0.00127724
618,17,5.7157e-05
619,14,8.39454e-07
619,15,0.000612805
619,16,0.0012876
619,17,5.9522e-05
620,14,8.27975e-07
620,15,0.000592437
620,16,0.0012974
620,17,6.19636e-05
621,14,7.70231e-07
621,15,0.000572411
621,16,0.00130657
621,17,6.44818e-05
622,14,7.16117e-07
622,15,0.000552761
622,16,0.00131512
622,17,6.70577e-05
623,14,6.65437e-07
623,15,0.000533505
623,16,0.00132306
623,17,6.96715e-05
624,14,6.22159e-07
624,15,0.000514603
624,16,0.00133035
624,17,7.23716e-05
625,14,5.84947e-07
625,15,0.000496104
625,16,0.00133701
625,17,7.51298e-05
626,14,5.30142e-07
626,15,0.000478026
626,16,0.00134296
626,17,7.7985e-05
627,14,4.67607e-07
627,15,0.000460352
627,16,0.00134825
627,17,8.09083e-05
628,14,4.37215e-07
628,15,0.00044308
628,16,0.00135289
628,17,8.38893e-05
629,14,4.38841e-07
629,15,0.000426222
629,16,0.0013569
629,17,8.68876e-05
630,14,3.82369e-07
630,15,0.000409774
630,16,0.00136019
630,17,8.99917e-05
630,18,1e-08
631,14,3.57686e-07
631,15,0.000393736
631,16,0.00136281
631,17,9.31821e-05
631,18,1e-08
632,14,3.34685e-07
632,15,0.000378163
632,16,0.00136471
632,17,9.64289e-05
632,18,1e-08
633,14,3.23265e-07
633,15,0.000362981
633,16,0.00136593
633,17,9.97711e-05
633,18,1e-08
634,14,3.03329e-07
634,15,0.000348224
634,16,0.0013665
634,17,0.000103139
634,18,2e-08
635,14,2.84786e-07
635,15,0.000333909
635,16,0.00136634
635,17,0.000106612
635,18,2e-08
636,14,2.67549e-07
636,15,0.000320005
636,16,0.00136557
636,17,0.000110098
636,18,4e-08
637,14,2.71535e-07
637,15,0.000306529
637,16,0.00136411
637,17,0.000113666
637,18,4e-08
638,14,2.86666e-07
638,15,0.000293469
638,16,0.00136198
638,17,0.000117256
638,18,1e-07
639,14,2.63912e-07
639,15,0.00028082
639,16,0.00135919
639,17,0.000120925
639,18,1.06492e-07
640,14,2.20075e-07
640,15,0.000268579
640,16,0.00135574
640,17,0.000124624
640,18,1.23361e-07
641,14,1.98216e-07
641,15,0.00025674
641,16,0.00135164
641,17,0.00012842
641,18,1.41268e-07
642,14,1.77231e-07
642,15,0.0002453
642,16,0.00134687
642,17,0.000132304
642,18,1.60265e-07
643,14,1.37061e-07
643,15,0.000234251
643,16,0.00134154
643,17,0.000136194
643,18,1.70406e-07
644,14,1.27652e-07
644,15,0.000223599
644,16,0.00133555
644,17,0.000140167
644,18,1.91121e-07
645,14,7e-08
645,15,0.000213316
645,16,0.001329
645,17,0.000144154
645,18,2.23061e-07
646,14,4e-08
646,15,0.000203396
646,16,0.00132187
646,17,0.000148211
646,18,2.46287e-07
647,14,3e-08
647,15,0.000193862
647,16,0.00131414
647,17,0.000152318
647,18,2.80246e-07
648,14,2e-08
648,15,0.000184676
648,16,0.00130583
648,17,0.000156492
648,18,3.24971e-07
649,14,2e-08
649,15,0.00017584
649,16,0.00129701
649,17,0.000160693
649,18,3.91108e-07
650,14,1e-08
650,15,0.000167338
650,16,0.00128767
650,17,0.000164928
650,18,4.2371e-07
651,14,1e-08
651,15,0.00015919
651,16,0.00127781
651,17,0.000169215
651,18,4.57466e-07
652,14,1e-08
652,15,0.000151369
652,16,0.00126744
652,17,0.000173553
652,18,4.82428e-07
653,15,0.000143866
653,16,0.00125656
653,17,0.000177949
653,18,5.08649e-07
654,15,0.000136662
654,16,0.00124526
654,17,0.000182353
654,18,5.66183e-07
655,15,0.000129769
655,16,0.00123351
655,17,0.000186792
655,18,6.16152e-07
656,15,0.000123168
656,16,0.00122132
656,17,0.000191284
656,18,6.67598e-07
657,15,0.000116851
657,16,0.00120877
657,17,0.000195786
657,18,6.90585e-07
658,15,0.000110799
658,16,0.00119582
658,17,0.000200307
658,18,7.55177e-07
659,15,0.000105014
659,16,0.00118252
659,17,0.000204854
659,18,7.81442e-07
660,15,9.94977e-05
660,16,0.00116887
660,17,0.000209424
660,18,8.50477e-07
661,15,9.42304e-05
661,16,0.00115491
661,17,0.000214017
661,18,8.71829e-07
662,15,8.9204e-05
662,16,0.00114061
662,17,0.000218649
662,18,9.35135e-07
663,15,8.44003e-05
663,16,0.00112604
663,17,0.000223288
663,18,1.02047e-06
664,15,7.98314e-05
664,16,0.00111122
664,17,0.000227913
664,18,1.09837e-06
665,15,7.54787e-05
665,16,0.00109614
665,17,0.00023258
665,18,1.18318e-06
666,15,7.13343e-05
666,16,0.0010808
666,17,0.000237288
666,18,1.24089e-06
667,15,6.73802e-05
667,16,0.00106529
667,17,0.000241984
667,18,1.31162e-06
668,15,6.36193e-05
668,16,0.0010496
668,17,0.000246687
668,18,1.37504e-06
669,15,6.0054e-05
669,16,0.00103376
669,17,0.000251354
669,18,1.44126e-06
670,15,5.66564e-05
670,16,0.00101776
670,17,0.000256021
670,18,1.52077e-06
671,15,5.34397e-05
671,16,0.00100165
671,17,0.000260688
671,18,1.64384e-06
672,15,5.03865e-05
672,16,0.000985401
672,17,0.000265371
672,18,1.78007e-06
673,15,4.74897e-05
673,16,0.000969056
673,17,0.000270029
673,18,1.88549e-06
674,15,4.47427e-05
674,16,0.000952633
674,17,0.000274688
674,18,1.9854e-06
675,15,4.2139e-05
675,16,0.000936128
675,17,0.000279348
675,18,2.09944e-06
676,15,3.96724e-05
676,16,0.000919589
676,17,0.000283996
676,18,2.20816e-06
677,15,3.73366e-05
677,16,0.000903
677,17,0.000288639
677,18,2.33133e-06
678,15,3.51258e-05
678,16,0.000886448
678,17,0.000293227
678,18,2.4496e-06
679,15,3.30342e-05
679,16,0.000869907
679,17,0.000297795
679,18,2.56277e-06
680,15,3.10564e-05
680,16,0.000853331
680,17,0.000302383
680,18,2.69052e-06
681,15,2.91869e-05
681,16,0.000836806
681,17,0.000306908
681,18,2.84337e-06
682,15,2.74205e-05
682,16,0.000820325
682,17,0.000311429
682,18,2.98252e-06
683,15,2.57524e-05
683,16,0.0008039
683,17,0.000315922
683,18,3.12719e-06
684,15,2.41777e-05
684,16,0.000787555
684,17,0.000320367
684,18,3.28756e-06
685,15,2.26918e-05
685,16,0.000771281
685,17,0.0003248
685,18,3.44414e-06
686,15,2.12903e-05
686,16,0.0007551
686,17,0.000329191
686,18,3.61681e-06
687,15,1.9969e-05
687,16,0.000739033
687,17,0.000333538
687,18,3.79611e-06
688,15,1.87237e-05
688,16,0.000723071
688,17,0.000337867
688,18,3.97241e-06
689,15,1.75505e-05
689,16,0.000707242
689,17,0.000342149
689,18,4.15545e-06
690,15,1.64457e-05
690,16,0.000691557
690,17,0.00034639
690,18,4.33545e-06
691,15,1.54058e-05
691,16,0.000675994
691,17,0.00035059
691,18,4.54228e-06
692,15,1.44272e-05
692,16,0.000660602
692,17,0.000354726
692,18,4.75701e-06
693,15,1.35068e-05
693,16,0.000645358
693,17,0.000358827
693,18,4.97975e-06
694,15,1.26413e-05
694,16,0.00063027
694,17,0.000362881
694,18,5.2209e-06
695,15,1.18278e-05
695,16,0.000615375
695,17,0.000366866
695,18,5.47096e-06
696,15,1.10634e-05
696,16,0.000600639
696,17,0.000370831
696,18,5.72045e-06
697,15,1.03455e-05
697,16,0.000586119
697,17,0.000374704
697,18,5.98909e-06
698,15,9.67145e-06
698,16,0.000571748
698,17,0.000378585
698,18,6.24748e-06
699,15,9.03876e-06
699,16,0.000557604
699,17,0.00038237
699,18,6.52525e-06
700,15,8.44513e-06
700,16,0.000543679
700,17,0.000386081
700,18,6.81317e-06
701,15,7.88832e-06
701,16,0.000529918
701,17,0.000389783
701,18,7.10143e-06
702,15,7.36623e-06
702,16,0.000516365
702,17,0.000393407
702,18,7.42006e-06
703,15,6.87686e-06
703,16,0.000503044
703,17,0.000396962
703,18,7.7401e-06
704,15,6.41829e-06
704,16,0.000489936
704,17,0.000400445
704,18,8.08149e-06
705,15,5.98873e-06
705,16,0.000477045
705,17,0.000403876
705,18,8.42503e-06
706,15,5.58647e-06
706,16,0.000464383
706,17,0.000407243
706,18,8.77076e-06
707,15,5.2099e-06
707,16,0.000451921
707,17,0.000410546
707,18,9.14875e-06
708,15,4.85747e-06
708,16,0.000439691
708,17,0.000413793
708,18,9.51985e-06
709,15,4.52775e-06
709,16,0.000427694
709,17,0.000416964
709,18,9.90386e-06
710,15,4.21936e-06
710,16,0.000415901
710,17,0.000420077
710,18,1.03112e-05
711,15,3.931e-06
711,16,0.000404356
711,17,0.000423101
711,18,1.07326e-05
712,15,3.66146e-06
712,16,0.000392977
712,17,0.000426066
712,18,1.11686e-05
713,15,3.40958e-06
713,16,0.000381912
713,17,0.00042897
713,18,1.16094e-05
714,15,3.17426e-06
714,16,0.000371032
714,17,0.000431783
714,18,1.20753e-05
715,15,2.95449e-06
715,16,0.000360355
715,17,0.000434524
715,18,1.2567e-05
716,15,2.74929e-06
716,16,0.000349942
716,17,0.000437192
716,18,1.30554e-05
717,15,2.55774e-06
717,16,0.000339801
717,17,0.000439786
717,18,1.35802e-05
718,15,2.37899e-06
718,16,0.000329826
718,17,0.000442296
718,18,1.41125e-05
719,15,2.21223e-06
719,16,0.00032006
719,17,0.000444731
719,18,1.46726e-05
720,15,2.05669e-06
720,16,0.000310513
720,17,0.00044711
720,18,1.52313e-05
721,15,1.91166e-06
721,16,0.000301182
721,17,0.000449412
721,18,1.58086e-05
722,15,1.82155e-06
722,16,0.000292057
722,17,0.000451638
722,18,1.6415e-05
723,15,1.6921e-06
723,16,0.000283164
723,17,0.000453757
723,18,1.70513e-05
724,15,1.57151e-06
724,16,0.000274476
724,17,0.000455837
724,18,1.76883e-05
725,15,1.4592e-06
725,16,0.000265983
725,17,0.00045782
725,18,1.8366e-05
726,15,1.35463e-06
726,16,0.000257705
726,17,0.000459723
726,18,1.90555e-05
727,15,1.2734e-06
727,16,0.000249646
727,17,0.000461568
727,18,1.97575e-05
728,15,1.18155e-06
728,16,0.000241773
728,17,0.000463323
728,18,2.0482e-05
729,15,1.08249e-06
729,16,0.000234098
729,17,0.000464998
729,18,2.12297e-05
730,15,9.9029e-07
730,16,0.000226609
730,17,0.000466583
730,18,2.20213e-05
731,15,9.2311e-07
731,16,0.000219313
731,17,0.000468108
731,18,2.28181e-05
732,15,8.40615e-07
732,16,0.000212252
732,17,0.000469532
732,18,2.36402e-05
733,15,7.92492e-07
733,16,0.000205342
733,17,0.000470865
733,18,2.45083e-05
734,15,7.08447e-07
734,16,0.000198616
734,17,0.000472117
734,18,2.54036e-05
735,15,6.68207e-07
735,16,0.000192071
735,17,0.000473299
735,18,2.63167e-05
736,15,6.31513e-07
736,16,0.000185714
736,17,0.000474428
736,18,2.72385e-05
737,15,5.88125e-07
737,16,0.000179521
737,17,0.000475447
737,18,2.82088e-05
738,15,5.37819e-07
738,16,0.0001735
738,17,0.000476395
738,18,2.91992e-05
739,15,4.90383e-07
739,16,0.000167657
739,17,0.000477231
739,18,3.024e-05
740,15,4.85621e-07
740,16,0.000161959
740,17,0.000478015
740,18,3.13028e-05
741,15,4.83349e-07
741,16,0.000156418
741,17,0.000478699
741,18,3.24079e-05
742,15,3.93395e-07
742,16,0.000151065
742,17,0.000479321
742,18,3.35268e-05
743,15,3.65598e-07
743,16,0.000145877
743,17,0.000479843
743,18,3.46896e-05
744,15,3.39809e-07
744,16,0.000140841
744,17,0.000480284
744,18,3.58976e-05
745,15,3.05888e-07
745,16,0.000135939
745,17,0.000480644
745,18,3.71319e-05
746,15,2.73703e-07
746,16,0.000131182
746,17,0.000480933
746,18,3.83933e-05
747,15,2.53134e-07
747,16,0.000126557
747,17,0.000481142
747,18,3.97024e-05
748,15,2.34066e-07
748,16,0.000122083
748,17,0.000481262
748,18,4.10503e-05
749,15,2.16394e-07
749,16,0.000117749
749,17,0.000481281
749,18,4.24581e-05
750,15,2.00019e-07
750,16,0.000113517
750,17,0.000481262
750,18,4.38774e-05
751,15,1.84849e-07
751,16,0.000109395
751,17,0.000481153
751,18,4.53484e-05
752,15,1.70797e-07
752,16,0.00010546
752,17,0.000480956
752,18,4.68623e-05
753,15,1.57784e-07
753,16,0.000101629
753,17,0.00048069
753,18,4.84102e-05
754,15,1.45736e-07
754,16,9.79075e-05
754,17,0.000480316
754,18,5.00329e-05
755,15,1.34583e-07
755,16,9.43139e-05
755,17,0.000479865
755,18,5.17023e-05
756,15,1.24261e-07
756,16,9.08448e-05
756,17,0.000479358
756,18,5.33994e-05
757,15,1.1471e-07
757,16,8.74873e-05
757,17,0.000478794
757,18,5.5135e-05
758,15,1.05874e-07
758,16,8.42388e-05
758,17,0.000478134
758,18,5.69299e-05
759,15,1e-07
759,16,8.10963e-05
759,17,0.000477399
759,18,5.87856e-05
760,15,1.1e-07
760,16,7.80373e-05
760,17,0.000476599
760,18,6.06735e-05
761,15,1.01472e-07
761,16,7.50786e-05
761,17,0.000475715
761,18,6.26346e-05
762,15,4e-08
762,16,7.22379e-05
762,17,0.000474747
762,18,6.46405e-05
762,19,1e-08
763,15,2e-08
763,16,6.94922e-05
763,17,0.000473727
763,18,6.6682e-05
763,19,3e-08
764,15,3e-08
764,16,6.68289e-05
764,17,0.000472644
764,18,6.878e-05
764,19,4e-08
765,15,2e-08
765,16,6.42658e-05
765,17,0.000471459
765,18,7.09659e-05
765,19,2e-08
766,15,1e-08
766,16,6.17799e-05
766,17,0.000470234
766,18,7.31917e-05
766,19,2e-08
767,15,3e-08
767,16,5.93893e-05
767,17,0.000468919
767,18,7.54784e-05
767,19,6e-08
768,15,5e-08
768,16,5.7081e-05
768,17,0.000467524
768,18,7.78471e-05
768,19,4e-08
769,15,6e-08
769,16,5.48427e-05
769,17,0.000466081
769,18,8.02598e-05
769,19,7e-08
770,15,5e-08
770,16,5.26924e-05
770,17,0.00046456
770,18,8.27373e-05
770,19,3e-08
771,15,4e-08
771,16,5.06175e-05
771,17,0.000462972
771,18,8.52912e-05
772,15,1e-08
772,16,4.86158e-05
772,17,0.000461318
772,18,8.79032e-05
772,19,1e-08
773,16,4.6685e-05
773,17,0.000459568
773,18,9.06243e-05
773,19,1e-08
774,16,4.48229e-05
774,17,0.000457774
774,18,9.33972e-05
775,16,4.30276e-05
775,17,0.000455947
775,18,9.62128e-05
776,16,4.1297e-05
776,17,0.000454036
776,18,9.9112e-05
776,19,1e-08
777,16,3.96425e-05
777,17,0.000452064
777,18,0.000102096
778,16,3.80345e-05
778,17,0.000450031
778,18,0.000105158
779,16,3.6488e-05
779,17,0.000447948
779,18,0.000108288
780,16,3.49615e-05
780,17,0.000445806
780,18,0.000111488
780,19,1e-08
781,16,3.352e-05
781,17,0.000443596
781,18,0.000114789
781,19,1e-08
782,16,3.21515e-05
782,17,0.000441309
782,18,0.000118194
783,16,3.08144e-05
783,17,0.000438995
783,18,0.000121654
784,16,2.9507e-05
784,17,0.000436607
784,18,0.00012522
785,16,2.82877e-05
785,17,0.000434184
785,18,0.000128855
786,16,2.71049e-05
786,17,0.000431698
786,18,0.00013258
786,19,1e-08
787,16,2.5947e-05
787,17,0.00042917
787,18,0.000136396
787,19,2e-08
788,16,2.48526e-05
788,17,0.000426581
788,18,0.000140305
788,19,3e-08
789,16,2.38003e-05
789,17,0.000423932
789,18,0.000144329
789,19,2e-08
790,16,2.27885e-05
790,17,0.000421224
790,18,0.000148449
790,19,2e-08
791,16,2.18059e-05
791,17,0.000418488
791,18,0.000152648
791,19,3e-08
792,16,2.08711e-05
792,17,0.000415705
792,18,0.000156947
792,19,5e-08
793,16,1.99729e-05
793,17,0.000412856
793,18,0.000161367
793,19,5e-08
794,16,1.911e-05
794,17,0.000409972
794,18,0.000165891
794,19,4e-08
795,16,1.82812e-05
795,17,0.000407045
795,18,0.00017051
795,19,7e-08
796,16,1.74852e-05
796,17,0.000404084
796,18,0.000175235
796,19,8e-08
797,16,1.67209e-05
797,17,0.000401073
797,18,0.000180059
797,19,1.4e-07
798,16,1.59872e-05
798,17,0.00039803
798,18,0.000184993
798,19,1.5e-07
799,16,1.5283e-05
799,17,0.000394959
799,18,0.000190037
799,19,1.25775e-07
800,16,1.46071e-05
800,17,0.000391839
800,18,0.000195205
800,19,1.31868e-07
801,16,1.39587e-05
801,17,0.000388671
801,18,0.000200478
801,19,1.78297e-07
802,16,1.33367e-05
802,17,0.000385488
802,18,0.000205857
802,19,1.75653e-07
803,16,1.27401e-05
803,17,0.000382239
803,18,0.000211373
803,19,2.03411e-07
804,16,1.2168e-05
804,17,0.000378996
804,18,0.000216979
804,19,1.82164e-07
805,16,1.16195e-05
805,17,0.00037572
805,18,0.000222705
805,19,2.11962e-07
806,16,1.10937e-05
806,17,0.000372393
806,18,0.000228574
806,19,2.22293e-07
807,16,1.05898e-05
807,17,0.000369034
807,18,0.000234556
807,19,2.53183e-07
808,16,1.01069e-05
808,17,0.000365656
808,18,0.000240653
808,19,2.85225e-07
809,16,9.64434e-06
809,17,0.000362259
809,18,0.000246876
809,19,2.99042e-07
810,16,9.20121e-06
810,17,0.000358824
810,18,0.000253246
810,19,3.336e-07
811,16,8.77682e-06
811,17,0.000355353
811,18,0.000259736
811,19,3.88936e-07
812,16,8.37046e-06
812,17,0.000351867
812,18,0.000266346
812,19,4.25649e-07
813,16,7.98143e-06
813,17,0.000348356
813,18,0.000273107
813,19,4.84365e-07
814,16,7.60906e-06
814,17,0.000344812
814,18,0.000280001
814,19,5.20369e-07
815,16,7.2527e-06
815,17,0.000341266
815,18,0.000286999
815,19,5.6818e-07
816,16,6.91172e-06
816,17,0.000337678
816,18,0.000294171
816,19,5.98434e-07
817,16,6.58553e-06
817,17,0.000334081
817,18,0.000301458
817,19,6.40214e-07
818,16,6.27353e-06
818,17,0.000330444
818,18,0.000308902
818,19,6.84068e-07
819,16,5.97517e-06
819,17,0.00032682
819,18,0.000316443
819,19,7.40092e-07
820,16,5.68991e-06
820,17,0.000323149
820,18,0.000324162
820,19,7.8893e-07
821,16,5.41721e-06
821,17,0.000319482
821,18,0.000331979
821,19,8.60236e-07
822,16,5.15658e-06
822,17,0.000315801
822,18,0.000339944
822,19,9.25142e-07
823,16,4.90752e-06
823,17,0.000312096
823,18,0.000348068
823,19,9.83267e-07
824,16,4.66957e-06
824,17,0.000308378
824,18,0.000356322
824,19,1.05422e-06
825,16,4.44227e-06
825,17,0.000304659
825,18,0.000364705
825,19,1.12866e-06
826,16,4.22519e-06
826,17,0.00030091
826,18,0.000373247
826,19,1.20681e-06
827,16,4.01791e-06
827,17,0.000297171
827,18,0.000381899
827,19,1.29884e-06
828,16,3.82003e-06
828,17,0.000293434
828,18,0.000390689
828,19,1.38547e-06
829,16,3.63114e-06
829,17,0.000289679
829,18,0.000399618
829,19,1.48629e-06
830,16,3.45089e-06
830,17,0.000285927
830,18,0.000408694
830,19,1.57194e-06
831,16,3.2789e-06
831,17,0.000282151
831,18,0.000417928
831,19,1.66164e-06
832,16,3.11484e-06
832,17,0.00027838
832,18,0.000427268
832,19,1.77564e-06
833,16,2.95836e-06
833,17,0.000274605
833,18,0.000436754
833,19,1.88502e-06
834,16,2.80914e-06
834,17,0.000270818
834,18,0.000446383
834,19,1.99957e-06
835,16,2.66688e-06
835,17,0.00026704
835,18,0.000456146
835,19,2.10949e-06
836,16,2.53128e-06
836,17,0.000263252
836,18,0.00046605
836,19,2.2245e-06
837,16,2.40205e-06
837,17,0.000259465
837,18,0.000476074
837,19,2.35479e-06
838,16,2.27891e-06
838,17,0.00025569
838,18,0.000486206
838,19,2.50117e-06
839,16,2.16161e-06
839,17,0.000251917
839,18,0.000496473
839,19,2.64418e-06
840,16,2.04989e-06
840,17,0.000248148
840,18,0.000506863
840,19,2.79366e-06
841,16,1.94351e-06
841,17,0.000244393
841,18,0.000517374
841,19,2.93991e-06
842,16,1.84223e-06
842,17,0.000240625
842,18,0.000528013
842,19,3.10278e-06
843,16,1.74583e-06
843,17,0.000236863
843,18,0.000538747
843,19,3.29296e-06
844,16,1.65408e-06
844,17,0.000233108
844,18,0.000549611
844,19,3.47174e-06
845,16,1.5668e-06
845,17,0.000229373
845,18,0.000560564
845,19,3.66845e-06
846,16,1.48377e-06
846,17,0.000225637
846,18,0.000571641
846,19,3.86374e-06
847,16,1.37968e-06
847,17,0.000221912
847,18,0.000582818
847,19,4.06758e-06
848,16,1.31941e-06
848,17,0.000218218
848,18,0.000594071
848,19,4.28021e-06
849,16,1.23263e-06
849,17,0.000214527
849,18,0.000605427
849,19,4.50202e-06
850,16,1.17918e-06
850,17,0.000210829
850,18,0.000616878
850,19,4.74335e-06
851,16,1.10889e-06
851,17,0.000207156
851,18,0.000628412
851,19,4.98495e-06
852,16,1.02164e-06
852,17,0.000203498
852,18,0.000639993
852,19,5.26678e-06
853,16,9.77275e-07
853,17,0.000199866
853,18,0.000651674
853,19,5.52057e-06
854,16,9.25665e-07
854,17,0.000196252
854,18,0.00066338
854,19,5.82488e-06
855,16,8.8668e-07
855,17,0.000192666
855,18,0.000675156
855,19,6.12177e-06
856,16,8.802e-07
856,17,0.000189089
856,18,0.000686993
856,19,6.43092e-06
857,16,8.56105e-07
857,17,0.000185541
857,18,0.000698847
857,19,6.77267e-06
858,16,8.08453e-07
858,17,0.000182014
858,18,0.000710759
858,19,7.10822e-06
859,16,7.54631e-07
859,17,0.000178509
859,18,0.000722704
859,19,7.4573e-06
860,16,7.47039e-07
860,17,0.000175015
860,18,0.000734682
860,19,7.82033e-06
861,16,7.0496e-07
861,17,0.000171556
861,18,0.000746628
861,19,8.23769e-06
862,16,6.65068e-07
862,17,0.00016812
862,18,0.000758632
862,19,8.62158e-06
863,16,6.27261e-07
863,17,0.000164709
863,18,0.000770616
863,19,9.04036e-06
864,16,6.15401e-07
864,17,0.000161324
864,18,0.000782562
864,19,9.5053e-06
865,16,5.80152e-07
865,17,0.000157956
865,18,0.000794521
865,19,9.96826e-06
866,16,5.46768e-07
866,17,0.000154615
866,18,0.000806475
866,19,1.04287e-05
867,16,5.15157e-07
867,17,0.000151303
867,18,0.000818383
867,19,1.09163e-05
868,16,4.99626e-07
868,17,0.00014802
868,18,0.000830237
868,19,1.1432e-05
869,16,4.70502e-07
869,17,0.000144777
869,18,0.000842027
869,19,1.19669e-05
870,16,4.44931e-07
870,17,0.000141564
870,18,0.000853753
870,19,1.25212e-05
871,16,4.544e-07
871,17,0.000138373
871,18,0.000865425
871,19,1.30855e-05
872,16,4.2762e-07
872,17,0.000135224
872,18,0.000876993
872,19,1.36798e-05
873,16,4.02297e-07
873,17,0.000132098
873,18,0.000888506
873,19,1.42649e-05
874,16,3.78358e-07
874,17,0.000129005
874,18,0.000899874
874,19,1.49104e-05
875,16,3.55734e-07
875,17,0.000125947
875,18,0.000911167
875,19,1.55381e-05
876,16,3.27589e-07
876,17,0.000122934
876,18,0.000922263
876,19,1.62473e-05
877,16,3.03034e-07
877,17,0.000119946
877,18,0.000933261
877,19,1.69506e-05
878,16,3.09303e-07
878,17,0.000117004
878,18,0.000944101
878,19,1.76775e-05
879,16,2.86355e-07
879,17,0.00011409
879,18,0.000954801
879,19,1.84186e-05
880,16,2.44148e-07
880,17,0.000111212
880,18,0.00096533
880,19,1.91837e-05
881,16,2.42644e-07
881,17,0.000108383
881,18,0.000975648
881,19,1.99932e-05
882,16,2.31806e-07
882,17,0.000105582
882,18,0.000985812
882,19,2.07984e-05
883,16,2.11598e-07
883,17,0.00010283
883,18,0.000995743
883,19,2.16487e-05
884,16,2.31987e-07
884,17,0.000100118
884,18,0.00100546
884,19,2.25253e-05
885,16,2.0294e-07
885,17,9.74448e-05
885,18,0.00101496
885,19,2.34184e-05
886,16,1.74428e-07
886,17,9.48021e-05
886,18,0.00102423
886,19,2.43385e-05
887,16,1.46422e-07
887,17,9.22104e-05
887,18,0.00103323
887,19,2.52957e-05
888,16,1.78893e-07
888,17,8.96496e-05
888,18,0.00104201
888,19,2.62608e-05
889,16,1.11817e-07
889,17,8.71304e-05
889,18,0.00105048
889,19,2.72836e-05
890,16,1e-07
890,17,8.46531e-05
890,18,0.00105867
890,19,2.83456e-05
891,16,7e-08
891,17,8.2228e-05
891,18,0.00106655
891,19,2.94371e-05
892,16,7e-08
892,17,7.98451e-05
892,18,0.00107416
892,19,3.05387e-05
893,16,6e-08
893,17,7.75046e-05
893,18,0.00108146
893,19,3.166e-05
894,16,4e-08
894,17,7.51967e-05
894,18,0.00108846
894,19,3.28109e-05
895,16,4e-08
895,17,7.29418e-05
895,18,0.00109512
895,19,3.39915e-05
896,16,1e-08
896,17,7.07199e-05
896,18,0.00110144
896,19,3.52123e-05
897,16,1e-08
897,17,6.85413e-05
897,18,0.00110741
897,19,3.64638e-05
898,16,1e-08
898,17,6.64161e-05
898,18,0.00111301
898,19,3.77663e-05
899,16,2e-08
899,17,6.43239e-05
899,18,0.00111827
899,19,3.90805e-05
900,16,1e-08
900,17,6.22853e-05
900,18,0.00112313
900,19,4.04459e-05
901,16,1e-08
901,17,6.02897e-05
901,18,0.00112764
901,19,4.18131e-05
902,16,1e-08
902,17,5.83372e-05
902,18,0.00113173
902,19,4.32615e-05
903,16,1e-08
903,17,5.64276e-05
903,18,0.00113546
903,19,4.47026e-05
904,16,1e-08
904,17,5.4561e-05
904,18,0.00113883
904,19,4.61553e-05
905,16,1e-08
905,17,5.2737e-05
905,18,0.00114175
905,19,4.7679e-05
906,17,5.09555e-05
906,18,0.00114428
906,19,4.92249e-05
907,17,4.92164e-05
907,18,0.00114643
907,19,5.07827e-05
908,17,4.75194e-05
908,18,0.00114813
908,19,5.24015e-05
909,17,4.58642e-05
909,18,0.00114946
909,19,5.40223e-05
910,17,4.42421e-05
910,18,0.00115037
910,19,5.56639e-05
911,17,4.26438e-05
911,18,0.00115087
911,19,5.73457e-05
912,17,4.10863e-05
912,18,0.00115096
912,19,5.9038e-05
913,17,3.95891e-05
913,18,0.00115062
913,19,6.07799e-05
914,17,3.81419e-05
914,18,0.00114981
914,19,6.25915e-05
915,17,3.67442e-05
915,18,0.00114859
915,19,6.44335e-05
916,17,3.53756e-05
916,18,0.00114698
916,19,6.62857e-05
917,17,3.40556e-05
917,18,0.00114495
917,19,6.81672e-05
918,17,3.27637e-05
918,18,0.00114248
918,19,7.00874e-05
918,20,1e-08
919,17,3.15095e-05
919,18,0.00113965
919,19,7.20061e-05
919,20,2e-08
920,17,3.03023e-05
920,18,0.00113639
920,19,7.39623e-05
920,20,5e-08
921,17,2.90917e-05
921,18,0.00113275
921,19,7.59357e-05
921,20,6e-08
922,17,2.7937e-05
922,18,0.00112872
922,19,7.79253e-05
922,20,4e-08
923,17,2.68178e-05
923,18,0.00112429
923,19,7.99404e-05
923,20,3e-08
924,17,2.57433e-05
924,18,0.00111946
924,19,8.20004e-05
924,20,6e-08
925,17,2.47031e-05
925,18,0.00111427
925,19,8.40751e-05
925,20,6e-08
926,17,2.36964e-05
926,18,0.00110868
926,19,8.61836e-05
926,20,9e-08
927,17,2.27226e-05
927,18,0.00110275
927,19,8.83055e-05
927,20,1e-07
928,17,2.17812e-05
928,18,0.00109644
928,19,9.046e-05
928,20,1.0566e-07
929,17,2.08713e-05
929,18,0.00108978
929,19,9.26364e-05
929,20,1.21608e-07
930,17,1.99925e-05
930,18,0.00108282
930,19,9.48042e-05
930,20,1.17857e-07
931,17,1.91439e-05
931,18,0.00107549
931,19,9.70217e-05
931,20,1.2442e-07
932,17,1.8325e-05
932,18,0.00106783
932,19,9.92588e-05
932,20,1.31312e-07
933,17,1.75351e-05
933,18,0.00105982
933,19,0.000101555
933,20,1.38546e-07
934,17,1.67734e-05
934,18,0.00105155
934,19,0.000103819
934,20,1.56137e-07
935,17,1.60393e-05
935,18,0.00104298
935,19,0.000106111
935,20,1.64646e-07
936,17,1.53321e-05
936,18,0.00103411
936,19,0.000108428
936,20,1.7357e-07
937,17,1.46512e-05
937,18,0.001025
937,19,0.000110731
937,20,1.82928e-07
938,17,1.39957e-05
938,18,0.0010156
938,19,0.000113068
938,20,2.02736e-07
939,17,1.33652e-05
939,18,0.00100595
939,19,0.000115419
939,20,2.13549e-07
940,17,1.27588e-05
940,18,0.000996061
940,19,0.000117772
940,20,2.34877e-07
941,17,1.21759e-05
941,18,0.00098593
941,19,0.000120147
941,20,2.57269e-07
942,17,1.16159e-05
942,18,0.0009756
942,19,0.000122522
942,20,2.80246e-07
943,17,1.1078e-05
943,18,0.000965051
943,19,0.000124908
943,20,3.03831e-07
944,17,1.05617e-05
944,18,0.000954306
944,19,0.000127311
944,20,3.28049e-07
945,17,1.00662e-05
945,18,0.000943375
945,19,0.000129713
945,20,3.52925e-07
946,17,9.59087e-06
946,18,0.000932261
946,19,0.000132132
946,20,4.09001e-07
947,17,9.13516e-06
947,18,0.000921004
947,19,0.000134537
947,20,4.25814e-07
948,17,8.69839e-06
948,18,0.000909576
948,19,0.000136967
948,20,4.43901e-07
949,17,8.27996e-06
949,18,0.00089804
949,19,0.000139371
949,20,4.93314e-07
950,17,7.87925e-06
950,18,0.000886374
950,19,0.000141778
950,20,5.44104e-07
951,17,7.49567e-06
951,18,0.000874602
951,19,0.000144187
951,20,5.71524e-07
952,17,7.12863e-06
952,18,0.000862704
952,19,0.000146606
952,20,6.10177e-07
953,17,6.77755e-06
953,18,0.000850711
953,19,0.000149036
953,20,6.40626e-07
954,17,6.44187e-06
954,18,0.000838644
954,19,0.000151455
954,20,6.72432e-07
955,17,6.12103e-06
955,18,0.000826494
955,19,0.000153882
955,20,7.05648e-07
956,17,5.8145e-06
956,18,0.000814301
956,19,0.000156288
956,20,7.40329e-07
957,17,5.52175e-06
957,18,0.000802045
957,19,0.000158699
957,20,7.76533e-07
958,17,5.24226e-06
958,18,0.000789728
958,19,0.000161116
958,20,8.24318e-07
959,17,4.97553e-06
959,18,0.000777388
959,19,0.000163519
959,20,8.74226e-07
960,17,4.72107e-06
960,18,0.000765035
960,19,0.000165905
960,20,9.26337e-07
961,17,4.4784e-06
961,18,0.000752669
961,19,0.000168295
961,20,9.70754e-07
962,17,4.24706e-06
962,18,0.0007403
962,19,0.000170676
962,20,1.01707e-06
963,17,4.02659e-06
963,18,0.000727955
963,19,0.00017302
963,20,1.07537e-06
964,17,3.81656e-06
964,18,0.000715604
964,19,0.000175373
964,20,1.13618e-06
965,17,3.61655e-06
965,18,0.000703274
965,19,0.000177727
965,20,1.18961e-06
966,17,3.42613e-06
966,18,0.000690975
966,19,0.000180059
966,20,1.25528e-06
967,17,3.24491e-06
967,18,0.000678704
967,19,0.0001824
967,20,1.31375e-06
968,17,3.07251e-06
968,18,0.000666469
968,19,0.000184739
968,20,1.37465e-06
969,17,2.90854e-06
969,18,0.000654317
969,19,0.000187024
969,20,1.44808e-06
970,17,2.75264e-06
970,18,0.000642216
970,19,0.000189306
970,20,1.52458e-06
971,17,2.60447e-06
971,18,0.000630181
971,19,0.000191563
971,20,1.61428e-06
972,17,2.46368e-06
972,18,0.000618219
972,19,0.000193804
972,20,1.70777e-06
973,17,2.32995e-06
973,18,0.000606326
973,19,0.000196049
973,20,1.79518e-06
974,17,2.20296e-06
974,18,0.00059453
974,19,0.000198278
974,20,1.87618e-06
975,17,2.08241e-06
975,18,0.000582854
975,19,0.000200449
975,20,1.97046e-06
976,17,1.96801e-06
976,18,0.000571223
976,19,0.000202653
976,20,2.06858e-06
977,17,1.85947e-06
977,18,0.000559715
977,19,0.000204817
977,20,2.17069e-06
978,17,1.75653e-06
978,18,0.000548302
978,19,0.000206963
978,20,2.28692e-06
979,17,1.65892e-06
979,18,0.000536999
979,19,0.000209109
979,20,2.38788e-06
980,17,1.56639e-06
980,18,0.000525812
980,19,0.000211215
980,20,2.51283e-06
981,17,1.47871e-06
981,18,0.000514743
981,19,0.00021332
981,20,2.62282e-06
982,17,1.39564e-06
982,18,0.000503807
982,19,0.000215384
982,20,2.74713e-06
983,17,1.31695e-06
983,18,0.000493006
983,19,0.000217406
983,20,2.88637e-06
984,17,1.24245e-06
984,18,0.000482324
984,19,0.000219426
984,20,3.02113e-06
985,17,1.17192e-06
985,18,0.000471774
985,19,0.000221422
985,20,3.16118e-06
986,17,1.10518e-06
986,18,0.000461368
986,19,0.000223396
986,20,3.29669e-06
987,17,1.04202e-06
987,18,0.000451098
987,19,0.000225335
987,20,3.44743e-06
988,17,1.00857e-06
988,18,0.000440967
988,19,0.00022724
988,20,3.61402e-06
989,17,9.50374e-07
989,18,0.000430967
989,19,0.000229141
989,20,3.7771e-06
990,17,8.95364e-07
990,18,0.000421109
990,19,0.000231026
990,20,3.93644e-06
991,17,8.65276e-07
991,18,0.000411416
991,19,0.000232856
991,20,4.11184e-06
992,17,8.1473e-07
992,18,0.000401858
992,19,0.00023468
992,20,4.28393e-06
993,17,7.66996e-07
993,18,0.000392447
993,19,0.000236467
993,20,4.47252e-06
994,17,7.53998e-07
994,18,0.000383183
994,19,0.000238219
994,20,4.67824e-06
995,17,7.09345e-07
995,18,0.000374067
995,19,0.000239953
995,20,4.88175e-06
996,17,6.6722e-07
996,18,0.00036509
996,19,0.000241669
996,20,5.09289e-06
997,17,6.27487e-07
997,18,0.000356283
997,19,0.000243328
997,20,5.32193e-06
998,17,6.71137e-07
998,18,0.000347615
998,19,0.00024497
998,20,5.55954e-06
999,17,6.30417e-07
999,18,0.000339108
999,19,0.000246592
999,20,5.78601e-06
1000,17,5.92071e-07
1000,18,0.000330739
1000,19,0.000248187
1000,20,6.03083e-06
1001,17,5.55968e-07
1001,18,0.000322531
1001,19,0.000249743
1001,20,6.28467e-06
1002,17,5.21983e-07
1002,18,0.000314461
1002,19,0.000251279
1002,20,6.54784e-06
1003,17,4.89999e-07
1003,18,0.000306561
1003,19,0.000252757
1003,20,6.83064e-06
1004,17,4.59904e-07
1004,18,0.000298789
1004,19,0.000254245
1004,20,7.1038e-06
1005,17,4.3159e-07
1005,18,0.000291164
1005,19,0.000255693
1005,20,7.39686e-06
1006,17,4.04958e-07
1006,18,0.000283697
1006,19,0.000257091
1006,20,7.71053e-06
1007,17,4.03648e-07
1007,18,0.000276355
1007,19,0.000258489
1007,20,8.02557e-06
1008,17,3.78486e-07
1008,18,0.000269169
1008,19,0.000259856
1008,20,8.34196e-06
1009,17,3.5484e-07
1009,18,0.000262127
1009,19,0.000261183
1009,20,8.67966e-06
1010,17,3.5551e-07
1010,18,0.000255239
1010,19,0.000262469
1010,20,9.02945e-06
1011,17,3.33075e-07
1011,18,0.000248492
1011,19,0.000263735
1011,20,9.38169e-06
1012,17,3.12012e-07
1012,18,0.000241885
1012,19,0.000264969
1012,20,9.7464e-06
1013,17,3.35264e-07
1013,18,0.000235418
1013,19,0.000266162
1013,20,1.0134e-05
1014,17,3.13747e-07
1014,18,0.000229078
1014,19,0.000267343
1014,20,1.05252e-05
1015,17,2.93572e-07
1015,18,0.000222884
1015,19,0.000268464
1015,20,1.09502e-05
1016,17,2.74658e-07
1016,18,0.000216826
1016,19,0.000269552
1016,20,1.13901e-05
1017,17,2.56928e-07
1017,18,0.00021091
1017,19,0.000270599
1017,20,1.18453e-05
1018,17,2.42448e-07
1018,18,0.000205125
1018,19,0.000271623
1018,20,1.23065e-05
1019,17,1.93682e-07
1019,18,0.00019946
1019,19,0.000272626
1019,20,1.27836e-05
1020,17,1.75436e-07
1020,18,0.000193923
1020,19,0.000273597
1020,20,1.32772e-05
1021,17,1.97683e-07
1021,18,0.000188512
1021,19,0.000274545
1021,20,1.37779e-05
1022,17,2.10392e-07
1022,18,0.000183216
1022,19,0.000275461
1022,20,1.43057e-05
1023,17,1.33539e-07
1023,18,0.000178062
1023,19,0.000276325
1023,20,1.48516e-05
1024,17,1.4e-07
1024,18,0.00017301
1024,19,0.000277176
1024,20,1.54161e-05
1025,17,1.1e-07
1025,18,0.000168087
1025,19,0.000277995
1025,20,1.59898e-05
1026,17,9e-08
1026,18,0.000163281
1026,19,0.000278761
1026,20,1.66029e-05
1027,17,5e-08
1027,18,0.00015858
1027,19,0.000279525
1027,20,1.72168e-05
1028,17,3e-08
1028,18,0.000153993
1028,19,0.000280236
1028,20,1.78713e-05
1029,17,3e-08
1029,18,0.000149538
1029,19,0.000280914
1029,20,1.85278e-05
1030,17,1e-08
1030,18,0.000145182
1030,19,0.00028156
1030,20,1.92163e-05
1031,17,1e-08
1031,18,0.000140945
1031,19,0.000282173
1031,20,1.99177e-05
1032,18,0.000136802
1032,19,0.000282753
1032,20,2.06524e-05
1033,18,0.000132774
1033,19,0.00028329
1033,20,2.14114e-05
1034,18,0.000128837
1034,19,0.000283805
1034,20,2.21954e-05
1035,18,0.000125011
1035,19,0.000284286
1035,20,2.29953e-05
1036,18,0.000121272
1036,19,0.000284735
1036,20,2.38313e-05
1037,18,0.00011764
1037,19,0.000285131
1037,20,2.47046e-05
1038,18,0.000114102
1038,19,0.000285504
1038,20,2.55964e-05
1039,18,0.000110656
1039,19,0.000285835
1039,20,2.65272e-05
1040,18,0.000107291
1040,19,0.000286142
1040,20,2.7488e-05
1041,18,0.000104025
1041,19,0.000286417
1041,20,2.84699e-05
1042,18,0.000100829
1042,19,0.000286659
1042,20,2.94934e-05
1043,18,9.77491e-05
1043,19,0.000286868
1043,20,3.05396e-05
1044,18,9.47321e-05
1044,19,0.000287055
1044,20,3.16091e-05
1045,18,9.18503e-05
1045,19,0.000287189
1045,20,3.27326e-05
1046,18,8.89879e-05
1046,19,0.000287301
1046,20,3.38918e-05
1047,18,8.62037e-05
1047,19,0.00028739
1047,20,3.50775e-05
1048,18,8.35207e-05
1048,19,0.000287446
1048,20,3.63006e-05
1049,18,8.09173e-05
1049,19,0.00028748
1049,20,3.75519e-05
1050,18,7.83652e-05
1050,19,0.000287472
1050,20,3.88423e-05
1051,18,7.58844e-05
1051,19,0.000287402
1051,20,4.02028e-05
1052,18,7.34442e-05
1052,19,0.000287309
1052,20,4.15955e-05
1053,18,7.10857e-05
1053,19,0.000287195
1053,20,4.30313e-05
1054,18,6.87738e-05
1054,19,0.000287048
1054,20,4.45013e-05
1055,18,6.65289e-05
1055,19,0.00028687
1055,20,4.60263e-05
1056,18,6.44297e-05
1056,19,0.000286659
1056,20,4.75979e-05
1057,18,6.23471e-05
1057,19,0.000286417
1057,20,4.92174e-05
1058,18,6.0345e-05
1058,19,0.000286143
1058,20,5.0876e-05
1059,18,5.83605e-05
1059,19,0.000285838
1059,20,5.25847e-05
1060,18,5.64334e-05
1060,19,0.000285511
1060,20,5.43448e-05
1061,18,5.45723e-05
1061,19,0.000285133
1061,20,5.61676e-05
1062,18,5.2807e-05
1062,19,0.000284724
1062,20,5.80449e-05
1063,18,5.1052e-05
1063,19,0.000284294
1063,20,5.9978e-05
1064,18,4.93591e-05
1064,19,0.000283823
1064,20,6.19684e-05
1065,18,4.77168e-05
1065,19,0.000283321
1065,20,6.40174e-05
1066,18,4.61236e-05
1066,19,0.000282789
1066,20,6.61267e-05
1067,18,4.45783e-05
1067,19,0.000282226
1067,20,6.82976e-05
1068,18,4.30629e-05
1068,19,0.000281633
1068,20,7.05218e-05
1068,21,1e-08
1069,18,4.16244e-05
1069,19,0.000281019
1069,20,7.28104e-05
1069,21,1e-08
1070,18,4.02099e-05
1070,19,0.000280366
1070,20,7.51751e-05
1070,21,4e-08
1071,18,3.88583e-05
1071,19,0.000279693
1071,20,7.75978e-05
1071,21,4e-08
1072,18,3.75184e-05
1072,19,0.00027898
1072,20,8.00898e-05
1072,21,5e-08
1073,18,3.62391e-05
1073,19,0.000278228
1073,20,8.26628e-05
1073,21,8e-08
1074,18,3.4974e-05
1074,19,0.000277456
1074,20,8.52988e-05
1074,21,1.1e-07
1075,18,3.37472e-05
1075,19,0.000276665
1075,20,8.80091e-05
1075,21,1.5e-07
1076,18,3.26176e-05
1076,19,0.000275835
1076,20,9.08055e-05
1076,21,1.2e-07
1077,18,3.15041e-05
1077,19,0.000274976
1077,20,9.36802e-05
1077,21,8e-08
1078,18,3.03959e-05
1078,19,0.000274099
1078,20,9.66149e-05
1078,21,1.6e-07
1079,18,2.93219e-05
1079,19,0.000273203
1079,20,9.96208e-05
1079,21,1.56854e-07
1080,18,2.82611e-05
1080,19,0.000272259
1080,20,0.000102729
1080,21,1.74656e-07
1081,18,2.72527e-05
1081,19,0.000271307
1081,20,0.000105903
1081,21,1.72888e-07
1082,18,2.62957e-05
1082,19,0.000270316
1082,20,0.000109174
1082,21,1.92141e-07
1083,18,2.53893e-05
1083,19,0.000269289
1083,20,0.000112553
1083,21,2.02468e-07
1084,18,2.45425e-05
1084,19,0.000268253
1084,20,0.000116003
1084,21,2.0336e-07
1085,18,2.36646e-05
1085,19,0.00026718
1085,20,0.000119546
1085,21,2.24847e-07
1086,18,2.27947e-05
1086,19,0.00026608
1086,20,0.000123193
1086,21,2.37524e-07
1087,18,2.1982e-05
1087,19,0.000264954
1087,20,0.000126937
1087,21,2.5089e-07
1088,18,2.11958e-05
1088,19,0.0002638
1088,20,0.00013077
1088,21,2.74981e-07
1089,18,2.04052e-05
1089,19,0.00026262
1089,20,0.000134703
1089,21,3.09835e-07
1090,18,1.96695e-05
1090,19,0.000261414
1090,20,0.000138739
1090,21,3.26051e-07
1091,18,1.8948e-05
1091,19,0.000260182
1091,20,0.00014288
1091,21,3.7314e-07
1092,18,1.826e-05
1092,19,0.000258933
1092,20,0.000147127
1092,21,3.61148e-07
1093,18,1.75947e-05
1093,19,0.00025764
1093,20,0.000151493
1093,21,3.80122e-07
1094,18,1.69415e-05
1094,19,0.000256341
1094,20,0.00015595
1094,21,4.1011e-07
1095,18,1.62998e-05
1095,19,0.000254996
1095,20,0.00016054
1095,21,4.5172e-07
1096,18,1.56989e-05
1096,19,0.000253637
1096,20,0.000165245
1096,21,4.85033e-07
1097,18,1.51182e-05
1097,19,0.000252264
1097,20,0.000170047
1097,21,5.39583e-07
1098,18,1.4547e-05
1098,19,0.000250865
1098,20,0.000174968
1098,21,6.15434e-07
1099,18,1.40048e-05
1099,19,0.000249433
1099,20,0.00018002
1099,21,6.49355e-07
1100,18,1.3481e-05
1100,19,0.000247977
1100,20,0.000185185
1100,21,7.05105e-07
1101,18,1.2975e-05
1101,19,0.000246507
1101,20,0.000190465
1101,21,7.53385e-07
1102,18,1.24863e-05
1102,19,0.000244993
1102,20,0.000195912
1102,21,8.04329e-07
1103,18,1.20144e-05
1103,19,0.000243466
1103,20,0.00020147
1103,21,8.4747e-07
1104,18,1.15587e-05
1104,19,0.000241917
1104,20,0.000207168
1104,21,8.93525e-07
1105,18,1.11187e-05
1105,19,0.000240335
1105,20,0.000213
1105,21,9.42043e-07
1106,18,1.06939e-05
1106,19,0.000238741
1106,20,0.000218948
1106,21,1.00369e-06
1107,18,1.0284e-05
1107,19,0.000237124
1107,20,0.000225024
1107,21,1.07868e-06
1108,18,9.88829e-06
1108,19,0.000235476
1108,20,0.000231268
1108,21,1.14773e-06
1109,18,9.50646e-06
1109,19,0.000233816
1109,20,0.000237633
1109,21,1.2305e-06
1110,18,9.13803e-06
1110,19,0.000232145
1110,20,0.000244132
1110,21,1.31719e-06
1111,18,8.78259e-06
1111,19,0.000230443
1111,20,0.000250794
1111,21,1.38859e-06
1112,18,8.43972e-06
1112,19,0.000228721
1112,20,0.000257604
1112,21,1.46428e-06
1113,18,8.10901e-06
1113,19,0.000226978
1113,20,0.000264561
1113,21,1.55448e-06
1114,18,7.79008e-06
1114,19,0.000225215
1114,20,0.000271649
1114,21,1.65888e-06
1115,18,7.48255e-06
1115,19,0.000223442
1115,20,0.000278898
1115,21,1.7588e-06
1116,18,7.18604e-06
1116,19,0.00022165
1116,20,0.000286309
1116,21,1.84399e-06
1117,18,6.90019e-06
1117,19,0.000219818
1117,20,0.000293865
1117,21,1.97412e-06
1118,18,6.62467e-06
1118,19,0.000217978
1118,20,0.000301577
1118,21,2.09048e-06
1119,18,6.35914e-06
1119,19,0.00021613
1119,20,0.000309446
1119,21,2.20292e-06
1120,18,6.10325e-06
1120,19,0.000214253
1120,20,0.000317472
1120,21,2.34113e-06
1121,18,5.85671e-06
1121,19,0.000212369
1121,20,0.000325668
1121,21,2.47651e-06
1122,18,5.61919e-06
1122,19,0.000210467
1122,20,0.000334004
1122,21,2.63829e-06
1123,18,5.3904e-06
1123,19,0.000208548
1123,20,0.000342501
1123,21,2.79729e-06
1124,18,5.17006e-06
1124,19,0.000206592
1124,20,0.000351169
1124,21,2.9545e-06
1125,18,4.95787e-06
1125,19,0.00020462
1125,20,0.000360019
1125,21,3.13024e-06
1126,18,4.75356e-06
1126,19,0.000202632
1126,20,0.000369023
1126,21,3.27383e-06
1127,18,4.55687e-06
1127,19,0.000200639
1127,20,0.0003782
1127,21,3.44615e-06
1128,18,4.36754e-06
1128,19,0.00019864
1128,20,0.000387511
1128,21,3.63707e-06
1129,18,4.18533e-06
1129,19,0.000196607
1129,20,0.000397015
1129,21,3.84815e-06
1130,18,4.00998e-06
1130,19,0.000194569
1130,20,0.000406673
1130,21,4.06872e-06
1131,18,3.84128e-06
1131,19,0.000192517
1131,20,0.000416474
1131,21,4.2797e-06
1132,18,3.67898e-06
1132,19,0.000190462
1132,20,0.000426427
1132,21,4.52213e-06
1133,18,3.52287e-06
1133,19,0.000188384
1133,20,0.000436552
1133,21,4.77653e-06
1134,18,3.37274e-06
1134,19,0.000186303
1134,20,0.000446837
1134,21,5.05343e-06
1135,18,3.22838e-06
1135,19,0.0001842
1135,20,0.000457292
1135,21,5.33289e-06
1136,18,3.08959e-06
1136,19,0.000182085
1136,20,0.000467915
1136,21,5.61603e-06
1137,18,2.95618e-06
1137,19,0.000179948
1137,20,0.000478686
1137,21,5.97281e-06
1138,18,2.82795e-06
1138,19,0.000177801
1138,20,0.000489612
1138,21,6.3244e-06
1139,18,2.70473e-06
1139,19,0.000175644
1139,20,0.000500712
1139,21,6.65616e-06
1140,18,2.58635e-06
1140,19,0.000173497
1140,20,0.000511933
1140,21,7.00359e-06
1141,18,2.47262e-06
1141,19,0.00017133
1141,20,0.000523312
1141,21,7.37775e-06
1142,18,2.36339e-06
1142,19,0.000169145
1142,20,0.000534838
1142,21,7.77891e-06
1143,18,2.2585e-06
1143,19,0.000166972
1143,20,0.000546486
1143,21,8.18888e-06
1144,18,2.15779e-06
1144,19,0.000164771
1144,20,0.000558293
1144,21,8.63746e-06
1145,18,2.06111e-06
1145,19,0.000162562
1145,20,0.000570227
1145,21,9.1265e-06
1146,18,1.96833e-06
1146,19,0.000160347
1146,20,0.000582312
1146,21,9.60666e-06
1147,18,1.87928e-06
1147,19,0.000158137
1147,20,0.000594506
1147,21,1.00779e-05
1148,18,1.79385e-06
1148,19,0.00015593
1148,20,0.000606792
1148,21,1.06414e-05
1149,18,1.71191e-06
1149,19,0.000153709
1149,20,0.000619227
1149,21,1.11992e-05
1150,18,1.63331e-06
1150,19,0.000151493
1150,20,0.000631765
1150,21,1.1777e-05
1151,18,1.55795e-06
1151,19,0.000149274
1151,20,0.000644411
1151,21,1.23808e-05
1152,18,1.48571e-06
1152,19,0.000147051
1152,20,0.000657148
1152,21,1.30214e-05
1153,18,1.41646e-06
1153,19,0.000144826
1153,20,0.000670002
1153,21,1.36701e-05
1154,18,1.3501e-06
1154,19,0.000142599
1154,20,0.000682934
1154,21,1.43575e-05
1155,18,1.28652e-06
1155,19,0.00014036
1155,20,0.00069596
1155,21,1.50748e-05
1156,18,1.22562e-06
1156,19,0.000138131
1156,20,0.000709051
1156,21,1.58232e-05
1157,18,1.1673e-06
1157,19,0.000135891
1157,20,0.00072223
1157,21,1.65938e-05
1158,18,1.11145e-06
1158,19,0.000133653
1158,20,0.000735459
1158,21,1.74074e-05
1159,18,1.058e-06
1159,19,0.000131426
1159,20,0.000748731
1159,21,1.82554e-05
1160,18,1.00684e-06
1160,19,0.000129201
1160,20,0.000762036
1160,21,1.91492e-05
1161,18,9.57891e-07
1161,19,0.000126979
1161,20,0.000775386
1161,21,2.00702e-05
1162,18,9.11067e-07
1162,19,0.00012475
1162,20,0.000788771
1162,21,2.10295e-05
1163,18,8.66286e-07
1163,19,0.000122536
1163,20,0.000802153
1163,21,2.20383e-05
1164,18,8.23471e-07
1164,19,0.000120327
1164,20,0.00081554
1164,21,2.3088e-05
1165,18,7.82544e-07
1165,19,0.000118123
1165,20,0.000828923
1165,21,2.41802e-05
1166,18,7.43432e-07
1166,19,0.000115915
1166,20,0.000842301
1166,21,2.53161e-05
1167,18,7.06065e-07
1167,19,0.000113714
1167,20,0.000855654
1167,21,2.64971e-05
1168,18,6.70374e-07
1168,19,0.000111522
1168,20,0.00086897
1168,21,2.77246e-05
1169,18,6.36293e-07
1169,19,0.000109348
1169,20,0.000882218
1169,21,2.901e-05
1170,18,6.03758e-07
1170,19,0.000107174
1170,20,0.000895436
1170,21,3.03252e-05
1171,18,5.72708e-07
1171,19,0.000105009
1171,20,0.000908563
1171,21,3.17106e-05
1172,18,5.43082e-07
1172,19,0.000102866
1172,20,0.000921616
1172,21,3.31288e-05
1173,18,5.14824e-07
1173,19,0.000100734
1173,20,0.000934543
1173,21,3.46301e-05
1174,18,4.87879e-07
1174,19,9.86044e-05
1174,20,0.000947361
1174,21,3.6197e-05
1175,18,4.62193e-07
1175,19,9.64879e-05
1175,20,0.000960086
1175,21,3.77919e-05
1176,18,4.37714e-07
1176,19,9.43954e-05
1176,20,0.000972647
1176,21,3.94648e-05
1177,18,4.14392e-07
1177,19,9.23072e-05
1177,20,0.00098507
1177,21,4.11981e-05
1178,18,3.92181e-07
1178,19,9.02344e-05
1178,20,0.000997372
1178,21,4.29531e-05
1179,18,3.71033e-07
1179,19,8.81777e-05
1179,20,0.00100947
1179,21,4.47998e-05
1180,18,3.50904e-07
1180,19,8.61479e-05
1180,20,0.00102137
1180,21,4.67108e-05
1181,18,3.31752e-07
1181,19,8.41253e-05
1181,20,0.00103306
1181,21,4.86974e-05
1182,18,3.13534e-07
1182,19,8.21309e-05
1182,20,0.00104454
1182,21,5.07514e-05
1183,18,2.96212e-07
1183,19,8.01452e-05
1183,20,0.00105579
1183,21,5.2874e-05
1184,18,2.79746e-07
1184,19,7.81791e-05
1184,20,0.0010668
1184,21,5.50669e-05
1185,18,2.64099e-07
1185,19,7.62333e-05
1185,20,0.00107756
1185,21,5.73212e-05
1186,18,2.49236e-07
1186,19,7.43083e-05
1186,20,0.00108806
1186,21,5.96482e-05
1187,18,2.35123e-07
1187,19,7.24148e-05
1187,20,0.00109827
1187,21,6.20387e-05
1188,18,2.21727e-07
1188,19,7.05332e-05
1188,20,0.0011082
1188,21,6.44942e-05
1189,18,2.09015e-07
1189,19,6.86843e-05
1189,20,0.0011178
1189,21,6.70451e-05
1190,18,1.96957e-07
1190,19,6.68585e-05
1190,20,0.00112706
1190,21,6.96835e-05
1191,18,1.85524e-07
1191,19,6.50563e-05
1191,20,0.00113601
1191,21,7.23811e-05
1192,18,1.74688e-07
1192,19,6.32782e-05
1192,20,0.00114459
1192,21,7.51782e-05
1193,18,1.64421e-07
1193,19,6.15148e-05
1193,20,0.00115283
1193,21,7.80466e-05
1194,18,1.54697e-07
1194,19,5.97768e-05
1194,20,0.00116069
1194,21,8.10171e-05
1195,18,1.45491e-07
1195,19,5.80746e-05
1195,20,0.00116814
1195,21,8.40809e-05
1196,18,1.36778e-07
1196,19,5.63986e-05
1196,20,0.0011752
1196,21,8.72199e-05
1197,18,1.28536e-07
1197,19,5.4749e-05
1197,20,0.0011819
1197,21,9.04045e-05
1198,18,1.20743e-07
1198,19,5.31262e-05
1198,20,0.00118816
1198,21,9.37037e-05
1199,18,1.13376e-07
1199,19,5.15307e-05
1199,20,0.001194
1199,21,9.70896e-05
1200,18,1.06416e-07
1200,19,4.99627e-05
1200,20,0.00119938
1200,21,0.000100573
1200,22,1e-08
1201,18,1.2e-07
1201,19,4.84227e-05
1201,20,0.00120436
1201,21,0.000104114
1202,18,1.12541e-07
1202,19,4.69108e-05
1202,20,0.00120884
1202,21,0.000107793
1203,18,1.05502e-07
1203,19,4.54273e-05
1203,20,0.00121288
1203,21,0.000111541
1203,22,1e-08
1204,18,8e-08
1204,19,4.39724e-05
1204,20,0.00121647
1204,21,0.000115369
1204,22,1e-08
1205,18,5e-08
1205,19,4.25464e-05
1205,20,0.00121957
1205,21,0.000119306
1205,22,1e-08
1206,18,2e-08
1206,19,4.11494e-05
1206,20,0.0012222
1206,21,0.000123314
1206,22,3e-08
1207,18,1e-08
1207,19,3.97815e-05
1207,20,0.00122436
1207,21,0.00012742
1207,22,2e-08
1208,18,1e-08
1208,19,3.84429e-05
1208,20,0.00122604
1208,21,0.000131606
1208,22,4e-08
1209,18,1e-08
1209,19,3.71336e-05
1209,20,0.00122722
1209,21,0.000135882
1209,22,4e-08
1210,19,3.58536e-05
1210,20,0.00122795
1210,21,0.000140217
1210,22,3e-08
1211,19,3.4603e-05
1211,20,0.00122818
1211,21,0.000144649
1211,22,3e-08
1212,19,3.33819e-05
1212,20,0.00122788
1212,21,0.000149199
1212,22,6e-08
1213,19,3.219e-05
1213,20,0.00122708
1213,21,0.000153827
1213,22,8e-08
1214,19,3.10274e-05
1214,20,0.00122584
1214,21,0.000158512
1214,22,1.1e-07
1215,19,2.98939e-05
1215,20,0.00122406
1215,21,0.000163313
1215,22,1.5e-07
1216,19,2.87895e-05
1216,20,0.00122182
1216,21,0.000168179
1216,22,1.8e-07
1217,19,2.7714e-05
1217,20,0.00121906
1217,21,0.00017316
1217,22,1.87628e-07
1218,19,2.66671e-05
1218,20,0.00121584
1218,21,0.000178184
1218,22,2.26164e-07
1219,19,2.56488e-05
1219,20,0.00121212
1219,21,0.000183309
1219,22,2.55642e-07
1220,19,2.46587e-05
1220,20,0.00120794
1220,21,0.000188505
1220,22,3.06102e-07
1221,19,2.36967e-05
1221,20,0.0012033
1221,21,0.000193771
1221,22,3.57051e-07
1222,19,2.27623e-05
1222,20,0.00119819
1222,21,0.000199113
1222,22,3.95459e-07
1223,19,2.18554e-05
1223,20,0.00119259
1223,21,0.000204551
1223,22,4.24797e-07
1224,19,2.09756e-05
1224,20,0.00118654
1224,21,0.000210074
1224,22,4.15624e-07
1225,19,2.01226e-05
1225,20,0.00118006
1225,21,0.00021566
1225,22,4.37487e-07
1226,19,1.9296e-05
1226,20,0.00117314
1226,21,0.000221327
1226,22,4.70943e-07
1227,19,1.84954e-05
1227,20,0.00116578
1227,21,0.000227063
1227,22,5.25547e-07
1228,19,1.77204e-05
1228,20,0.00115801
1228,21,0.000232857
1228,22,6.11347e-07
1229,19,1.69707e-05
1229,20,0.00114985
1229,21,0.000238696
1229,22,6.38898e-07
1230,19,1.62458e-05
1230,20,0.00114126
1230,21,0.000244637
1230,22,7.97768e-07
1231,19,1.55452e-05
1231,20,0.00113229
1231,21,0.00025064
1231,22,8.40049e-07
1232,19,1.48686e-05
1232,20,0.00112295
1232,21,0.00025668
1232,22,9.0431e-07
1233,19,1.42154e-05
1233,20,0.00111327
1233,21,0.000262766
1233,22,9.51661e-07
1234,19,1.35851e-05
1234,20,0.00110324
1234,21,0.000268905
1234,22,1.0012e-06
1235,19,1.29774e-05
1235,20,0.00109286
1235,21,0.000275083
1235,22,1.07301e-06
1236,19,1.23917e-05
1236,20,0.00108215
1236,21,0.000281319
1236,22,1.14825e-06
1237,19,1.18274e-05
1237,20,0.0010711
1237,21,0.000287628
1237,22,1.21707e-06
1238,19,1.12842e-05
1238,20,0.00105978
1238,21,0.00029395
1238,22,1.28904e-06
1239,19,1.07615e-05
1239,20,0.00104817
1239,21,0.00030032
1239,22,1.36427e-06
1240,19,1.02588e-05
1240,20,0.00103632
1240,21,0.000306695
1240,22,1.44288e-06
1241,19,9.77552e-06
1241,20,0.00102416
1241,21,0.000313142
1241,22,1.53502e-06
1242,19,9.31124e-06
1242,20,0.00101176
1242,21,0.00031961
1242,22,1.63125e-06
1243,19,8.86541e-06
1243,20,0.00099917
1243,21,0.000326083
1243,22,1.72185e-06
1244,19,8.43751e-06
1244,20,0.000986381
1244,21,0.00033255
1244,22,1.8264e-06
1245,19,8.02704e-06
1245,20,0.000973352
1245,21,0.000339065
1245,22,1.94572e-06
1246,19,7.63349e-06
1246,20,0.000960136
1246,21,0.000345607
1246,22,2.06034e-06
1247,19,7.25634e-06
1247,20,0.000946758
1247,21,0.000352171
1247,22,2.15991e-06
1248,19,6.8951e-06
1248,20,0.000933233
1248,21,0.000358705
1248,22,2.29368e-06
1249,19,6.54927e-06
1249,20,0.000919573
1249,21,0.000365245
1249,22,2.42337e-06
1250,19,6.21836e-06
1250,20,0.000905793
1250,21,0.000371777
1250,22,2.55864e-06
1251,19,5.90187e-06
1251,20,0.000891857
1251,21,0.000378348
1251,22,2.69969e-06
1252,19,5.59932e-06
1252,20,0.00087784
1252,21,0.000384894
1252,22,2.84659e-06
1253,19,5.31025e-06
1253,20,0.000863724
1253,21,0.000391433
1253,22,3.00967e-06
1254,19,5.03417e-06
1254,20,0.000849532
1254,21,0.000397951
1254,22,3.1895e-06
1255,19,4.77064e-06
1255,20,0.000835279
1255,21,0.000404483
1255,22,3.34693e-06
1256,19,4.49148e-06
1256,20,0.000820956
1256,21,0.000410998
1256,22,3.5307e-06
1257,19,4.23763e-06
1257,20,0.000806628
1257,21,0.000417481
1257,22,3.70192e-06
1258,19,4.00467e-06
1258,20,0.000792275
1258,21,0.000423938
1258,22,3.87996e-06
1259,19,3.78219e-06
1259,20,0.00077791
1259,21,0.000430357
1259,22,4.07502e-06
1260,19,3.55978e-06
1260,20,0.000763515
1260,21,0.000436754
1260,22,4.29776e-06
1261,19,3.37707e-06
1261,20,0.000749171
1261,21,0.000443086
1261,22,4.51946e-06
1262,19,3.21367e-06
1262,20,0.00073485
1262,21,0.000449388
1262,22,4.74001e-06
1263,19,3.0392e-06
1263,20,0.000720551
1263,21,0.000455647
1263,22,4.97906e-06
1264,19,2.8733e-06
1264,20,0.000706306
1264,21,0.000461861
1264,22,5.21752e-06
1265,19,2.69563e-06
1265,20,0.000692094
1265,21,0.000468045
1265,22,5.4651e-06
1266,19,2.52584e-06
1266,20,0.000677966
1266,21,0.000474147
1266,22,5.73218e-06
1267,19,2.3836e-06
1267,20,0.000663881
1267,21,0.000480243
1267,22,5.98934e-06
1268,19,2.24858e-06
1268,20,0.000649927
1268,21,0.00048621
1268,22,6.27621e-06
1269,19,2.12048e-06
1269,20,0.000636034
1269,21,0.000492144
1269,22,6.57375e-06
1270,19,1.99899e-06
1270,20,0.000622249
1270,21,0.000498013
1270,22,6.87234e-06
1271,19,1.88381e-06
1271,20,0.000608571
1271,21,0.000503803
1271,22,7.192e-06
1272,19,1.77467e-06
1272,20,0.000594996
1272,21,0.000509541
1272,22,7.51331e-06
1273,19,1.67129e-06
1273,20,0.000581553
1273,21,0.000515194
1273,22,7.8463e-06
1274,19,1.5734e-06
1274,20,0.000568267
1274,21,0.000520729
1274,22,8.20129e-06
1275,19,1.48076e-06
1275,20,0.000555075
1275,21,0.000526233
1275,22,8.5591e-06
1276,19,1.39311e-06
1276,20,0.000542034
1276,21,0.000531643
1276,22,8.92973e-06
1277,19,1.31022e-06
1277,20,0.000529138
1277,21,0.000536946
1277,22,9.33354e-06
1278,19,1.23186e-06
1278,20,0.000516384
1278,21,0.000542199
1278,22,9.72171e-06
1279,19,1.15781e-06
1279,20,0.000503816
1279,21,0.000547311
1279,22,1.01434e-05
1280,19,1.08786e-06
1280,20,0.000491389
1280,21,0.000552347
1280,22,1.05797e-05
1281,19,1.02181e-06
1281,20,0.000479126
1281,21,0.000557296
1281,22,1.10212e-05
1282,19,9.59474e-07
1282,20,0.000467043
1282,21,0.000562105
1282,22,1.15079e-05
1283,19,9.00653e-07
1283,20,0.000455132
1283,21,0.000566831
1283,22,1.19914e-05
1284,19,8.45174e-07
1284,20,0.000443396
1284,21,0.000571452
1284,22,1.24914e-05
1285,19,7.92866e-07
1285,20,0.00043183
1285,21,0.000575975
1285,22,1.30083e-05
1286,19,7.43567e-07
1286,20,0.000420454
1286,21,0.000580379
1286,22,1.35424e-05
1287,19,6.97118e-07
1287,20,0.000409273
1287,21,0.000584671
1287,22,1.40843e-05
1288,19,6.53372e-07
1288,20,0.000398267
1288,21,0.000588859
1288,22,1.46441e-05
1289,19,6.12186e-07
1289,20,0.000387448
1289,21,0.00059294
1289,22,1.52122e-05
1290,19,5.73424e-07
1290,20,0.000376819
1290,21,0.000596884
1290,22,1.58189e-05
1291,19,5.36956e-07
1291,20,0.000366379
1291,21,0.000600698
1291,22,1.64554e-05
1292,19,5.02658e-07
1292,20,0.000356131
1292,21,0.00060441
1292,22,1.70925e-05
1293,19,4.70411e-07
1293,20,0.000346086
1293,21,0.000607979
1293,22,1.77601e-05
1294,19,4.40104e-07
1294,20,0.000336232
1294,21,0.000611432
1294,22,1.8439e-05
1295,19,4.1163e-07
1295,20,0.000326561
1295,21,0.000614769
1295,22,1.91393e-05
1296,19,3.84886e-07
1296,20,0.000317103
1296,21,0.000617958
1296,22,1.98616e-05
1297,19,3.59776e-07
1297,20,0.000307838
1297,21,0.000621017
1297,22,2.06065e-05
1298,19,3.36208e-07
1298,20,0.000298744
1298,21,0.000623956
1298,22,2.13846e-05
1299,19,3.14095e-07
1299,20,0.000289853
1299,21,0.000626752
1299,22,2.21867e-05
1300,19,2.93353e-07
1300,20,0.000281142
1300,21,0.000629416
1300,22,2.30235e-05
1301,19,2.73903e-07
1301,20,0.000272622
1301,21,0.000631976
1301,22,2.38559e-05
1302,19,2.55672e-07
1302,20,0.000264302
1302,21,0.00063439
1302,22,2.47133e-05
1303,19,2.38587e-07
1303,20,0.000256169
1303,21,0.000636649
1303,22,2.56164e-05
1304,19,2.22583e-07
1304,20,0.000248213
1304,21,0.000638801
1304,22,2.65267e-05
1305,19,2.07595e-07
1305,20,0.000240453
1305,21,0.000640796
1305,22,2.74739e-05
1306,19,1.93563e-07
1306,20,0.000232866
1306,21,0.000642643
1306,22,2.8469e-05
1307,19,1.8043e-07
1307,20,0.000225462
1307,21,0.000644361
1307,22,2.94834e-05
1308,19,1.68143e-07
1308,20,0.000218238
1308,21,0.000645931
1308,22,3.05374e-05
1309,19,1.56651e-07
1309,20,0.000211192
1309,21,0.000647361
1309,22,3.16218e-05
1310,19,1.45905e-07
1310,20,0.000204343
1310,21,0.000648622
1310,22,3.27475e-05
1311,19,1.35859e-07
1311,20,0.000197657
1311,21,0.000649773
1311,22,3.38854e-05
1312,19,1.26472e-07
1312,20,0.000191143
1312,21,0.000650794
1312,22,3.50458e-05
1313,19,1.17702e-07
1313,20,0.000184799
1313,21,0.000651675
1313,22,3.62387e-05
1314,19,1.09512e-07
1314,20,0.000178631
1314,21,0.000652397
1314,22,3.74751e-05
1315,19,1.01865e-07
1315,20,0.000172628
1315,21,0.000652979
1315,22,3.87459e-05
1316,19,8e-08
1316,20,0.000166777
1316,21,0.000653413
1316,22,4.00719e-05
1317,19,4e-08
1317,20,0.000161075
1317,21,0.000653747
1317,22,4.14043e-05
1318,19,2e-08
1318,20,0.000155541
1318,21,0.000653934
1318,22,4.27731e-05
1319,19,4e-08
1319,20,0.000150171
1319,21,0.000653962
1319,22,4.41889e-05
1320,19,4e-08
1320,20,0.000144952
1320,21,0.000653864
1320,22,4.56329e-05
1321,19,3e-08
1321,20,0.000139872
1321,21,0.000653628
1321,22,4.71255e-05
1322,19,3e-08
1322,20,0.000134949
1322,21,0.000653248
1322,22,4.86576e-05
1323,19,3e-08
1323,20,0.000130158
1323,21,0.000652732
1323,22,5.02403e-05
1324,19,5e-08
1324,20,0.000125518
1324,21,0.000652083
1324,22,5.18543e-05
1325,19,5e-08
1325,20,0.000121016
1325,21,0.000651321
1325,22,5.34903e-05
1326,19,8e-08
1326,20,0.000116638
1326,21,0.000650417
1326,22,5.51886e-05
1327,19,8e-08
1327,20,0.000112393
1327,21,0.000649392
1327,22,5.69204e-05
1328,19,1.2e-07
1328,20,0.000108288
1328,21,0.000648218
1328,22,5.87063e-05
1329,19,1.11227e-07
1329,20,0.000104299
1329,21,0.000646917
1329,22,6.05474e-05
1330,19,1.0307e-07
1330,20,0.000100433
1330,21,0.000645509
1330,22,6.24148e-05
1331,19,1.1e-07
1331,20,9.66894e-05
1331,21,0.000643965
1331,22,6.43386e-05
1332,19,1.01884e-07
1332,20,9.30639e-05
1332,21,0.000642268
1332,22,6.63499e-05
1333,19,1e-07
1333,20,8.9564e-05
1333,21,0.000640458
1333,22,6.83803e-05
1334,19,8e-08
1334,20,8.61767e-05
1334,21,0.000638518
1334,22,7.04801e-05
1335,19,1.3e-07
1335,20,8.28892e-05
1335,21,0.000636489
1335,22,7.25908e-05
1336,19,1.20293e-07
1336,20,7.97093e-05
1336,21,0.000634323
1336,22,7.47523e-05
1337,19,1.11284e-07
1337,20,7.66442e-05
1337,21,0.000632062
1337,22,7.6996e-05
1338,19,1.02926e-07
1338,20,7.3681e-05
1338,21,0.000629687
1338,22,7.92624e-05
1339,19,9e-08
1339,20,7.0817e-05
1339,21,0.000627171
1339,22,8.16518e-05
1340,19,7e-08
1340,20,6.80496e-05
1340,21,0.000624565
1340,22,8.40203e-05
1341,19,1e-07
1341,20,6.53763e-05
1341,21,0.000621851
1341,22,8.64641e-05
1342,19,1.1e-07
1342,20,6.27946e-05
1342,21,0.000619022
1342,22,8.89741e-05
1343,19,1.0162e-07
1343,20,6.0302e-05
1343,21,0.000616069
1343,22,9.15615e-05
1344,19,8e-08
1344,20,5.78961e-05
1344,21,0.000613045
1344,22,9.41677e-05
1345,19,4e-08
1345,20,5.55743e-05
1345,21,0.000609911
1345,22,9.68528e-05
1346,19,3e-08
1346,20,5.33344e-05
1346,21,0.00060671
1346,22,9.95481e-05
1347,19,3e-08
1347,20,5.11741e-05
1347,21,0.000603415
1347,22,0.000102324
1348,19,5e-08
1348,20,4.90909e-05
1348,21,0.000599996
1348,22,0.00010519
1349,19,5e-08
1349,20,4.70828e-05
1349,21,0.000596487
1349,22,0.00010811
1349,23,1e-08
1350,19,1e-08
1350,20,4.51474e-05
1350,21,0.0005929
1350,22,0.000111092
1350,23,2e-08
1351,19,2e-08
1351,20,4.32826e-05
1351,21,0.000589217
1351,22,0.00011414
1351,23,1e-08
1352,19,3e-08
1352,20,4.14862e-05
1352,21,0.00058543
1352,22,0.000117272
1352,23,3e-08
1353,19,4e-08
1353,20,3.97562e-05
1353,21,0.000581583
1353,22,0.000120451
1353,23,4e-08
1354,19,3e-08
1354,20,3.80906e-05
1354,21,0.000577656
1354,22,0.000123706
1354,23,5e-08
1355,19,5e-08
1355,20,3.64872e-05
1355,21,0.000573653
1355,22,0.000127019
1355,23,5e-08
1356,19,6e-08
1356,20,3.49443e-05
1356,21,0.000569566
1356,22,0.000130411
1356,23,6e-08
1357,19,5e-08
1357,20,3.34597e-05
1357,21,0.000565417
1357,22,0.000133873
1357,23,4e-08
1358,19,4e-08
1358,20,3.20318e-05
1358,21,0.000561199
1358,22,0.000137394
1358,23,5e-08
1359,19,5e-08
1359,20,3.06586e-05
1359,21,0.000556933
1359,22,0.000140967
1359,23,5e-08
1360,19,5e-08
1360,20,2.93383e-05
1360,21,0.000552583
1360,22,0.000144641
1360,23,8e-08
1361,19,5e-08
1361,20,2.80692e-05
1361,21,0.0005482
1361,22,0.000148359
1361,23,4e-08
1362,19,3e-08
1362,20,2.68497e-05
1362,21,0.000543738
1362,22,0.000152159
1362,23,2e-08
1363,19,1e-08
1363,20,2.5678e-05
1363,21,0.000539227
1363,22,0.000156033
1363,23,2e-08
1364,19,2e-08
1364,20,2.45526e-05
1364,21,0.000534662
1364,22,0.000159972
1364,23,3e-08
1365,19,3e-08
1365,20,2.34718e-05
1365,21,0.000530033
1365,22,0.000163996
1365,23,6e-08
1366,19,6e-08
1366,20,2.24341e-05
1366,21,0.000525334
1366,22,0.000168125
1366,23,7e-08
1367,19,5e-08
1367,20,2.1438e-05
1367,21,0.000520617
1367,22,0.000172312
1367,23,8e-08
1368,19,6e-08
1368,20,2.04822e-05
1368,21,0.000515864
1368,22,0.000176567
1368,23,1.1e-07
1369,19,3e-08
1369,20,1.9565e-05
1369,21,0.000511057
1369,22,0.000180909
1369,23,1.24859e-07
1370,19,3e-08
1370,20,1.86853e-05
1370,21,0.000506199
1370,22,0.00018531
1370,23,1.30421e-07
1371,19,1e-08
1371,20,1.78416e-05
1371,21,0.000501312
1371,22,0.000189801
1371,23,1.56233e-07
1372,19,1e-08
1372,20,1.70327e-05
1372,21,0.000496378
1372,22,0.000194382
1372,23,1.82304e-07
1373,20,1.62572e-05
1373,21,0.00049143
1373,22,0.000199013
1373,23,1.98644e-07
1374,20,1.5514e-05
1374,21,0.000486439
1374,22,0.000203775
1374,23,2.25266e-07
1375,20,1.48019e-05
1375,21,0.000481417
1375,22,0.000208582
1375,23,1.92179e-07
1376,20,1.41197e-05
1376,21,0.000476348
1376,22,0.000213502
1376,23,2.0987e-07
1377,20,1.34664e-05
1377,21,0.000471243
1377,22,0.000218514
1377,23,2.27898e-07
1378,20,1.28407e-05
1378,21,0.000466145
1378,22,0.000223581
1378,23,2.16276e-07
1379,20,1.22418e-05
1379,21,0.000461025
1379,22,0.000228732
1379,23,2.15017e-07
1380,20,1.16685e-05
1380,21,0.000455885
1380,22,0.000233957
1380,23,2.14136e-07
1381,20,1.11199e-05
1381,21,0.000450717
1381,22,0.000239286
1381,23,2.24113e-07
1382,20,1.0595e-05
1382,21,0.000445545
1382,22,0.000244681
1382,23,2.44518e-07
1383,20,1.00929e-05
1383,21,0.000440348
1383,22,0.00025018
1383,23,2.55829e-07
1384,20,9.61276e-06
1384,21,0.00043515
1384,22,0.000255744
1384,23,2.77621e-07
1385,20,9.15367e-06
1385,21,0.000429922
1385,22,0.000261414
1385,23,2.99912e-07
1386,20,8.71481e-06
1386,21,0.000424706
1386,22,0.00026715
1386,23,3.33178e-07
1387,20,8.29537e-06
1387,21,0.000419475
1387,22,0.000272992
1387,23,3.47001e-07
1388,20,7.89459e-06
1388,21,0.000414229
1388,22,0.00027893
1388,23,3.71401e-07
1389,20,7.5117e-06
1389,21,0.000409
1389,22,0.000284923
1389,23,4.06399e-07
1390,20,7.14598e-06
1390,21,0.000403781
1390,22,0.000290972
1390,23,4.62018e-07
1391,20,6.79674e-06
1391,21,0.000398533
1391,22,0.000297156
1391,23,5.2873e-07
1392,20,6.46331e-06
1392,21,0.000393279
1392,22,0.000303426
1392,23,5.713e-07
1393,20,6.14503e-06
1393,21,0.000388078
1393,22,0.00030973
1393,23,6.25718e-07
1394,20,5.84127e-06
1394,21,0.000382854
1394,22,0.000316149
1394,23,6.8161e-07
1395,20,5.55144e-06
1395,21,0.000377647
1395,22,0.000322642
1395,23,7.39472e-07
1396,20,5.27495e-06
1396,21,0.000372449
1396,22,0.000329229
1396,23,8.28938e-07
1397,20,5.01124e-06
1397,21,0.000367251
1397,22,0.000335908
1397,23,8.76449e-07
1398,20,4.75977e-06
1398,21,0.000362086
1398,22,0.000342651
1398,23,9.25955e-07
1399,20,4.52002e-06
1399,21,0.000356914
1399,22,0.000349486
1399,23,9.87529e-07
1400,20,4.2915e-06
1400,21,0.000351777
1400,22,0.000356392
1400,23,1.04127e-06
1401,20,4.07371e-06
1401,21,0.000346647
1401,22,0.000363398
1401,23,1.08729e-06
1402,20,3.86621e-06
1402,21,0.000341534
1402,22,0.000370474
1402,23,1.14518e-06
1403,20,3.66854e-06
1403,21,0.000336419
1403,22,0.000377639
1403,23,1.21545e-06
1404,20,3.48027e-06
1404,21,0.000331336
1404,22,0.000384872
1404,23,1.29863e-06
1405,20,3.301e-06
1405,21,0.000326293
1405,22,0.000392161
1405,23,1.37487e-06
1406,20,3.13033e-06
1406,21,0.000321263
1406,22,0.000399535
1406,23,1.46424e-06
1407,20,2.96788e-06
1407,21,0.000316257
1407,22,0.000406984
1407,23,1.55688e-06
1408,20,2.81329e-06
1408,21,0.000311276
1408,22,0.000414494
1408,23,1.64244e-06
1409,20,2.6662e-06
1409,21,0.00030632
1409,22,0.000422086
1409,23,1.76195e-06
1410,20,2.52628e-06
1410,21,0.000301402
1410,22,0.000429746
1410,23,1.86506e-06
1411,20,2.39321e-06
1411,21,0.000296491
1411,22,0.000437475
1411,23,1.95146e-06
1412,20,2.26668e-06
1412,21,0.00029163
1412,22,0.000445259
1412,23,2.04214e-06
1413,20,2.14639e-06
1413,21,0.000286808
1413,22,0.000453087
1413,23,2.15635e-06
1414,20,2.03206e-06
1414,21,0.000282017
1414,22,0.000460976
1414,23,2.31508e-06
1415,20,1.92342e-06
1415,21,0.000277248
1415,22,0.000468945
1415,23,2.43256e-06
1416,20,1.8202e-06
1416,21,0.000272512
1416,22,0.000476971
1416,23,2.56417e-06
1417,20,1.72215e-06
1417,21,0.000267808
1417,22,0.000485052
1417,23,2.68003e-06
1418,20,1.62903e-06
1418,21,0.00026312
1418,22,0.000493185
1418,23,2.81066e-06
1419,20,1.54062e-06
1419,21,0.000258486
1419,22,0.000501359
1419,23,2.96659e-06
1420,20,1.45669e-06
1420,21,0.000253899
1420,22,0.00050957
1420,23,3.12764e-06
1421,20,1.37704e-06
1421,21,0.000249328
1421,22,0.000517856
1421,23,3.28395e-06
1422,20,1.30146e-06
1422,21,0.000244785
1422,22,0.000526183
1422,23,3.40571e-06
1423,20,1.22975e-06
1423,21,0.0002403
1423,22,0.000534528
1423,23,3.58306e-06
1424,20,1.16174e-06
1424,21,0.000235844
1424,22,0.000542929
1424,23,3.74661e-06
1425,20,1.09725e-06
1425,21,0.000231428
1425,22,0.000551362
1425,23,3.92612e-06
1426,20,1.03611e-06
1426,21,0.000227062
1426,22,0.000559785
1426,23,4.10135e-06
1427,20,9.78152e-07
1427,21,0.000222726
1427,22,0.000568242
1427,23,4.30375e-06
1428,20,9.23229e-07
1428,21,0.000218442
1428,22,0.000576711
1428,23,4.52351e-06
1429,20,8.71192e-07
1429,21,0.00021421
1429,22,0.000585197
1429,23,4.75042e-06
1430,20,8.219e-07
1430,21,0.000210009
1430,22,0.000593708
1430,23,4.97435e-06
1431,20,7.75218e-07
1431,21,0.000205852
1431,22,0.000602228
1431,23,5.22616e-06
1432,20,7.31019e-07
1432,21,0.000201737
1432,22,0.000610755
1432,23,5.47612e-06
1433,20,6.89179e-07
1433,21,0.000197667
1433,22,0.000619323
1433,23,5.64404e-06
1434,20,6.49582e-07
1434,21,0.000193651
1434,22,0.000627838
1434,23,5.869e-06
1435,20,6.12115e-07
1435,21,0.000189669
1435,22,0.000636337
1435,23,6.18227e-06
1436,20,5.76672e-07
1436,21,0.000185732
1436,22,0.000644844
1436,23,6.45906e-06
1437,20,5.43475e-07
1437,21,0.000181841
1437,22,0.000653325
1437,23,6.7448e-06
1438,20,4.98311e-07
1438,21,0.000177995
1438,22,0.000661804
1438,23,7.04015e-06
1439,20,4.84474e-07
1439,21,0.000174196
1439,22,0.000670248
1439,23,7.37499e-06
1440,20,4.219e-07
1440,21,0.000170453
1440,22,0.000678631
1440,23,7.73953e-06
1441,20,3.90528e-07
1441,21,0.000166756
1441,22,0.000686998
1441,23,8.09473e-06
1442,20,3.70298e-07
1442,21,0.000163106
1442,22,0.000695314
1442,23,8.41304e-06
1443,20,3.51155e-07
1443,21,0.000159493
1443,22,0.000703624
1443,23,8.75226e-06
1444,20,3.33044e-07
1444,21,0.000155937
1444,22,0.000711843
1444,23,9.11184e-06
1445,20,3.35915e-07
1445,21,0.000152429
1445,22,0.000720015
1445,23,9.4827e-06
1446,20,3.49718e-07
1446,21,0.000148968
1446,22,0.000728146
1446,23,9.87508e-06
1447,20,2.94407e-07
1447,21,0.000145555
1447,22,0.000736178
1447,23,1.02482e-05
1448,20,3.09936e-07
1448,21,0.000142189
1448,22,0.000744118
1448,23,1.06739e-05
1449,20,3.56265e-07
1449,21,0.000138872
1449,22,0.000751989
1449,23,1.11129e-05
1450,20,3.33765e-07
1450,21,0.000135603
1450,22,0.000759795
1450,23,1.15552e-05
1451,20,3.12607e-07
1451,21,0.000132382
1451,22,0.000767522
1451,23,1.19901e-05
1452,20,2.92717e-07
1452,21,0.000129199
1452,22,0.000775133
1452,23,1.24278e-05
1453,20,2.74022e-07
1453,21,0.000126064
1453,22,0.000782662
1453,23,1.29192e-05
1454,20,2.38524e-07
1454,21,0.000122978
1454,22,0.000790094
1454,23,1.33743e-05
1455,20,2.18853e-07
1455,21,0.000119951
1455,22,0.000797374
1455,23,1.3883e-05
1456,20,2.09733e-07
1456,21,0.000116962
1456,22,0.000804574
1456,23,1.43863e-05
1457,20,2.11134e-07
1457,21,0.000114021
1457,22,0.000811631
1457,23,1.49337e-05
1458,20,2.5303e-07
1458,21,0.00011118
1458,22,0.000818557
1458,23,1.55062e-05
1459,20,2.3619e-07
1459,21,0.000108334
1459,22,0.000825357
1459,23,1.60338e-05
1460,20,2.20412e-07
1460,21,0.000105537
1460,22,0.000832007
1460,23,1.66463e-05
1461,20,2.05634e-07
1461,21,0.000102788
1461,22,0.000838499
1461,23,1.72844e-05
1462,20,1.9e-07
1462,21,0.000100096
1462,22,0.000844818
1462,23,1.79186e-05
1463,20,1.43054e-07
1463,21,9.74431e-05
1463,22,0.000851029
1463,23,1.85221e-05
1464,20,1.3e-07
1464,21,9.48476e-05
1464,22,0.000857047
1464,23,1.91615e-05
1465,20,1e-07
1465,21,9.22996e-05
1465,22,0.000862916
1465,23,1.98073e-05
1466,20,8e-08
1466,21,8.97987e-05
1466,22,0.00086856
1466,23,2.05396e-05
1467,20,8e-08
1467,21,8.73357e-05
1467,22,0.000874025
1467,23,2.128e-05
1468,20,1.1e-07
1468,21,8.48932e-05
1468,22,0.000879334
1468,23,2.19785e-05
1469,20,1.02873e-07
1469,21,8.25771e-05
1469,22,0.000884445
1469,23,2.27345e-05
1470,20,1e-07
1470,21,8.0267e-05
1470,22,0.00088937
1470,23,2.34886e-05
1471,20,1.2e-07
1471,21,7.80028e-05
1471,22,0.000894077
1471,23,2.43008e-05
1472,20,1.12125e-07
1472,21,7.57541e-05
1472,22,0.00089858
1472,23,2.50818e-05
1473,20,1.04736e-07
1473,21,7.35807e-05
1473,22,0.000902895
1473,23,2.58817e-05
1474,20,1.1e-07
1474,21,7.14322e-05
1474,22,0.000906987
1474,23,2.66903e-05
1475,20,1.02689e-07
1475,21,6.93184e-05
1475,22,0.000910883
1475,23,2.75281e-05
1476,20,1.4e-07
1476,21,6.72788e-05
1476,22,0.000914549
1476,23,2.83948e-05
1477,20,1.30616e-07
1477,21,6.52731e-05
1477,22,0.000917981
1477,23,2.92906e-05
1478,20,1.21824e-07
1478,21,6.33209e-05
1478,22,0.000921185
1478,23,3.02158e-05
1479,20,1.1359e-07
1479,21,6.14119e-05
1479,22,0.000924198
1479,23,3.11207e-05
1480,20,1.0588e-07
1480,21,5.95456e-05
1480,22,0.000926918
1480,23,3.20744e-05
1481,20,1.1e-07
1481,21,5.77216e-05
1481,22,0.000929401
1481,23,3.30689e-05
1482,20,1.02471e-07
1482,21,5.59396e-05
1482,22,0.000931673
1482,23,3.40639e-05
1483,20,9e-08
1483,21,5.4199e-05
1483,22,0.000933695
1483,23,3.50992e-05
1484,20,7e-08
1484,21,5.24994e-05
1484,22,0.000935472
1484,23,3.6125e-05
1485,20,5e-08
1485,21,5.08403e-05
1485,22,0.000936992
1485,23,3.71912e-05
1486,20,1e-07
1486,21,4.92214e-05
1486,22,0.000938295
1486,23,3.82184e-05
1487,20,1.3e-07
1487,21,4.7642e-05
1487,22,0.000939308
1487,23,3.93257e-05
1488,20,1.20879e-07
1488,21,4.61017e-05
1488,22,0.00094012
1488,23,4.04043e-05
1489,20,1.12364e-07
1489,21,4.46e-05
1489,22,0.000940661
1489,23,4.15331e-05
1490,20,1.04417e-07
1490,21,4.31363e-05
1490,22,0.000940968
1490,23,4.26627e-05
1491,20,1.3e-07
1491,21,4.17102e-05
1491,22,0.000941013
1491,23,4.38227e-05
1492,20,1.20731e-07
1492,21,4.03211e-05
1492,22,0.000940805
1492,23,4.50033e-05
1493,20,1.12088e-07
1493,21,3.89684e-05
1493,22,0.000940353
1493,23,4.61944e-05
1494,20,1.04033e-07
1494,21,3.76517e-05
1494,22,0.000939659
1494,23,4.7396e-05
1495,20,5e-08
1495,21,3.63704e-05
1495,22,0.000938672
1495,23,4.86578e-05
1496,20,2e-08
1496,21,3.51238e-05
1496,22,0.000937443
1496,23,4.99309e-05
1497,20,2e-08
1497,21,3.39115e-05
1497,22,0.000935974
1497,23,5.12148e-05
1498,20,3e-08
1498,21,3.27328e-05
1498,22,0.000934235
1498,23,5.25394e-05
1499,20,4e-08
1499,21,3.15872e-05
1499,22,0.000932259
1499,23,5.38753e-05
1500,20,3e-08
1500,21,3.04742e-05
1500,22,0.000930017
1500,23,5.52522e-05
1501,20,3e-08
1501,21,2.9393e-05
1501,22,0.000927541
1501,23,5.66305e-05
1502,20,2e-08
1502,21,2.83432e-05
1502,22,0.000924813
1502,23,5.80501e-05
1503,20,2e-08
1503,21,2.73241e-05
1503,22,0.000921897
1503,23,5.94409e-05
1504,20,1e-08
1504,21,2.63352e-05
1504,22,0.000918734
1504,23,6.08619e-05
1505,20,2e-08
1505,21,2.53758e-05
1505,22,0.000915298
1505,23,6.23433e-05
1506,20,4e-08
1506,21,2.44454e-05
1506,22,0.000911661
1506,23,6.3816e-05
1507,20,5e-08
1507,21,2.35434e-05
1507,22,0.000907798
1507,23,6.53092e-05
1508,20,5e-08
1508,21,2.26691e-05
1508,22,0.000903702
1508,23,6.68329e-05
1509,20,3e-08
1509,21,2.1822e-05
1509,22,0.000899397
1509,23,6.83674e-05
1510,20,3e-08
1510,21,2.10016e-05
1510,22,0.000894896
1510,23,6.99021e-05
1511,20,4e-08
1511,21,2.02071e-05
1511,22,0.000890184
1511,23,7.14568e-05
1512,20,6e-08
1512,21,1.9438e-05
1512,22,0.000885256
1512,23,7.30413e-05
1513,20,6e-08
1513,21,1.86937e-05
1513,22,0.000880095
1513,23,7.46758e-05
1514,20,8e-08
1514,21,1.79737e-05
1514,22,0.000874776
1514,23,7.62908e-05
1515,20,6e-08
1515,21,1.72774e-05
1515,22,0.000869265
1515,23,7.79254e-05
1516,20,2e-08
1516,21,1.66041e-05
1516,22,0.000863547
1516,23,7.95996e-05
1517,20,2e-08
1517,21,1.59534e-05
1517,22,0.000857635
1517,23,8.13036e-05
1518,20,2e-08
1518,21,1.53246e-05
1518,22,0.000851557
1518,23,8.30176e-05
1519,20,3e-08
1519,21,1.47172e-05
1519,22,0.000845316
1519,23,8.47414e-05
1520,20,4e-08
1520,21,1.41307e-05
1520,22,0.000838899
1520,23,8.64946e-05
1521,20,5e-08
1521,21,1.35644e-05
1521,22,0.000832342
1521,23,8.82474e-05
1522,20,3e-08
1522,21,1.30179e-05
1522,22,0.000825619
1522,23,9.00295e-05
1523,21,1.24906e-05
1523,22,0.000818736
1523,23,9.18408e-05
1524,21,1.19821e-05
1524,22,0.00081171
1524,23,9.36715e-05
1525,21,1.14916e-05
1525,22,0.000804566
1525,23,9.55016e-05
1526,21,1.10189e-05
1526,22,0.000797279
1526,23,9.73606e-05
1527,21,1.05632e-05
1527,22,0.000789857
1527,23,9.92487e-05
1528,21,1.01243e-05
1528,22,0.000782325
1528,23,0.000101146
1529,21,9.70148e-06
1529,22,0.000774698
1529,23,0.000103042
1530,21,9.29435e-06
1530,22,0.000766943
1530,23,0.000104977
1531,21,8.90243e-06
1531,22,0.000759086
1531,23,0.000106931
1532,21,8.52525e-06
1532,22,0.000751142
1532,23,0.000108894
1533,21,8.16235e-06
1533,22,0.000743098
1533,23,0.000110886
1534,21,7.8133e-06
1534,22,0.00073497
1534,23,0.000112896
1535,21,7.47764e-06
1535,22,0.000726773
1535,23,0.000114916
1536,21,7.15496e-06
1536,22,0.000718503
1536,23,0.000116954
1537,21,6.84482e-06
1537,22,0.000710176
1537,23,0.000119001
1538,21,6.54683e-06
1538,22,0.000701758
1538,23,0.000121097
1539,21,6.26058e-06
1539,22,0.000693304
1539,23,0.000123192
1540,21,5.98568e-06
1540,22,0.000684791
1540,23,0.000125316
1541,21,5.72174e-06
1541,22,0.000676223
1541,23,0.000127469
1542,21,5.46839e-06
1542,22,0.000667637
1542,23,0.000129621
1543,21,5.22526e-06
1543,22,0.000658997
1543,23,0.000131812
1544,21,4.99201e-06
1544,22,0.000650319
1544,23,0.000134033
1545,21,4.76828e-06
1545,22,0.000641658
1545,23,0.000136233
1546,21,4.55374e-06
1546,22,0.000632939
1546,23,0.000138493
1547,21,4.34806e-06
1547,22,0.000624217
1547,23,0.000140762
1548,21,4.15091e-06
1548,22,0.000615498
1548,23,0.000143041
1549,21,3.97334e-06
1549,22,0.000606765
1549,23,0.00014534
1549,24,1e-08
1550,21,3.79164e-06
1550,22,0.000598044
1550,23,0.000147649
1550,24,2e-08
1551,21,3.62098e-06
1551,22,0.000589328
1551,23,0.000149977
1551,24,2e-08
1552,21,3.42044e-06
1552,22,0.000580644
1552,23,0.000152316
1552,24,1e-08
1553,21,3.26664e-06
1553,22,0.000571963
1553,23,0.000154685
1553,24,1e-08
1554,21,3.12934e-06
1554,22,0.000563301
1554,23,0.000157074
1554,24,1e-08
1555,21,2.98829e-06
1555,22,0.000554662
1555,23,0.000159484
1556,21,2.82326e-06
1556,22,0.00054604
1556,23,0.000161924
1557,21,2.65403e-06
1557,22,0.000537458
1557,23,0.000164366
1557,24,1e-08
1558,21,2.53036e-06
1558,22,0.000528901
1558,23,0.000166839
1558,24,3e-08
1559,21,2.41205e-06
1559,22,0.000520391
1559,23,0.000169333
1559,24,2e-08
1560,21,2.29889e-06
1560,22,0.000511913
1560,23,0.000171859
1560,24,1e-08
1561,21,2.19067e-06
1561,22,0.000503489
1561,23,0.000174397
1562,21,2.08721e-06
1562,22,0.000495102
1562,23,0.000176966
1563,21,1.98831e-06
1563,22,0.000486797
1563,23,0.000179529
1564,21,1.8938e-06
1564,22,0.000478514
1564,23,0.000182144
1565,21,1.80349e-06
1565,22,0.000470298
1565,23,0.000184762
1565,24,1e-08
1566,21,1.71721e-06
1566,22,0.000462141
1566,23,0.000187402
1566,24,2e-08
1567,21,1.63481e-06
1567,22,0.000454035
1567,23,0.000190076
1567,24,2e-08
1568,21,1.55612e-06
1568,22,0.000445994
1568,23,0.000192784
1568,24,2e-08
1569,21,1.48099e-06
1569,22,0.000438019
1569,23,0.000195506
1569,24,2e-08
1570,21,1.40928e-06
1570,22,0.000430102
1570,23,0.000198262
1570,24,3e-08
1571,21,1.34084e-06
1571,22,0.000422266
1571,23,0.000201032
1571,24,7e-08
1572,21,1.27553e-06
1572,22,0.000414522
1572,23,0.000203807
1572,24,5e-08
1573,21,1.21322e-06
1573,22,0.000406842
1573,23,0.000206628
1573,24,4e-08
1574,21,1.15379e-06
1574,22,0.000399238
1574,23,0.000209464
1574,24,3e-08
1575,21,1.09711e-06
1575,22,0.000391711
1575,23,0.000212336
1575,24,3e-08
1576,21,1.04306e-06
1576,22,0.000384273
1576,23,0.000215224
1576,24,3e-08
1577,21,9.91533e-07
1577,22,0.000376905
1577,23,0.000218148
1577,24,3e-08
1578,21,9.42419e-07
1578,22,0.000369619
1578,23,0.0002211
1578,24,4e-08
1579,21,8.95612e-07
1579,22,0.000362425
1579,23,0.000224058
1579,24,4e-08
1580,21,8.51011e-07
1580,22,0.000355305
1580,23,0.000227054
1580,24,5e-08
1581,21,8.08519e-07
1581,22,0.00034828
1581,23,0.000230058
1581,24,8e-08
1582,21,7.68043e-07
1582,22,0.00034134
1582,23,0.00023311
1582,24,1.2e-07
1583,21,7.29494e-07
1583,22,0.000334486
1583,23,0.00023618
1583,24,1.5e-07
1584,21,6.92786e-07
1584,22,0.000327699
1584,23,0.0002393
1584,24,1.6e-07
1585,21,6.57836e-07
1585,22,0.00032102
1585,23,0.000242438
1585,24,1.84204e-07
1586,21,6.24565e-07
1586,22,0.00031442
1586,23,0.000245606
1586,24,1.68576e-07
1587,21,5.92899e-07
1587,22,0.000307897
1587,23,0.000248813
1587,24,1.8312e-07
1588,21,5.62763e-07
1588,22,0.000301485
1588,23,0.000252031
1588,24,2.07843e-07
1589,21,5.34089e-07
1589,22,0.000295151
1589,23,0.000255279
1589,24,2.33168e-07
1590,21,5.0681e-07
1590,22,0.000288907
1590,23,0.000258568
1590,24,2.98703e-07
1591,21,4.80861e-07
1591,22,0.000282753
1591,23,0.000261887
1591,24,3.2898e-07
1592,21,4.86202e-07
1592,22,0.000276709
1592,23,0.000265218
1592,24,3.40065e-07
1593,21,4.60882e-07
1593,22,0.000270734
1593,23,0.000268591
1593,24,3.71991e-07
1594,21,4.36827e-07
1594,22,0.00026485
1594,23,0.000272005
1594,24,4.05196e-07
1595,21,4.13976e-07
1595,22,0.000259075
1595,23,0.000275432
1595,24,3.99318e-07
1596,21,3.92273e-07
1596,22,0.000253379
1596,23,0.00027889
1596,24,4.13982e-07
1597,21,3.57248e-07
1597,22,0.000247763
1597,23,0.000282402
1597,24,4.7002e-07
1598,21,3.2357e-07
1598,22,0.000242246
1598,23,0.000285916
1598,24,4.87076e-07
1599,21,3.20527e-07
1599,22,0.000236828
1599,23,0.000289483
1599,24,4.85591e-07
1600,21,2.98093e-07
1600,22,0.000231498
1600,23,0.000293073
1600,24,5.04807e-07
1601,21,3.1624e-07
1601,22,0.000226246
1601,23,0.000296707
1601,24,5.35155e-07
1602,21,3.24944e-07
1602,22,0.000221071
1602,23,0.000300375
1602,24,5.66271e-07
1603,21,3.07233e-07
1603,22,0.000215984
1603,23,0.000304076
1603,24,6.08584e-07
1604,21,2.43925e-07
1604,22,0.000210983
1604,23,0.000307812
1604,24,6.72533e-07
1605,21,2.34157e-07
1605,22,0.000206089
1605,23,0.000311561
1605,24,7.47378e-07
1606,21,1.74854e-07
1606,22,0.000201281
1606,23,0.000315355
1606,24,8.4355e-07
1607,21,1.65995e-07
1607,22,0.000196546
1607,23,0.000319192
1607,24,8.85571e-07
1608,21,1.57561e-07
1608,22,0.000191896
1608,23,0.000323065
1608,24,9.29167e-07
1609,21,1.49532e-07
1609,22,0.00018734
1609,23,0.000326962
1609,24,9.84385e-07
1610,21,1.41891e-07
1610,22,0.000182856
1610,23,0.000330893
1610,24,1.04129e-06
1611,21,1.3462e-07
1611,22,0.000178465
1611,23,0.00033486
1611,24,1.10032e-06
1612,21,1.27702e-07
1612,22,0.000174144
1612,23,0.000338861
1612,24,1.16115e-06
1613,21,1.21121e-07
1613,22,0.000169905
1613,23,0.000342886
1613,24,1.20423e-06
1614,21,1.14861e-07
1614,22,0.000165745
1614,23,0.000346955
1614,24,1.25963e-06
1615,21,1.08909e-07
1615,22,0.000161674
1615,23,0.000351049
1615,24,1.34702e-06
1616,21,1.03249e-07
1616,22,0.000157681
1616,23,0.000355187
1616,24,1.43686e-06
1617,21,1.4e-07
1617,22,0.000153755
1617,23,0.00035936
1617,24,1.47886e-06
1618,21,1.32684e-07
1618,22,0.000149905
1618,23,0.000363586
1618,24,1.51308e-06
1619,21,1.25731e-07
1619,22,0.000146142
1619,23,0.000367826
1619,24,1.57923e-06
1620,21,1.19124e-07
1620,22,0.000142452
1620,23,0.000372089
1620,24,1.65776e-06
1621,21,1.12847e-07
1621,22,0.000138827
1621,23,0.000376395
1621,24,1.72908e-06
1622,21,1.06884e-07
1622,22,0.000135274
1622,23,0.000380745
1622,24,1.80295e-06
1623,21,1.01221e-07
1623,22,0.000131793
1623,23,0.000385107
1623,24,1.90943e-06
1624,21,1.1e-07
1624,22,0.000128384
1624,23,0.0003895
1624,24,2.01935e-06
1625,21,1.0414e-07
1625,22,0.000125045
1625,23,0.000393955
1625,24,2.08245e-06
1626,21,7e-08
1626,22,0.000121785
1626,23,0.000398412
1626,24,2.18809e-06
1627,21,8e-08
1627,22,0.000118583
1627,23,0.000402899
1627,24,2.26671e-06
1628,21,4e-08
1628,22,0.000115448
1628,23,0.000407426
1628,24,2.34877e-06
1629,21,2e-08
1629,22,0.00011239
1629,23,0.000411983
1629,24,2.43438e-06
1630,21,1e-08
1630,22,0.000109387
1630,23,0.000416579
1630,24,2.55326e-06
1631,21,2e-08
1631,22,0.000106449
1631,23,0.000421203
1631,24,2.6755e-06
1632,21,1e-08
1632,22,0.000103574
1632,23,0.000425845
1632,24,2.80124e-06
1633,21,1e-08
1633,22,0.000100762
1633,23,0.000430523
1633,24,2.90094e-06
1634,22,9.80216e-05
1634,23,0.000435227
1634,24,2.99436e-06
1635,22,9.53418e-05
1635,23,0.000439937
1635,24,3.10123e-06
1636,22,9.27115e-05
1636,23,0.0004447
1636,24,3.25236e-06
1637,22,9.01502e-05
1637,23,0.000449466
1637,24,3.35718e-06
1638,22,8.76365e-05
1638,23,0.000454265
1638,24,3.47612e-06
1639,22,8.51899e-05
1639,23,0.000459075
1639,24,3.60933e-06
1640,22,8.27992e-05
1640,23,0.000463895
1640,24,3.76694e-06
1641,22,8.04633e-05
1641,23,0.000468733
1641,24,3.90939e-06
1642,22,7.81814e-05
1642,23,0.000473579
1642,24,4.11682e-06
1643,22,7.59427e-05
1643,23,0.000478451
1643,24,4.27973e-06
1644,22,7.37664e-05
1644,23,0.000483327
1644,24,4.4783e-06
1645,22,7.16414e-05
1645,23,0.000488227
1645,24,4.65475e-06
1646,22,6.95567e-05
1646,23,0.000493148
1646,24,4.83681e-06
1647,22,6.75219e-05
1647,23,0.00049808
1647,24,5.02465e-06
1648,22,6.5536e-05
1648,23,0.000503041
1648,24,5.19838e-06
1649,22,6.35981e-05
1649,23,0.000508009
1649,24,5.37751e-06
1650,22,6.17174e-05
1650,23,0.000512963
1650,24,5.57217e-06
1651,22,5.98827e-05
1651,23,0.000517921
1651,24,5.77286e-06
1652,22,5.80832e-05
1652,23,0.000522871
1652,24,5.99973e-06
1653,22,5.63383e-05
1653,23,0.000527831
1653,24,6.21357e-06
1654,22,5.4637e-05
1654,23,0.00053277
1654,24,6.45393e-06
1655,22,5.29782e-05
1655,23,0.000537725
1655,24,6.68159e-06
1656,22,5.13614e-05
1656,23,0.000542674
1656,24,6.9161e-06
1657,22,4.97856e-05
1657,23,0.000547616
1657,24,7.15761e-06
1658,22,4.82501e-05
1658,23,0.000552538
1658,24,7.41629e-06
1659,22,4.6754e-05
1659,23,0.000557468
1659,24,7.66264e-06
1660,22,4.52967e-05
1660,23,0.000562365
1660,24,7.93619e-06
1661,22,4.38773e-05
1661,23,0.000567245
1661,24,8.21774e-06
1662,22,4.2495e-05
1662,23,0.000572096
1662,24,8.51751e-06
1663,22,4.11492e-05
1663,23,0.000576936
1663,24,8.81595e-06
1664,22,3.98391e-05
1664,23,0.000581742
1664,24,9.13299e-06
1665,22,3.85639e-05
1665,23,0.000586523
1665,24,9.45911e-06
1666,22,3.7323e-05
1666,23,0.000591274
1666,24,9.7945e-06
1667,22,3.61156e-05
1667,23,0.000596025
1667,24,1.01094e-05
1668,22,3.4941e-05
1668,23,0.000600703
1668,24,1.0473e-05
1669,22,3.37986e-05
1669,23,0.000605374
1669,24,1.08168e-05
1670,22,3.26876e-05
1670,23,0.000610006
1670,24,1.117e-05
1671,22,3.16073e-05
1671,23,0.000614587
1671,24,1.15428e-05
1672,22,3.05572e-05
1672,23,0.000619103
1672,24,1.19457e-05
1673,22,2.95365e-05
1673,23,0.000623573
1673,24,1.23596e-05
1674,22,2.85447e-05
1674,23,0.000627982
1674,24,1.27946e-05
1675,22,2.7581e-05
1675,23,0.000632369
1675,24,1.32113e-05
1676,22,2.66448e-05
1676,23,0.0006367
1676,24,1.3639e-05
1677,22,2.57356e-05
1677,23,0.000640963
1677,24,1.40878e-05
1678,22,2.48526e-05
1678,23,0.000645185
1678,24,1.45283e-05
1679,22,2.39954e-05
1679,23,0.000649323
1679,24,1.50002e-05
1680,22,2.31633e-05
1680,23,0.000653384
1680,24,1.5494e-05
1681,22,2.23558e-05
1681,23,0.000657366
1681,24,1.60105e-05
1682,22,2.15722e-05
1682,23,0.000661294
1682,24,1.652e-05
1683,22,2.0812e-05
1683,23,0.000665157
1683,24,1.70323e-05
1684,22,2.00747e-05
1684,23,0.000668932
1684,24,1.75672e-05
1685,22,1.93597e-05
1685,23,0.000672626
1685,24,1.81153e-05
1686,22,1.86313e-05
1686,23,0.000676236
1686,24,1.86766e-05
1687,22,1.79841e-05
1687,23,0.000679739
1687,24,1.92715e-05
1688,22,1.73274e-05
1688,23,0.000683182
1688,24,1.98506e-05
1689,22,1.66907e-05
1689,23,0.000686522
1689,24,2.04534e-05
1690,22,1.60835e-05
1690,23,0.000689778
1690,24,2.10604e-05
1691,22,1.54954e-05
1691,23,0.000692925
1691,24,2.16914e-05
1692,22,1.49183e-05
1692,23,0.000695972
1692,24,2.2337e-05
1693,22,1.44062e-05
1693,23,0.000698916
1693,24,2.29972e-05
1694,22,1.38422e-05
1694,23,0.000701744
1694,24,2.36824e-05
1695,22,1.32898e-05
1695,23,0.000704463
1695,24,2.4383e-05
1696,22,1.2804e-05
1696,23,0.000707081
1696,24,2.5089e-05
1697,22,1.23242e-05
1697,23,0.000709576
1697,24,2.58206e-05
1698,22,1.18322e-05
1698,23,0.000711975
1698,24,2.65481e-05
1699,22,1.13782e-05
1699,23,0.000714276
1699,24,2.72712e-05
1700,22,1.09519e-05
1700,23,0.000716427
1700,24,2.80395e-05
1701,22,1.05102e-05
1701,23,0.000718445
1701,24,2.88341e-05
1702,22,1.01126e-05
1702,23,0.000720349
1702,24,2.96352e-05
1703,22,9.71884e-06
1703,23,0.000722115
1703,24,3.04628e-05
1704,22,9.32849e-06
1704,23,0.000723773
1704,24,3.12873e-05
1705,22,8.97117e-06
1705,23,0.000725281
1705,24,3.21485e-05
1706,22,8.56891e-06
1706,23,0.000726666
1706,24,3.30169e-05
1707,22,8.19156e-06
1707,23,0.000727928
1707,24,3.38924e-05
1708,22,7.87594e-06
1708,23,0.000729033
1708,24,3.4805e-05
1709,22,7.5117e-06
1709,23,0.000730032
1709,24,3.57053e-05
1710,22,7.19854e-06
1710,23,0.000730842
1710,24,3.66727e-05
1711,22,6.90612e-06
1711,23,0.000731533
1711,24,3.76385e-05
1712,22,6.62413e-06
1712,23,0.000732082
1712,24,3.86223e-05
1713,22,6.35227e-06
1713,23,0.00073252
1713,24,3.95944e-05
1714,22,6.09023e-06
1714,23,0.000732785
1714,24,4.06142e-05
1715,22,5.83772e-06
1715,23,0.000732895
1715,24,4.16625e-05
1716,22,5.59446e-06
1716,23,0.000732862
1716,24,4.27296e-05
1717,22,5.36016e-06
1717,23,0.000732703
1717,24,4.37956e-05
1718,22,5.13454e-06
1718,23,0.000732398
1718,24,4.48803e-05
1719,22,4.91735e-06
1719,23,0.000731938
1719,24,4.59937e-05
1720,22,4.7083e-06
1720,23,0.000731331
1720,24,4.71261e-05
1721,22,4.50716e-06
1721,23,0.000730588
1721,24,4.82676e-05
1722,22,4.31366e-06
1722,23,0.000729698
1722,24,4.94282e-05
1723,22,4.12756e-06
1723,23,0.000728652
1723,24,5.06179e-05
1724,22,3.94863e-06
1724,23,0.00072746
1724,24,5.1827e-05
1725,22,3.77663e-06
1725,23,0.000726122
1725,24,5.30556e-05
1726,22,3.60467e-06
1726,23,0.000724638
1726,24,5.43039e-05
1727,22,3.45935e-06
1727,23,0.00072304
1727,24,5.55418e-05
1728,22,3.29019e-06
1728,23,0.000721278
1728,24,5.68189e-05
1729,22,3.16698e-06
1729,23,0.000719373
1729,24,5.81156e-05
1730,22,2.98952e-06
1730,23,0.000717306
1730,24,5.94522e-05
1731,22,2.8476e-06
1731,23,0.000715117
1731,24,6.07889e-05
1732,22,2.68104e-06
1732,23,0.000712769
1732,24,6.21656e-05
1733,22,2.55966e-06
1733,23,0.000710292
1733,24,6.35525e-05
1734,22,2.44326e-06
1734,23,0.000707687
1734,24,6.49497e-05
1735,22,2.32167e-06
1735,23,0.000704927
1735,24,6.6387e-05
1736,22,2.21471e-06
1736,23,0.000702044
1736,24,6.78347e-05
1737,22,2.11223e-06
1737,23,0.000699
1737,24,6.92928e-05
1738,22,2.01406e-06
1738,23,0.000695905
1738,24,7.07713e-05
1739,22,1.92004e-06
1739,23,0.000692682
1739,24,7.22601e-05
1740,22,1.83002e-06
1740,23,0.000689288
1740,24,7.37792e-05
1741,22,1.74384e-06
1741,23,0.000685759
1741,24,7.53289e-05
1742,22,1.66138e-06
1742,23,0.000682118
1742,24,7.68892e-05
1743,22,1.58247e-06
1743,23,0.000678347
1743,24,7.84802e-05
1744,22,1.507e-06
1744,23,0.000674468
1744,24,8.00821e-05
1745,22,1.43482e-06
1745,23,0.000670464
1745,24,8.17147e-05
1746,22,1.36582e-06
1746,23,0.000666368
1746,24,8.33484e-05
1747,22,1.29986e-06
1747,23,0.000662141
1747,24,8.50228e-05
1748,22,1.23683e-06
1748,23,0.000657797
1748,24,8.66984e-05
1749,22,1.17662e-06
1749,23,0.000653351
1749,24,8.84049e-05
1750,22,1.1191e-06
1750,23,0.000648833
1750,24,9.01226e-05
1751,22,1.06418e-06
1751,23,0.000644206
1751,24,9.18814e-05
1752,22,1.01175e-06
1752,23,0.000639422
1752,24,9.36817e-05
1753,22,9.61707e-07
1753,23,0.000634605
1753,24,9.54738e-05
1754,22,9.13956e-07
1754,23,0.000629688
1754,24,9.72974e-05
1755,22,8.68401e-07
1755,23,0.000624674
1755,24,9.91427e-05
1756,22,8.24952e-07
1756,23,0.000619586
1756,24,0.00010101
1757,22,7.83522e-07
1757,23,0.000614406
1757,24,0.000102899
1758,22,7.44025e-07
1758,23,0.000609149
1758,24,0.00010482
1759,22,7.06382e-07
1759,23,0.000603827
1759,24,0.000106764
1760,22,6.70512e-07
1760,23,0.000598423
1760,24,0.00010873
1761,22,6.3634e-07
1761,23,0.000592961
1761,24,0.000110708
1762,22,6.03793e-07
1762,23,0.000587443
1762,24,0.000112679
1763,22,5.72801e-07
1763,23,0.000581864
1763,24,0.000114693
1764,22,5.43297e-07
1764,23,0.000576235
1764,24,0.000116709
1764,25,1e-08
1765,22,5.15215e-07
1765,23,0.00057055
1765,24,0.000118748
1765,25,2e-08
1766,22,5.00081e-07
1766,23,0.000564793
1766,24,0.000120829
1766,25,2e-08
1767,22,4.74145e-07
1767,23,0.000558997
1767,24,0.000122934
1767,25,2e-08
1768,22,4.49472e-07
1768,23,0.000553154
1768,24,0.000125063
1768,25,2e-08
1769,22,4.40039e-07
1769,23,0.000547259
1769,24,0.000127204
1769,25,4e-08
1770,22,4.17094e-07
1770,23,0.000541343
1770,24,0.00012936
1770,25,2e-08
1771,22,3.95274e-07
1771,23,0.000535371
1771,24,0.000131559
1771,25,6e-08
1772,22,3.78736e-07
1772,23,0.000529375
1772,24,0.000133772
1772,25,9e-08
1773,22,3.93368e-07
1773,23,0.000523338
1773,24,0.000136009
1773,25,1.6e-07
1774,22,3.7287e-07
1774,23,0.000517294
1774,24,0.000138261
1774,25,1.96293e-07
1775,22,3.53379e-07
1775,23,0.000511216
1775,24,0.000140547
1775,25,2.3343e-07
1776,22,3.3485e-07
1776,23,0.000505115
1776,24,0.000142868
1776,25,2.11453e-07
1777,22,3.17239e-07
1777,23,0.000499026
1777,24,0.000145174
1777,25,2.29884e-07
1778,22,3.00505e-07
1778,23,0.000492891
1778,24,0.000147545
1778,25,2.48743e-07
1779,22,2.86647e-07
1779,23,0.000486743
1779,24,0.000149942
1779,25,2.5805e-07
1780,22,2.66119e-07
1780,23,0.000480575
1780,24,0.000152356
1780,25,3.27829e-07
1781,22,2.16154e-07
1781,23,0.00047439
1781,24,0.000154805
1781,25,3.63653e-07
1782,22,2.06723e-07
1782,23,0.00046824
1782,24,0.000157251
1782,25,3.91152e-07
1783,22,2.07801e-07
1783,23,0.000462058
1783,24,0.000159743
1783,25,4.29879e-07
1784,22,2.1936e-07
1784,23,0.000455887
1784,24,0.000162272
1784,25,4.49471e-07
1785,22,2.51378e-07
1785,23,0.000449739
1785,24,0.000164799
1785,25,4.69967e-07
1786,22,2.38099e-07
1786,23,0.000443596
1786,24,0.000167354
1786,25,4.91922e-07
1787,22,2.25487e-07
1787,23,0.000437441
1787,24,0.000169956
1787,25,5.3489e-07
1788,22,2.1351e-07
1788,23,0.000431317
1788,24,0.000172576
1788,25,5.58915e-07
1789,22,1.63577e-07
1789,23,0.000425185
1789,24,0.000175235
1789,25,6.14045e-07
1790,22,1.8e-07
1790,23,0.000419078
1790,24,0.000177914
1790,25,6.60843e-07
1791,22,1.2e-07
1791,23,0.000412989
1791,24,0.000180611
1791,25,7.18871e-07
1792,22,8e-08
1792,23,0.000406918
1792,24,0.000183358
1792,25,7.38698e-07
1793,22,7e-08
1793,23,0.00040088
1793,24,0.000186115
1793,25,7.69894e-07
1794,22,4e-08
1794,23,0.000394864
1794,24,0.000188903
1794,25,8.5252e-07
1795,22,4e-08
1795,23,0.000388874
1795,24,0.000191721
1795,25,8.92802e-07
1796,22,4e-08
1796,23,0.000382901
1796,24,0.00019459
1796,25,9.35463e-07
1797,22,7e-08
1797,23,0.000376947
1797,24,0.000197491
1797,25,9.90101e-07
1798,22,5e-08
1798,23,0.000371044
1798,24,0.000200415
1798,25,1.03681e-06
1799,22,5e-08
1799,23,0.000365184
1799,24,0.00020335
1799,25,1.08567e-06
1800,22,2e-08
1800,23,0.000359347
1800,24,0.000206329
1800,25,1.1568e-06
1801,22,2e-08
1801,23,0.000353547
1801,24,0.00020933
1801,25,1.23068e-06
1802,22,5e-08
1802,23,0.000347763
1802,24,0.000212386
1802,25,1.31793e-06
1803,22,4e-08
1803,23,0.00034201
1803,24,0.000215475
1803,25,1.39872e-06
1804,22,1e-08
1804,23,0.00033632
1804,24,0.000218608
1804,25,1.4828e-06
1805,22,1e-08
1805,23,0.000330661
1805,24,0.000221766
1805,25,1.60033e-06
1806,22,1e-08
1806,23,0.000325065
1806,24,0.00022495
1806,25,1.65134e-06
1807,23,0.000319543
1807,24,0.000228169
1807,25,1.73648e-06
1808,23,0.000314022
1808,24,0.000231434
1808,25,1.83505e-06
1809,23,0.000308547
1809,24,0.000234746
1809,25,1.92757e-06
1810,23,0.00030314
1810,24,0.000238055
1810,25,2.02385e-06
1811,23,0.000297771
1811,24,0.000241421
1811,25,2.10492e-06
1812,23,0.000292451
1812,24,0.000244824
1812,25,2.20061e-06
1813,23,0.000287171
1813,24,0.000248286
1813,25,2.29063e-06
1814,23,0.000281953
1814,24,0.000251767
1814,25,2.40516e-06
1815,23,0.00027678
1815,24,0.000255276
1815,25,2.51442e-06
1816,23,0.00027166
1816,24,0.000258825
1816,25,2.64948e-06
1817,23,0.000266593
1817,24,0.000262423
1817,25,2.81071e-06
1818,23,0.0002616
1818,24,0.000266062
1818,25,3.01788e-06
1819,23,0.000256671
1819,24,0.00026974
1819,25,3.16374e-06
1820,23,0.000251783
1820,24,0.00027346
1820,25,3.30611e-06
1821,23,0.00024694
1821,24,0.00027722
1821,25,3.46477e-06
1822,23,0.000242154
1822,24,0.000281032
1822,25,3.6205e-06
1823,23,0.000237413
1823,24,0.000284886
1823,25,3.79311e-06
1824,23,0.000232701
1824,24,0.000288762
1824,25,3.98338e-06
1825,23,0.000228089
1825,24,0.000292671
1825,25,4.18181e-06
1826,23,0.000223533
1826,24,0.000296632
1826,25,4.38893e-06
1827,23,0.000219055
1827,24,0.000300635
1827,25,4.60494e-06
1828,23,0.000214655
1828,24,0.000304682
1828,25,4.82019e-06
1829,23,0.000210302
1829,24,0.000308752
1829,25,5.06492e-06
1830,23,0.000205973
1830,24,0.000312896
1830,25,5.30016e-06
1831,23,0.000201712
1831,24,0.000317083
1831,25,5.5357e-06
1832,23,0.000197509
1832,24,0.000321294
1832,25,5.8015e-06
1833,23,0.000193344
1833,24,0.000325559
1833,25,6.08884e-06
1834,23,0.000189259
1834,24,0.000329868
1834,25,6.37849e-06
1835,23,0.000185221
1835,24,0.000334221
1835,25,6.68079e-06
1836,23,0.000181231
1836,24,0.000338628
1836,25,6.99615e-06
1837,23,0.000177312
1837,24,0.00034307
1837,25,7.33511e-06
1838,23,0.000173447
1838,24,0.000347565
1838,25,7.66872e-06
1839,23,0.000169651
1839,24,0.000352074
1839,25,8.03674e-06
1840,23,0.000165936
1840,24,0.000356647
1840,25,8.4104e-06
1841,23,0.000162243
1841,24,0.000361254
1841,25,8.80986e-06
1842,23,0.000158608
1842,24,0.000365915
1842,25,9.21656e-06
1843,23,0.00015504
1843,24,0.000370618
1843,25,9.63073e-06
1844,23,0.000151519
1844,24,0.000375375
1844,25,1.00626e-05
1845,23,0.000148065
1845,24,0.000380155
1845,25,1.05229e-05
1846,23,0.000144656
1846,24,0.000384987
1846,25,1.10027e-05
1847,23,0.000141307
1847,24,0.000389841
1847,25,1.15129e-05
1848,23,0.000138064
1848,24,0.000394757
1848,25,1.20343e-05
1849,23,0.00013482
1849,24,0.000399714
1849,25,1.25779e-05
1850,23,0.000131631
1850,24,0.000404712
1850,25,1.31444e-05
1851,23,0.000128497
1851,24,0.000409759
1851,25,1.37248e-05
1852,23,0.000125417
1852,24,0.000414846
1852,25,1.43295e-05
1853,23,0.000122401
1853,24,0.000419952
1853,25,1.49696e-05
1854,23,0.000119428
1854,24,0.000425085
1854,25,1.56564e-05
1855,23,0.000116518
1855,24,0.000430255
1855,25,1.63618e-05
1856,23,0.000113661
1856,24,0.000435481
1856,25,1.70866e-05
1857,23,0.000110876
1857,24,0.000440742
1857,25,1.78314e-05
1858,23,0.00010811
1858,24,0.000446057
1858,25,1.8597e-05
1859,23,0.000105379
1859,24,0.000451395
1859,25,1.9404e-05
1860,23,0.000102699
1860,24,0.000456765
1860,25,2.02437e-05
1861,23,9.99805e-05
1861,24,0.000462166
1861,25,2.11178e-05
1862,23,9.74349e-05
1862,24,0.000467566
1862,25,2.20574e-05
1863,23,9.49281e-05
1863,24,0.000473004
1863,25,2.30252e-05
1864,23,9.24695e-05
1864,24,0.000478468
1864,25,2.4022e-05
1865,23,9.00585e-05
1865,24,0.000483967
1865,25,2.50588e-05
1866,23,8.77046e-05
1866,24,0.000489489
1866,25,2.61369e-05
1867,23,8.53975e-05
1867,24,0.000495023
1867,25,2.72681e-05
1868,23,8.30966e-05
1868,24,0.000500586
1868,25,2.84345e-05
1869,23,8.08714e-05
1869,24,0.000506157
1869,25,2.96572e-05
1870,23,7.87113e-05
1870,24,0.000511723
1870,25,3.09383e-05
1871,23,7.6556e-05
1871,24,0.000517313
1871,25,3.22697e-05
1872,23,7.4439e-05
1872,24,0.000522925
1872,25,3.36433e-05
1873,23,7.24352e-05
1873,24,0.000528555
1873,25,3.50505e-05
1874,23,7.04317e-05
1874,24,0.000534173
1874,25,3.65324e-05
1875,23,6.84815e-05
1875,24,0.000539786
1875,25,3.80816e-05
1876,23,6.65673e-05
1876,24,0.000545421
1876,25,3.96706e-05
1877,23,6.47089e-05
1877,24,0.000551055
1877,25,4.13306e-05
1878,23,6.28812e-05
1878,24,0.000556686
1878,25,4.3054e-05
1879,23,6.10483e-05
1879,24,0.000562301
1879,25,4.48529e-05
1880,23,5.92447e-05
1880,24,0.000567917
1880,25,4.67099e-05
1881,23,5.75601e-05
1881,24,0.000573522
1881,25,4.86365e-05
1882,23,5.59037e-05
1882,24,0.000579101
1882,25,5.0635e-05
1883,23,5.42747e-05
1883,24,0.000584684
1883,25,5.26979e-05
1884,23,5.2723e-05
1884,24,0.000590235
1884,25,5.48367e-05
1885,23,5.11277e-05
1885,24,0.000595762
1885,25,5.7064e-05
1886,23,4.96185e-05
1886,24,0.000601262
1886,25,5.93625e-05
1887,23,4.80947e-05
1887,24,0.000606731
1887,25,6.17444e-05
1888,23,4.66355e-05
1888,24,0.000612145
1888,25,6.42323e-05
1889,23,4.52606e-05
1889,24,0.000617551
1889,25,6.67797e-05
1890,23,4.38394e-05
1890,24,0.000622886
1890,25,6.94475e-05
1891,23,4.24114e-05
1891,24,0.000628174
1891,25,7.221e-05
1892,23,4.1076e-05
1892,24,0.000633403
1892,25,7.50798e-05
1893,23,3.98027e-05
1893,24,0.000638598
1893,25,7.80298e-05
1894,23,3.8531e-05
1894,24,0.000643725
1894,25,8.10818e-05
1894,26,1e-08
1895,23,3.73004e-05
1895,24,0.000648801
1895,25,8.42291e-05
1895,26,1e-08
1896,23,3.61003e-05
1896,24,0.000653782
1896,25,8.75136e-05
1896,26,3e-08
1897,23,3.49402e-05
1897,24,0.000658723
1897,25,9.08895e-05
1897,26,1e-08
1898,23,3.38096e-05
1898,24,0.000663579
1898,25,9.43789e-05
1898,26,2e-08
1899,23,3.26981e-05
1899,24,0.000668357
1899,25,9.79946e-05
1900,23,3.1625e-05
1900,24,0.000673053
1900,25,0.00010172
1900,26,1e-08
1901,23,3.05899e-05
1901,24,0.000677671
1901,25,0.000105568
1902,23,2.95723e-05
1902,24,0.000682218
1902,25,0.000109512
1902,26,1e-08
1903,23,2.85717e-05
1903,24,0.000686629
1903,25,0.000113623
1903,26,2e-08
1904,23,2.75976e-05
1904,24,0.000690969
1904,25,0.000117845
1904,26,3e-08
1905,23,2.66704e-05
1905,24,0.000695184
1905,25,0.000122211
1905,26,2e-08
1906,23,2.57573e-05
1906,24,0.00069926
1906,25,0.000126745
1906,26,1e-08
1907,23,2.48693e-05
1907,24,0.000703242
1907,25,0.00013141
1907,26,3e-08
1908,23,2.40497e-05
1908,24,0.000707115
1908,25,0.000136208
1908,26,4e-08
1909,23,2.32083e-05
1909,24,0.000710855
1909,25,0.000141164
1909,26,4e-08
1910,23,2.23907e-05
1910,24,0.000714497
1910,25,0.00014624
1910,26,5e-08
1911,23,2.15962e-05
1911,24,0.000717996
1911,25,0.000151467
1911,26,3e-08
1912,23,2.08245e-05
1912,24,0.000721359
1912,25,0.000156859
1913,23,2.00751e-05
1913,24,0.000724581
1913,25,0.000162408
1914,23,1.93475e-05
1914,24,0.000727628
1914,25,0.000168148
1915,23,1.86413e-05
1915,24,0.000730544
1915,25,0.000174032
1916,23,1.79194e-05
1916,24,0.000733306
1916,25,0.000180073
1916,26,1e-08
1917,23,1.72491e-05
1917,24,0.000735899
1917,25,0.000186292
1917,26,1e-08
1918,23,1.65686e-05
1918,24,0.00073836
1918,25,0.000192652
1918,26,3e-08
1919,23,1.59375e-05
1919,24,0.000740623
1919,25,0.000199226
1919,26,4e-08
1920,23,1.53354e-05
1920,24,0.000742735
1920,25,0.000205946
1920,26,9e-08
1921,23,1.47519e-05
1921,24,0.000744662
1921,25,0.000212854
1921,26,1.4e-07
1922,23,1.41866e-05
1922,24,0.000746419
1922,25,0.000219933
1922,26,1.3e-07
1923,23,1.3639e-05
1923,24,0.000747994
1923,25,0.000227184
1923,26,1.8e-07
1924,23,1.31087e-05
1924,24,0.000749402
1924,25,0.000234599
1924,26,2.06515e-07
1925,23,1.25954e-05
1925,24,0.00075058
1925,25,0.000242239
1925,26,2.43821e-07
1926,23,1.20986e-05
1926,24,0.000751605
1926,25,0.000250047
1926,26,2.81948e-07
1927,23,1.16179e-05
1927,24,0.000752403
1927,25,0.000258064
1927,26,2.50433e-07
1928,23,1.1153e-05
1928,24,0.000752991
1928,25,0.000266271
1928,26,2.99291e-07
1929,23,1.07034e-05
1929,24,0.000753385
1929,25,0.00027465
1929,26,3.78533e-07
1930,23,1.02689e-05
1930,24,0.000753555
1930,25,0.000283242
1930,26,4.0402e-07
1931,23,9.84895e-06
1931,24,0.000753536
1931,25,0.000292018
1931,26,4.30683e-07
1932,23,9.44326e-06
1932,24,0.000753326
1932,25,0.000300978
1932,26,5.09096e-07
1933,23,9.05147e-06
1933,24,0.000752902
1933,25,0.000310131
1933,26,5.5885e-07
1934,23,8.6732e-06
1934,24,0.000752244
1934,25,0.0003195
1934,26,5.84237e-07
1935,23,8.30811e-06
1935,24,0.000751359
1935,25,0.000329073
1935,26,6.10719e-07
1936,23,7.95584e-06
1936,24,0.000750265
1936,25,0.000338831
1936,26,6.68805e-07
1937,23,7.61607e-06
1937,24,0.000748961
1937,25,0.000348774
1937,26,7.08082e-07
1938,23,7.28844e-06
1938,24,0.000747455
1938,25,0.0003589
1938,26,7.59107e-07
1939,23,6.97263e-06
1939,24,0.000745697
1939,25,0.000369227
1939,26,8.01428e-07
1940,23,6.66831e-06
1940,24,0.000743745
1940,25,0.000379716
1940,26,8.66005e-07
1941,23,6.37516e-06
1941,24,0.00074154
1941,25,0.000390412
1941,26,9.22961e-07
1942,23,6.09287e-06
1942,24,0.00073913
1942,25,0.000401276
1942,26,1.01233e-06
1943,23,5.82112e-06
1943,24,0.000736466
1943,25,0.000412365
1943,26,1.08094e-06
1944,23,5.55961e-06
1944,24,0.000733579
1944,25,0.000423616
1944,26,1.17255e-06
1945,23,5.30804e-06
1945,24,0.000730487
1945,25,0.000435067
1945,26,1.22828e-06
1946,23,5.06612e-06
1946,24,0.000727173
1946,25,0.000446656
1946,26,1.32633e-06
1947,23,4.83355e-06
1947,24,0.000723626
1947,25,0.000458457
1947,26,1.3987e-06
1948,23,4.61005e-06
1948,24,0.000719859
1948,25,0.000470418
1948,26,1.48424e-06
1949,23,4.39535e-06
1949,24,0.000715883
1949,25,0.000482545
1949,26,1.56332e-06
1950,23,4.18917e-06
1950,24,0.000711688
1950,25,0.000494813
1950,26,1.66561e-06
1951,23,3.99125e-06
1951,24,0.000707268
1951,25,0.000507257
1951,26,1.76214e-06
1952,23,3.80132e-06
1952,24,0.000702645
1952,25,0.000519822
1952,26,1.88272e-06
1953,23,3.61913e-06
1953,24,0.000697821
1953,25,0.000532552
1953,26,1.97833e-06
1954,23,3.44443e-06
1954,24,0.000692809
1954,25,0.000545412
1954,26,2.0677e-06
1955,23,3.27697e-06
1955,24,0.000687571
1955,25,0.000558395
1955,26,2.19053e-06
1956,23,3.11651e-06
1956,24,0.000682141
1956,25,0.000571525
1956,26,2.28834e-06
1957,23,2.96282e-06
1957,24,0.000676493
1957,25,0.000584764
1957,26,2.41986e-06
1958,23,2.81566e-06
1958,24,0.00067066
1958,25,0.000598096
1958,26,2.56648e-06
1959,23,2.67481e-06
1959,24,0.000664607
1959,25,0.000611582
1959,26,2.69845e-06
1960,23,2.54006e-06
1960,24,0.000658387
1960,25,0.000625126
1960,26,2.85554e-06
1961,23,2.41119e-06
1961,24,0.000652006
1961,25,0.000638738
1961,26,3.01869e-06
1962,23,2.28799e-06
1962,24,0.000645437
1962,25,0.000652439
1962,26,3.17805e-06
1963,23,2.17026e-06
1963,24,0.000638696
1963,25,0.00066622
1963,26,3.33328e-06
1964,23,2.0578e-06
1964,24,0.000631778
1964,25,0.000680062
1964,26,3.50409e-06
1965,23,1.95042e-06
1965,24,0.000624699
1965,25,0.000693935
1965,26,3.72106e-06
1966,23,1.84792e-06
1966,24,0.000617474
1966,25,0.000707859
1966,26,3.91521e-06
1967,23,1.75013e-06
1967,24,0.000610088
1967,25,0.000721824
1967,26,4.12579e-06
1968,23,1.65687e-06
1968,24,0.000602558
1968,25,0.000735809
1968,26,4.33356e-06
1969,23,1.56797e-06
1969,24,0.00059488
1969,25,0.000749823
1969,26,4.53826e-06
1970,23,1.48324e-06
1970,24,0.00058707
1970,25,0.000763835
1970,26,4.74989e-06
1971,23,1.40254e-06
1971,24,0.000579125
1971,25,0.000777835
1971,26,4.98827e-06
1972,23,1.32571e-06
1972,24,0.000571081
1972,25,0.000791809
1972,26,5.18404e-06
1973,23,1.25258e-06
1973,24,0.000562926
1973,25,0.000805747
1973,26,5.41682e-06
1974,23,1.18301e-06
1974,24,0.000554675
1974,25,0.000819596
1974,26,5.65676e-06
1975,23,1.11686e-06
1975,24,0.000546295
1975,25,0.000833412
1975,26,5.92467e-06
1976,23,1.05397e-06
1976,24,0.000537845
1976,25,0.000847115
1976,26,6.24076e-06
1977,23,9.94229e-07
1977,24,0.00052932
1977,25,0.000860759
1977,26,6.52599e-06
1978,23,9.37489e-07
1978,24,0.000520709
1978,25,0.000874284
1978,26,6.84958e-06
1979,23,8.83624e-07
1979,24,0.000512027
1979,25,0.000887716
1979,26,7.13233e-06
1980,23,8.32513e-07
1980,24,0.000503283
1980,25,0.000901021
1980,26,7.40385e-06
1981,23,7.84036e-07
1981,24,0.000494474
1981,25,0.000914178
1981,26,7.74826e-06
1982,23,7.38076e-07
1982,24,0.000485638
1982,25,0.000927171
1982,26,8.0626e-06
1983,23,6.94523e-07
1983,24,0.00047676
1983,25,0.000939999
1983,26,8.40687e-06
1984,23,6.53268e-07
1984,24,0.00046784
1984,25,0.000952688
1984,26,8.76076e-06
1985,23,6.14208e-07
1985,24,0.000458894
1985,25,0.000965195
1985,26,9.04343e-06
1986,23,5.77242e-07
1986,24,0.000449949
1986,25,0.000977417
1986,26,9.445e-06
1987,23,5.42274e-07
1987,24,0.000441002
1987,25,0.000989441
1987,26,9.80728e-06
1988,23,5.0921e-07
1988,24,0.000432011
1988,25,0.00100125
1988,26,1.02197e-05
1989,23,4.77961e-07
1989,24,0.000423023
1989,25,0.00101281
1989,26,1.0603e-05
1990,23,4.48441e-07
1990,24,0.000414075
1990,25,0.00102413
1990,26,1.09881e-05
1991,23,4.20567e-07
1991,24,0.000405113
1991,25,0.00103516
1991,26,1.1433e-05
1992,23,3.94259e-07
1992,24,0.000396185
1992,25,0.00104593
1992,26,1.18692e-05
1993,23,3.6944e-07
1993,24,0.000387278
1993,25,0.00105638
1993,26,1.23266e-05
1994,23,3.46036e-07
1994,24,0.000378462
1994,25,0.00106651
1994,26,1.28156e-05
1995,23,3.23978e-07
1995,24,0.000369654
1995,25,0.00107634
1995,26,1.33067e-05
1996,23,3.03197e-07
1996,24,0.000360905
1996,25,0.00108584
1996,26,1.37693e-05
1997,23,2.83629e-07
1997,24,0.000352191
1997,25,0.00109503
1997,26,1.42437e-05
1998,23,2.6521e-07
1998,24,0.000343559
1998,25,0.00110383
1998,26,1.47495e-05
1999,23,2.47883e-07
1999,24,0.000335016
1999,25,0.0011123
1999,26,1.52575e-05
2000,23,2.31589e-07
2000,24,0.000326502
2000,25,0.0011204
2000,26,1.5787e-05
2001,23,2.16274e-07
2001,24,0.000318077
2001,25,0.00112813
2001,26,1.63082e-05
2002,23,2.01885e-07
2002,24,0.000309724
2002,25,0.00113549
2002,26,1.68409e-05
2003,23,1.88375e-07
2003,24,0.00030147
2003,25,0.00114243
2003,26,1.74152e-05
2004,23,1.75693e-07
2004,24,0.000293342
2004,25,0.00114898
2004,26,1.79816e-05
2005,23,1.63796e-07
2005,24,0.000285286
2005,25,0.0011551
2005,26,1.85597e-05
2006,23,1.5264e-07
2006,24,0.000277312
2006,25,0.00116082
2006,26,1.91701e-05
2007,23,1.42183e-07
2007,24,0.000269474
2007,25,0.00116609
2007,26,1.97926e-05
2008,23,1.32387e-07
2008,24,0.000261734
2008,25,0.00117094
2008,26,2.04273e-05
2009,23,1.23214e-07
2009,24,0.000254087
2009,25,0.00117538
2009,26,2.10542e-05
2010,23,1.14628e-07
2010,24,0.000246577
2010,25,0.00117937
2010,26,2.17137e-05
2011,23,1.06595e-07
2011,24,0.000239186
2011,25,0.00118288
2011,26,2.24359e-05
2012,23,1.2e-07
2012,24,0.000231921
2012,25,0.00118599
2012,26,2.3111e-05
2013,23,1.11498e-07
2013,24,0.000224751
2013,25,0.00118865
2013,26,2.37983e-05
2014,23,1.03555e-07
2014,24,0.000217768
2014,25,0.00119086
2014,26,2.45182e-05
2015,23,4e-08
2015,24,0.000210825
2015,25,0.00119262
2015,26,2.52211e-05
2016,23,1e-08
2016,24,0.000204042
2016,25,0.00119395
2016,26,2.59567e-05
2017,23,1e-08
2017,24,0.000197412
2017,25,0.00119482
2017,26,2.67052e-05
2018,23,1e-08
2018,24,0.000190936
2018,25,0.00119523
2018,26,2.74665e-05
2019,23,2e-08
2019,24,0.000184586
2019,25,0.00119518
2019,26,2.82709e-05
2020,23,2e-08
2020,24,0.000178372
2020,25,0.00119475
2020,26,2.90186e-05
2021,23,2e-08
2021,24,0.000172285
2021,25,0.00119386
2021,26,2.98385e-05
2022,23,1e-08
2022,24,0.000166336
2022,25,0.00119252
2022,26,3.06509e-05
2023,23,1e-08
2023,24,0.000160526
2023,25,0.00119076
2023,26,3.15061e-05
2024,24,0.000154875
2024,25,0.00118855
2024,26,3.23544e-05
2025,24,0.000149361
2025,25,0.0011859
2025,26,3.32049e-05
2026,24,0.000143976
2026,25,0.00118284
2026,26,3.40721e-05
2027,24,0.000138728
2027,25,0.00117937
2027,26,3.49423e-05
2028,24,0.000133618
2028,25,0.00117548
2028,26,3.5835e-05
2029,24,0.000128644
2029,25,0.00117116
2029,26,3.67407e-05
2030,24,0.000123806
2030,25,0.0011665
2030,26,3.76195e-05
2031,24,0.000119102
2031,25,0.00116142
2031,26,3.85504e-05
2032,24,0.000114532
2032,25,0.00115597
2032,26,3.94939e-05
2033,24,0.000110104
2033,25,0.00115013
2033,26,4.04702e-05
2034,24,0.000105797
2034,25,0.00114397
2034,26,4.14201e-05
2035,24,0.000101619
2035,25,0.00113745
2035,26,4.24023e-05
2036,24,9.7578e-05
2036,25,0.00113055
2036,26,4.34177e-05
2037,24,9.36661e-05
2037,25,0.00112336
2037,26,4.44064e-05
2038,24,8.98402e-05
2038,25,0.00111583
2038,26,4.54275e-05
2039,24,8.61859e-05
2039,25,0.00110801
2039,26,4.64416e-05
2040,24,8.26411e-05
2040,25,0.00109988
2040,26,4.74783e-05
2041,24,7.92238e-05
2041,25,0.00109143
2041,26,4.85579e-05
2042,24,7.59042e-05
2042,25,0.00108271
2042,26,4.96211e-05
2043,24,7.26877e-05
2043,25,0.00107372
2043,26,5.07174e-05
2044,24,6.96038e-05
2044,25,0.00106449
2044,26,5.17971e-05
2045,24,6.66061e-05
2045,25,0.00105503
2045,26,5.28799e-05
2046,24,6.37587e-05
2046,25,0.00104531
2046,26,5.39855e-05
2047,24,6.09689e-05
2047,25,0.00103538
2047,26,5.51043e-05
2048,24,5.8291e-05
2048,25,0.00102522
2048,26,5.62463e-05
2049,24,5.57118e-05
2049,25,0.00101486
2049,26,5.73919e-05
2050,24,5.31998e-05
2050,25,0.00100431
2050,26,5.8551e-05
2051,24,5.08074e-05
2051,25,0.000993589
2051,26,5.97342e-05
2052,24,4.85165e-05
2052,25,0.000982706
2052,26,6.09114e-05
2053,24,4.63039e-05
2053,25,0.000971696
2053,26,6.20721e-05
2054,24,4.41774e-05
2054,25,0.000960491
2054,26,6.32962e-05
2055,24,4.21344e-05
2055,25,0.000949132
2055,26,6.45546e-05
2056,24,4.01725e-05
2056,25,0.000937669
2056,26,6.58075e-05
2057,24,3.82792e-05
2057,25,0.000926095
2057,26,6.70746e-05
2058,24,3.64822e-05
2058,25,0.000914429
2058,26,6.83466e-05
2059,24,3.47691e-05
2059,25,0.000902681
2059,26,6.96229e-05
2060,24,3.31175e-05
2060,25,0.000890853
2060,26,7.09145e-05
2061,24,3.15351e-05
2061,25,0.000878933
2061,26,7.2241e-05
2062,24,3.00296e-05
2062,25,0.000866953
2062,26,7.35829e-05
2063,24,2.85487e-05
2063,25,0.000854921
2063,26,7.49402e-05
2064,24,2.71603e-05
2064,25,0.000842868
2064,26,7.62934e-05
2065,24,2.58154e-05
2065,25,0.000830763
2065,26,7.76822e-05
2066,24,2.4582e-05
2066,25,0.000818634
2066,26,7.90869e-05
2067,24,2.33667e-05
2067,25,0.0008065
2067,26,8.0498e-05
2068,24,2.217e-05
2068,25,0.00079435
2068,26,8.19358e-05
2069,24,2.10275e-05
2069,25,0.000782213
2069,26,8.33805e-05
2070,24,1.99746e-05
2070,25,0.000770095
2070,26,8.48322e-05
2071,24,1.89596e-05
2071,25,0.000757985
2071,26,8.63115e-05
2072,24,1.80006e-05
2072,25,0.0007459
2072,26,8.78086e-05
2073,24,1.70758e-05
2073,25,0.000733858
2073,26,8.93139e-05
2074,24,1.62034e-05
2074,25,0.000721844
2074,26,9.08476e-05
2075,24,1.53718e-05
2075,25,0.000709857
2075,26,9.24203e-05
2076,24,1.45794e-05
2076,25,0.000697942
2076,26,9.39925e-05
2077,24,1.38244e-05
2077,25,0.000686096
2077,26,9.55739e-05
2078,24,1.31055e-05
2078,25,0.000674334
2078,26,9.71547e-05
2079,24,1.24211e-05
2079,25,0.000662601
2079,26,9.87853e-05
2079,27,1e-08
2080,24,1.17696e-05
2080,25,0.000650944
2080,26,0.000100436
2080,27,4e-08
2081,24,1.11499e-05
2081,25,0.000639367
2081,26,0.000102118
2081,27,4e-08
2082,24,1.05603e-05
2082,25,0.000627886
2082,26,0.000103801
2082,27,4e-08
2083,24,9.9998e-06
2083,25,0.000616494
2083,26,0.000105506
2083,27,5e-08
2084,24,9.46694e-06
2084,25,0.000605176
2084,26,0.000107262
2084,27,3e-08
2085,24,8.96055e-06
2085,25,0.000593997
2085,26,0.000108991
2085,27,3e-08
2086,24,8.47945e-06
2086,25,0.000582929
2086,26,0.000110732
2086,27,6e-08
2087,24,8.02251e-06
2087,25,0.000571956
2087,26,0.000112507
2087,27,7e-08
2088,24,7.58863e-06
2088,25,0.000561051
2088,26,0.000114344
2088,27,8e-08
2089,24,7.17676e-06
2089,25,0.000550298
2089,26,0.000116175
2089,27,1e-07
2090,24,6.78588e-06
2090,25,0.00053966
2090,26,0.000118021
2090,27,6e-08
2091,24,6.41502e-06
2091,25,0.000529149
2091,26,0.000119891
2091,27,5e-08
2092,24,6.06325e-06
2092,25,0.000518746
2092,26,0.000121786
2092,27,5e-08
2093,24,5.72967e-06
2093,25,0.000508446
2093,26,0.000123737
2093,27,7e-08
2094,24,5.41342e-06
2094,25,0.000498279
2094,26,0.000125693
2094,27,8e-08
2095,24,5.11366e-06
2095,25,0.000488229
2095,26,0.000127686
2095,27,1.2e-07
2096,24,4.82961e-06
2096,25,0.000478326
2096,26,0.000129696
2096,27,9e-08
2097,24,4.56051e-06
2097,25,0.000468561
2097,26,0.000131724
2097,27,8e-08
2098,24,4.30563e-06
2098,25,0.000458907
2098,26,0.000133799
2098,27,1.3e-07
2099,24,4.06427e-06
2099,25,0.000449404
2099,26,0.000135883
2099,27,1.5397e-07
2100,24,3.83578e-06
2100,25,0.000440022
2100,26,0.000138006
2100,27,1.88068e-07
2101,24,3.6195e-06
2101,25,0.000430784
2101,26,0.000140149
2101,27,1.923e-07
2102,24,3.41483e-06
2102,25,0.000421659
2102,26,0.000142341
2102,27,2.16668e-07
2103,24,3.2212e-06
2103,25,0.000412669
2103,26,0.000144555
2103,27,2.41176e-07
2104,24,3.03804e-06
2104,25,0.000403844
2104,26,0.000146769
2104,27,2.59556e-07
2105,24,2.86482e-06
2105,25,0.000395123
2105,26,0.000149055
2105,27,2.68535e-07
2106,24,2.70104e-06
2106,25,0.000386547
2106,26,0.000151354
2106,27,2.87794e-07
2107,24,2.54622e-06
2107,25,0.000378096
2107,26,0.000153695
2107,27,3.07674e-07
2108,24,2.39989e-06
2108,25,0.0003698
2108,26,0.00015605
2108,27,3.28193e-07
2109,24,2.26161e-06
2109,25,0.000361619
2109,26,0.000158459
2109,27,3.49384e-07
2110,24,2.13097e-06
2110,25,0.000353582
2110,26,0.000160902
2110,27,3.61266e-07
2111,24,2.00757e-06
2111,25,0.0003457
2111,26,0.00016336
2111,27,3.73512e-07
2112,24,1.89103e-06
2112,25,0.00033795
2112,26,0.000165855
2112,27,3.86131e-07
2113,24,1.78099e-06
2113,25,0.000330323
2113,26,0.000168396
2113,27,3.99134e-07
2114,24,1.6771e-06
2114,25,0.000322828
2114,26,0.000170964
2114,27,4.22531e-07
2115,24,1.57904e-06
2115,25,0.000315464
2115,26,0.000173569
2115,27,4.46659e-07
2116,24,1.48649e-06
2116,25,0.00030822
2116,26,0.000176223
2116,27,4.71554e-07
2117,24,1.39917e-06
2117,25,0.000301117
2117,26,0.000178916
2117,27,4.87221e-07
2118,24,1.31679e-06
2118,25,0.000294132
2118,26,0.000181648
2118,27,5.13356e-07
2119,24,1.23909e-06
2119,25,0.000287284
2119,26,0.00018442
2119,27,5.30311e-07
2120,24,1.1658e-06
2120,25,0.000280553
2120,26,0.000187234
2120,27,5.57771e-07
2121,24,1.0967e-06
2121,25,0.000273948
2121,26,0.000190089
2121,27,5.86085e-07
2122,24,1.03156e-06
2122,25,0.000267487
2122,26,0.000192976
2122,27,6.05259e-07
2123,24,9.70146e-07
2123,25,0.000261148
2123,26,0.000195906
2123,27,6.24999e-07
2124,24,9.12268e-07
2124,25,0.000254921
2124,26,0.000198879
2124,27,6.5532e-07
2125,24,8.57728e-07
2125,25,0.000248825
2125,26,0.000201897
2125,27,6.76568e-07
2126,24,8.0634e-07
2126,25,0.000242837
2126,26,0.00020497
2126,27,6.98436e-07
2127,24,7.5793e-07
2127,25,0.000236977
2127,26,0.000208068
2127,27,7.30942e-07
2128,24,7.12332e-07
2128,25,0.000231222
2128,26,0.000211223
2128,27,7.6443e-07
2129,24,6.6939e-07
2129,25,0.000225593
2129,26,0.000214424
2129,27,7.8891e-07
2130,24,6.28955e-07
2130,25,0.000220056
2130,26,0.000217684
2130,27,8.24097e-07
2131,24,5.90885e-07
2131,25,0.000214642
2131,26,0.000220982
2131,27,8.60333e-07
2132,24,5.55048e-07
2132,25,0.000209348
2132,26,0.000224328
2132,27,8.8763e-07
2133,24,5.21317e-07
2133,25,0.000204153
2133,26,0.000227735
2133,27,9.15707e-07
2134,24,4.89574e-07
2134,25,0.000199065
2134,26,0.000231172
2134,27,9.64583e-07
2135,24,4.59705e-07
2135,25,0.000194093
2135,26,0.00023466
2135,27,1.00491e-06
2136,24,4.31603e-07
2136,25,0.000189225
2136,26,0.0002382
2136,27,1.04641e-06
2137,24,4.05168e-07
2137,25,0.00018445
2137,26,0.000241812
2137,27,1.07912e-06
2138,24,3.80304e-07
2138,25,0.000179776
2138,26,0.000245478
2138,27,1.11274e-06
2139,24,3.56921e-07
2139,25,0.000175201
2139,26,0.000249188
2139,27,1.15731e-06
2140,24,3.34933e-07
2140,25,0.000170725
2140,26,0.000252943
2140,27,1.21316e-06
2141,24,3.14261e-07
2141,25,0.000166335
2141,26,0.000256763
2141,27,1.27064e-06
2142,24,2.94828e-07
2142,25,0.000162051
2142,26,0.000260628
2142,27,1.32975e-06
2143,24,2.76561e-07
2143,25,0.00015786
2143,26,0.000264561
2143,27,1.38057e-06
2144,24,2.59395e-07
2144,25,0.00015377
2144,26,0.00026854
2144,27,1.43283e-06
2145,24,2.43263e-07
2145,25,0.000149761
2145,26,0.000272588
2145,27,1.48654e-06
2146,24,2.28106e-07
2146,25,0.000145851
2146,26,0.000276685
2146,27,1.54175e-06
2147,24,2.13866e-07
2147,25,0.000142018
2147,26,0.000280851
2147,27,1.59851e-06
2148,24,2.00491e-07
2148,25,0.000138271
2148,26,0.000285077
2148,27,1.65683e-06
2149,24,1.87928e-07
2149,25,0.000134598
2149,26,0.000289374
2149,27,1.71676e-06
2150,24,1.76131e-07
2150,25,0.000131018
2150,26,0.000293733
2150,27,1.76833e-06
2151,24,1.65053e-07
2151,25,0.000127509
2151,26,0.000298144
2151,27,1.84128e-06
2152,24,1.54653e-07
2152,25,0.000124101
2152,26,0.000302607
2152,27,1.90623e-06
2153,24,1.4489e-07
2153,25,0.00012076
2153,26,0.000307154
2153,27,1.96294e-06
2154,24,1.35726e-07
2154,25,0.000117507
2154,26,0.000311746
2154,27,2.03116e-06
2155,24,1.27125e-07
2155,25,0.000114318
2155,26,0.000316412
2155,27,2.10119e-06
2156,24,1.19055e-07
2156,25,0.000111214
2156,26,0.000321134
2156,27,2.17307e-06
2157,24,1.11482e-07
2157,25,0.000108172
2157,26,0.000325921
2157,27,2.25685e-06
2158,24,1.04378e-07
2158,25,0.000105211
2158,26,0.000330765
2158,27,2.34289e-06
2159,24,1.1e-07
2159,25,0.00010232
2159,26,0.000335686
2159,27,2.42121e-06
2160,24,1.02964e-07
2160,25,9.94877e-05
2160,26,0.000340684
2160,27,2.50156e-06
2161,24,9e-08
2161,25,9.67222e-05
2161,26,0.000345741
2161,27,2.59401e-06
2162,24,9e-08
2162,25,9.40326e-05
2162,26,0.000350856
2162,27,2.68889e-06
2163,24,8e-08
2163,25,9.14073e-05
2163,26,0.00035605
2163,27,2.77624e-06
2164,24,6e-08
2164,25,8.88451e-05
2164,26,0.000361314
2164,27,2.86583e-06
2165,24,8e-08
2165,25,8.63447e-05
2165,26,0.000366637
2165,27,2.96771e-06
2166,24,8e-08
2166,25,8.39049e-05
2166,26,0.000372031
2166,27,3.07217e-06
2167,24,5e-08
2167,25,8.15244e-05
2167,26,0.000377496
2167,27,3.1793e-06
2168,24,4e-08
2168,25,7.9202e-05
2168,26,0.000383032
2168,27,3.28912e-06
2169,24,4e-08
2169,25,7.69365e-05
2169,26,0.000388649
2169,27,3.39141e-06
2170,24,6e-08
2170,25,7.47268e-05
2170,26,0.000394328
2170,27,3.49623e-06
2171,24,5e-08
2171,25,7.25717e-05
2171,26,0.000400069
2171,27,3.62388e-06
2172,24,5e-08
2172,25,7.04701e-05
2172,26,0.000405902
2172,27,3.73442e-06
2173,24,4e-08
2173,25,6.84208e-05
2173,26,0.000411787
2173,27,3.86737e-06
2174,24,4e-08
2174,25,6.64227e-05
2174,26,0.000417755
2174,27,4.00358e-06
2175,24,3e-08
2175,25,6.44748e-05
2175,26,0.000423786
2175,27,4.15259e-06
2176,24,4e-08
2176,25,6.2576e-05
2176,26,0.000429889
2176,27,4.30497e-06
2177,24,3e-08
2177,25,6.07253e-05
2177,26,0.000436076
2177,27,4.4508e-06
2178,24,5e-08
2178,25,5.89215e-05
2178,26,0.000442325
2178,27,4.56959e-06
2179,24,2e-08
2179,25,5.71638e-05
2179,26,0.000448677
2179,27,4.68167e-06
2180,24,4e-08
2180,25,5.54511e-05
2180,26,0.000455082
2180,27,4.81653e-06
2181,24,3e-08
2181,25,5.37824e-05
2181,26,0.00046154
2181,27,4.99479e-06
2182,24,2e-08
2182,25,5.21569e-05
2182,26,0.00046807
2182,27,5.19646e-06
2183,24,1e-08
2183,25,5.05734e-05
2183,26,0.000474703
2183,27,5.32189e-06
2184,24,2e-08
2184,25,4.90312e-05
2184,26,0.000481387
2184,27,5.4606e-06
2185,24,4e-08
2185,25,4.75293e-05
2185,26,0.000488133
2185,27,5.62288e-06
2186,24,1e-08
2186,25,4.60668e-05
2186,26,0.00049496
2186,27,5.82907e-06
2187,24,1e-08
2187,25,4.46428e-05
2187,26,0.000501868
2187,27,6.01924e-06
2188,24,2e-08
2188,25,4.32565e-05
2188,26,0.000508857
2188,27,6.18639e-06
2189,24,3e-08
2189,25,4.19071e-05
2189,26,0.000515925
2189,27,6.3472e-06
2190,24,1e-08
2190,25,4.05936e-05
2190,26,0.000523053
2190,27,6.51148e-06
2191,24,1e-08
2191,25,3.93154e-05
2191,26,0.000530239
2191,27,6.69927e-06
2192,25,3.80716e-05
2192,26,0.000537493
2192,27,6.89088e-06
2193,25,3.68614e-05
2193,26,0.000544804
2193,27,7.0766e-06
2194,25,3.5684e-05
2194,26,0.000552181
2194,27,7.31623e-06
2195,25,3.45388e-05
2195,26,0.000559622
2195,27,7.51043e-06
2196,25,3.34249e-05
2196,26,0.000567107
2196,27,7.75904e-06
2197,25,3.23417e-05
2197,26,0.000574685
2197,27,7.97225e-06
2198,25,3.12884e-05
2198,26,0.000582303
2198,27,8.18985e-06
2199,25,3.02644e-05
2199,26,0.000589982
2199,27,8.50215e-06
2200,25,2.92689e-05
2200,26,0.000597719
2200,27,8.74521e-06
2201,25,2.83013e-05
2201,26,0.000605543
2201,27,8.94376e-06
2202,25,2.7361e-05
2202,26,0.000613423
2202,27,9.1771e-06
2203,25,2.64473e-05
2203,26,0.000621337
2203,27,9.43527e-06
2204,25,2.55596e-05
2204,26,0.000629303
2204,27,9.6892e-06
2205,25,2.46972e-05
2205,26,0.00063729
2205,27,9.98875e-06
2206,25,2.38596e-05
2206,26,0.000645374
2206,27,1.02445e-05
2207,25,2.30461e-05
2207,26,0.000653484
2207,27,1.05154e-05
2208,25,2.22562e-05
2208,26,0.000661638
2208,27,1.0812e-05
2209,25,2.14894e-05
2209,26,0.000669824
2209,27,1.11242e-05
2210,25,2.0745e-05
2210,26,0.000678059
2210,27,1.14224e-05
2211,25,2.00225e-05
2211,26,0.000686341
2211,27,1.16971e-05
2212,25,1.93215e-05
2212,26,0.000694667
2212,27,1.19775e-05
2213,25,1.86413e-05
2213,26,0.000702994
2213,27,1.23138e-05
2214,25,1.79814e-05
2214,26,0.00071136
2214,27,1.26463e-05
2215,25,1.73414e-05
2215,26,0.000719752
2215,27,1.2945e-05
2216,25,1.67207e-05
2216,26,0.000728166
2216,27,1.329e-05
2217,25,1.61189e-05
2217,26,0.000736579
2217,27,1.36414e-05
2218,25,1.55356e-05
2218,26,0.000745009
2218,27,1.40297e-05
2219,25,1.49701e-05
2219,26,0.00075349
2219,27,1.43749e-05
2220,25,1.44222e-05
2220,26,0.000761961
2220,27,1.47264e-05
2221,25,1.38913e-05
2221,26,0.000770418
2221,27,1.51254e-05
2222,25,1.3377e-05
2222,26,0.000778876
2222,27,1.55017e-05
2223,25,1.28789e-05
2223,26,0.000787361
2223,27,1.58751e-05
2224,25,1.23966e-05
2224,26,0.000795821
2224,27,1.63155e-05
2225,25,1.19296e-05
2225,26,0.00080425
2225,27,1.67631e-05
2226,25,1.14776e-05
2226,26,0.000812694
2226,27,1.72123e-05
2227,25,1.10402e-05
2227,26,0.0008211
2227,27,1.76545e-05
2228,25,1.0617e-05
2228,26,0.000829502
2228,27,1.80855e-05
2229,25,1.02075e-05
2229,26,0.000837887
2229,27,1.85145e-05
2230,25,9.81158e-06
2230,26,0.00084623
2230,27,1.89618e-05
2231,25,9.42869e-06
2231,26,0.000854495
2231,27,1.94575e-05
2232,25,9.05855e-06
2232,26,0.000862739
2232,27,1.99431e-05
2233,25,8.7008e-06
2233,26,0.000870966
2233,27,2.04081e-05
2234,25,8.3551e-06
2234,26,0.000879092
2234,27,2.09318e-05
2235,25,8.02113e-06
2235,26,0.0008872
2235,27,2.14264e-05
2236,25,7.69856e-06
2236,26,0.000895207
2236,27,2.19706e-05
2237,25,7.38707e-06
2237,26,0.000903186
2237,27,2.24853e-05
2238,25,7.08637e-06
2238,26,0.000911073
2238,27,2.30297e-05
2239,25,6.79613e-06
2239,26,0.000918913
2239,27,2.35543e-05
2240,25,6.51608e-06
2240,26,0.000926639
2240,27,2.41191e-05
2241,25,6.24591e-06
2241,26,0.000934287
2241,27,2.4685e-05
2242,25,5.98535e-06
2242,26,0.000941811
2242,27,2.52924e-05
2243,25,5.73411e-06
2243,26,0.000949265
2243,27,2.58815e-05
2244,25,5.49193e-06
2244,26,0.000956614
2244,27,2.64818e-05
2245,25,5.25854e-06
2245,26,0.000963832
2245,27,2.71137e-05
2246,25,5.03368e-06
2246,26,0.000970943
2246,27,2.77481e-05
2247,25,4.81709e-06
2247,26,0.000977902
2247,27,2.84249e-05
2248,25,4.60854e-06
2248,26,0.000984783
2248,27,2.90654e-05
2249,25,4.40777e-06
2249,26,0.000991491
2249,27,2.9758e-05
2250,25,4.21455e-06
2250,26,0.000998089
2250,27,3.04346e-05
2251,25,4.02864e-06
2251,26,0.00100453
2251,27,3.11345e-05
2252,25,3.84983e-06
2252,26,0.00101084
2252,27,3.18387e-05
2253,25,3.67789e-06
2253,26,0.00101694
2253,27,3.25969e-05
2254,25,3.5126e-06
2254,26,0.00102293
2254,27,3.33302e-05
2255,25,3.35375e-06
2255,26,0.00102875
2255,27,3.40783e-05
2256,25,3.20114e-06
2256,26,0.00103438
2256,27,3.48514e-05
2257,25,3.05457e-06
2257,26,0.00103984
2257,27,3.56402e-05
2258,25,2.91383e-06
2258,26,0.00104513
2258,27,3.64353e-05
2259,25,2.77875e-06
2259,26,0.0010502
2259,27,3.72671e-05
2260,25,2.64912e-06
2260,26,0.00105509
2260,27,3.81161e-05
2261,25,2.52478e-06
2261,26,0.00105977
2261,27,3.89827e-05
2262,25,2.40553e-06
2262,26,0.00106428
2262,27,3.98374e-05
2263,25,2.29122e-06
2263,26,0.00106856
2263,27,4.07402e-05
2264,25,2.18166e-06
2264,26,0.00107263
2264,27,4.16526e-05
2265,25,2.0767e-06
2265,26,0.00107651
2265,27,4.25549e-05
2266,25,1.97617e-06
2266,26,0.00108017
2266,27,4.3487e-05
2267,25,1.87992e-06
2267,26,0.00108358
2267,27,4.44597e-05
2268,25,1.7878e-06
2268,26,0.00108676
2268,27,4.54446e-05
2269,25,1.69966e-06
2269,26,0.00108967
2269,27,4.65019e-05
2270,25,1.61535e-06
2270,26,0.00109239
2270,27,4.75334e-05
2271,25,1.53474e-06
2271,26,0.00109484
2271,27,4.86188e-05
2272,25,1.41163e-06
2272,26,0.00109705
2272,27,4.97199e-05
2273,25,1.34314e-06
2273,26,0.00109902
2273,27,5.08467e-05
2274,25,1.26769e-06
2274,26,0.00110073
2274,27,5.20104e-05
2275,25,1.22519e-06
2275,26,0.0011022
2275,27,5.31822e-05
2276,25,1.14551e-06
2276,26,0.00110344
2276,27,5.43731e-05
2277,25,1.05855e-06
2277,26,0.00110439
2277,27,5.56137e-05
2278,25,1.00421e-06
2278,26,0.0011051
2278,27,5.68753e-05
2279,25,9.42377e-07
2279,26,0.00110555
2279,27,5.81693e-05
2280,25,8.92959e-07
2280,26,0.00110574
2280,27,5.94963e-05
2281,25,8.45859e-07
2281,26,0.00110564
2281,27,6.08782e-05
2282,25,8.00984e-07
2282,26,0.0011053
2282,27,6.22762e-05
2283,25,7.58244e-07
2283,26,0.00110468
2283,27,6.37311e-05
2284,25,7.17552e-07
2284,26,0.0011038
2284,27,6.52156e-05
2285,25,6.78823e-07
2285,26,0.00110268
2285,27,6.67208e-05
2286,25,6.41976e-07
2286,26,0.00110129
2286,27,6.82775e-05
2287,25,6.06933e-07
2287,26,0.00109961
2287,27,6.98977e-05
2288,25,5.73616e-07
2288,26,0.00109768
2288,27,7.15431e-05
2289,25,5.41952e-07
2289,26,0.0010955
2289,27,7.32356e-05
2290,25,5.1187e-07
2290,26,0.00109303
2290,27,7.49967e-05
2291,25,5.23704e-07
2291,26,0.00109032
2291,27,7.67996e-05
2292,25,4.94067e-07
2292,26,0.00108735
2292,27,7.86457e-05
2293,25,4.65958e-07
2293,26,0.00108414
2293,27,8.0537e-05
2294,25,4.39307e-07
2294,26,0.00108065
2294,27,8.25054e-05
2295,25,4.14047e-07
2295,26,0.00107695
2295,27,8.45033e-05
2296,25,3.90116e-07
2296,26,0.00107298
2296,27,8.65728e-05
2297,25,4.22724e-07
2297,26,0.00106878
2297,27,8.86966e-05
2298,25,3.97721e-07
2298,26,0.0010643
2298,27,9.09172e-05
2299,25,3.74079e-07
2299,26,0.00105959
2299,27,9.32076e-05
2300,25,3.51731e-07
2300,26,0.00105466
2300,27,9.55409e-05
2301,25,3.30616e-07
2301,26,0.0010495
2301,27,9.79595e-05
2302,25,3.1067e-07
2302,26,0.00104408
2302,27,0.000100477
2303,25,2.91837e-07
2303,26,0.00103845
2303,27,0.000103066
2304,25,3.00383e-07
2304,26,0.00103258
2304,27,0.000105761
2305,25,2.81865e-07
2305,26,0.00102649
2305,27,0.000108546
2306,25,2.64407e-07
2306,26,0.00102021
2306,27,0.000111402
2307,25,2.40358e-07
2307,26,0.00101373
2307,27,0.000114355
2308,25,2.61413e-07
2308,26,0.00100705
2308,27,0.000117397
2309,25,2.44862e-07
2309,26,0.00100017
2309,27,0.000120543
2310,25,2.2929e-07
2310,26,0.000993077
2310,27,0.000123817
2310,28,1e-08
2311,25,2.27421e-07
2311,26,0.000985823
2311,27,0.000127183
2312,25,2.12776e-07
2312,26,0.000978377
2312,27,0.000130676
2313,25,2.13568e-07
2313,26,0.000970775
2313,27,0.00013427
2314,25,2.12417e-07
2314,26,0.000962992
2314,27,0.000137991
2314,28,1e-08
2315,25,2.03226e-07
2315,26,0.000955034
2315,27,0.000141851
2315,28,5e-08
2316,25,2.4e-07
2316,26,0.000946937
2316,27,0.000145838
2316,28,8e-08
2317,25,2.40675e-07
2317,26,0.000938676
2317,27,0.000149976
2317,28,1.1e-07
2318,25,2.5189e-07
2318,26,0.000930248
2318,27,0.00015427
2318,28,1.28967e-07
2319,25,2.35169e-07
2319,26,0.000921687
2319,27,0.000158717
2319,28,1.39463e-07
2320,25,2.19494e-07
2320,26,0.00091301
2320,27,0.000163291
2320,28,1.60793e-07
2321,25,2.08489e-07
2321,26,0.000904193
2321,27,0.00016805
2321,28,1.73021e-07
2322,25,1.91588e-07
2322,26,0.000895241
2322,27,0.000172988
2322,28,1.86219e-07
2323,25,1.7e-07
2323,26,0.00088617
2323,27,0.000178104
2323,28,2.0046e-07
2324,25,1.1e-07
2324,26,0.000876997
2324,27,0.000183382
2324,28,2.35826e-07
2325,25,1.4e-07
2325,26,0.000867697
2325,27,0.000188871
2325,28,2.73207e-07
2326,25,1.6e-07
2326,26,0.000858306
2326,27,0.000194546
2326,28,3.02759e-07
2327,25,1.7e-07
2327,26,0.00084882
2327,27,0.000200436
2327,28,3.24648e-07
2328,25,1.92818e-07
2328,26,0.000839254
2328,27,0.000206527
2328,28,3.58252e-07
2329,25,2e-07
2329,26,0.000829615
2329,27,0.000212829
2329,28,3.73701e-07
2330,25,2e-07
2330,26,0.000819878
2330,27,0.000219378
2330,28,4.31137e-07
2331,25,2.11154e-07
2331,26,0.000810068
2331,27,0.000226153
2331,28,4.6071e-07
2332,25,2.12929e-07
2332,26,0.000800191
2332,27,0.000233182
2332,28,5.03377e-07
2333,25,1.42666e-07
2333,26,0.000790283
2333,27,0.000240424
2333,28,5.18578e-07
2334,25,9e-08
2334,26,0.000780328
2334,27,0.000247906
2334,28,5.87298e-07
2335,25,8e-08
2335,26,0.000770313
2335,27,0.000255677
2335,28,6.89801e-07
2336,25,5e-08
2336,26,0.000760232
2336,27,0.000263758
2336,28,7.44006e-07
2337,25,6e-08
2337,26,0.00075012
2337,27,0.000272107
2337,28,8.12361e-07
2338,25,6e-08
2338,26,0.000739983
2338,27,0.000280744
2338,28,8.85963e-07
2339,25,1.1e-07
2339,26,0.000729796
2339,27,0.000289719
2339,28,9.55199e-07
2340,25,8e-08
2340,26,0.000719563
2340,27,0.000299022
2340,28,1.0397e-06
2341,25,1.1e-07
2341,26,0.00070931
2341,27,0.000308662
2341,28,1.12062e-06
2342,25,1.5e-07
2342,26,0.000699061
2342,27,0.000318612
2342,28,1.21767e-06
2343,25,1.80769e-07
2343,26,0.000688781
2343,27,0.000328941
2343,28,1.31205e-06
2344,25,1.52219e-07
2344,26,0.000678524
2344,27,0.000339581
2344,28,1.43355e-06
2345,25,1.6e-07
2345,26,0.000668244
2345,27,0.000350611
2345,28,1.56418e-06
2346,25,1.4912e-07
2346,26,0.000657986
2346,27,0.000362023
2346,28,1.68463e-06
2347,25,1.49051e-07
2347,26,0.000647744
2347,27,0.000373798
2347,28,1.83408e-06
2348,25,1.59735e-07
2348,26,0.000637491
2348,27,0.000385997
2348,28,1.99471e-06
2349,25,1.3112e-07
2349,26,0.000627262
2349,27,0.000398601
2349,28,2.16734e-06
2350,25,7e-08
2350,26,0.00061704
2350,27,0.000411653
2350,28,2.34281e-06
2351,25,6e-08
2351,26,0.000606839
2351,27,0.000425145
2351,28,2.53126e-06
2352,25,3e-08
2352,26,0.000596663
2352,27,0.000439077
2352,28,2.74362e-06
2353,25,5e-08
2353,26,0.000586545
2353,27,0.000453441
2353,28,2.97162e-06
2354,25,5e-08
2354,26,0.000576458
2354,27,0.000468269
2354,28,3.22638e-06
2355,25,5e-08
2355,26,0.000566449
2355,27,0.000483573
2355,28,3.49982e-06
2356,25,6e-08
2356,26,0.000556422
2356,27,0.000499413
2356,28,3.77327e-06
2357,25,9e-08
2357,26,0.000546435
2357,27,0.000515752
2357,28,4.07661e-06
2358,25,6e-08
2358,26,0.000536473
2358,27,0.000532641
2358,28,4.39193e-06
2359,25,4e-08
2359,26,0.000526597
2359,27,0.000550012
2359,28,4.74e-06
2360,25,3e-08
2360,26,0.000516719
2360,27,0.000567955
2360,28,5.13316e-06
2361,25,2e-08
2361,26,0.000506914
2361,27,0.000586441
2361,28,5.54457e-06
2362,25,3e-08
2362,26,0.000497204
2362,27,0.00060551
2362,28,5.96539e-06
2363,25,4e-08
2363,26,0.000487529
2363,27,0.000625112
2363,28,6.43613e-06
2364,25,2e-08
2364,26,0.000477892
2364,27,0.000645328
2364,28,6.93028e-06
2365,25,1e-08
2365,26,0.000468331
2365,27,0.000666116
2365,28,7.46935e-06
2366,26,0.000458853
2366,27,0.000687534
2366,28,8.02636e-06
2367,26,0.000449396
2367,27,0.000709551
2367,28,8.64234e-06
2368,26,0.000440017
2368,27,0.000732164
2368,28,9.31128e-06
2369,26,0.000430707
2369,27,0.000755399
2369,28,1.00267e-05
2370,26,0.00042147
2370,27,0.000779271
2370,28,1.07815e-05
2371,26,0.00041234
2371,27,0.000803766
2371,28,1.15782e-05
2372,26,0.00040326
2372,27,0.000828878
2372,28,1.24594e-05
2373,26,0.000394291
2373,27,0.000854618
2373,28,1.34006e-05
2374,26,0.00038539
2374,27,0.000881009
2374,28,1.44255e-05
2375,26,0.000376534
2375,27,0.000908059
2375,28,1.54895e-05
2376,26,0.000367771
2376,27,0.000935748
2376,28,1.66147e-05
2377,26,0.000359081
2377,27,0.000964074
2377,28,1.78247e-05
2378,26,0.000350481
2378,27,0.000993022
2378,28,1.91146e-05
2379,26,0.000341937
2379,27,0.00102258
2379,28,2.04993e-05
2380,26,0.000333531
2380,27,0.00105275
2380,28,2.19843e-05
2381,26,0.000325225
2381,27,0.00108354
2381,28,2.35555e-05
2382,26,0.000317021
2382,27,0.00111493
2382,28,2.52178e-05
2383,26,0.000308866
2383,27,0.00114689
2383,28,2.70062e-05
2384,26,0.000300794
2384,27,0.00117942
2384,28,2.88979e-05
2385,26,0.000292827
2385,27,0.0012125
2385,28,3.09185e-05
2386,26,0.000284977
2386,27,0.00124612
2386,28,3.30449e-05
2387,26,0.000277233
2387,27,0.0012802
2387,28,3.53327e-05
2388,26,0.00026962
2388,27,0.00131479
2388,28,3.77406e-05
2389,26,0.000262053
2389,27,0.00134984
2389,28,4.02946e-05
2390,26,0.000254598
2390,27,0.00138528
2390,28,4.3032e-05
2391,26,0.000247246
2391,27,0.0014211
2391,28,4.59223e-05
2392,26,0.000240028
2392,27,0.00145728
2392,28,4.8983e-05
2393,26,0.000232873
2393,27,0.00149375
2393,28,5.2232e-05
2394,26,0.000225824
2394,27,0.00153051
2394,28,5.56684e-05
2395,26,0.000218893
2395,27,0.00156744
2395,28,5.93306e-05
2396,26,0.000212062
2396,27,0.00160454
2396,28,6.31793e-05
2396,29,1e-08
2397,26,0.000205313
2397,27,0.00164176
2397,28,6.72524e-05
2397,29,2e-08
2398,26,0.000198695
2398,27,0.00167912
2398,28,7.14993e-05
2398,29,2e-08
2399,26,0.00019217
2399,27,0.00171645
2399,28,7.59863e-05
2399,29,1e-08
2400,26,0.000185797
2400,27,0.00175369
2400,28,8.07731e-05
2400,29,1e-08
2401,26,0.000179538
2401,27,0.00179086
2401,28,8.57424e-05
2401,29,1e-08
2402,26,0.000173385
2402,27,0.00182779
2402,28,9.10296e-05
2402,29,1e-08
2403,26,0.000167367
2403,27,0.00186447
2403,28,9.65775e-05
2404,26,0.000161485
2404,27,0.00190083
2404,28,0.000102395
2405,26,0.000155701
2405,27,0.00193679
2405,28,0.00010851
2405,29,1e-08
2406,26,0.000150026
2406,27,0.00197229
2406,28,0.000114913
2406,29,3e-08
2407,26,0.00014442
2407,27,0.00200722
2407,28,0.000121643
2407,29,4e-08
2408,26,0.000138974
2408,27,0.00204153
2408,28,0.000128669
2408,29,4e-08
2409,26,0.00013365
2409,27,0.00207515
2409,28,0.000136018
2409,29,2e-08
2410,26,0.000128456
2410,27,0.00210793
2410,28,0.000143739
2410,29,1e-08
2411,26,0.000123375
2411,27,0.00213985
2411,28,0.000151802
2411,29,1e-08
2412,26,0.000118436
2412,27,0.00217084
2412,28,0.000160164
2412,29,2e-08
2413,26,0.00011361
2413,27,0.00220077
2413,28,0.00016891
2413,29,2e-08
2414,26,0.000108916
2414,27,0.00222955
2414,28,0.000178048
2414,29,3e-08
2415,26,0.000104345
2415,27,0.00225716
2415,28,0.000187505
2415,29,5e-08
2416,26,9.98859e-05
2416,27,0.0022835
2416,28,0.000197335
2416,29,4e-08
2417,26,9.55603e-05
2417,27,0.00230843
2417,28,0.000207581
2417,29,6e-08
2418,26,9.1357e-05
2418,27,0.00233198
2418,28,0.000218179
2418,29,7e-08
2419,26,8.72758e-05
2419,27,0.002354
2419,28,0.000229162
2419,29,1e-07
2420,26,8.33163e-05
2420,27,0.00237449
2420,28,0.000240481
2420,29,9e-08
2421,26,7.94779e-05
2421,27,0.0023933
2421,28,0.000252236
2421,29,8e-08
2422,26,7.57602e-05
2422,27,0.00241041
2422,28,0.000264359
2422,29,1.1e-07
2423,26,7.21658e-05
2423,27,0.00242575
2423,28,0.000276849
2423,29,1.38006e-07
2424,26,6.86523e-05
2424,27,0.00243921
2424,28,0.000289793
2424,29,1.67375e-07
2425,26,6.52964e-05
2425,27,0.0024508
2425,28,0.000303112
2425,29,1.67402e-07
2426,26,6.2057e-05
2426,27,0.00246042
2426,28,0.00031683
2426,29,1.88125e-07
2427,26,5.89328e-05
2427,27,0.00246818
2427,28,0.000330845
2427,29,2.00357e-07
2428,26,5.59024e-05
2428,27,0.00247387
2428,28,0.000345297
2428,29,2.33419e-07
2429,26,5.29944e-05
2429,27,0.00247755
2429,28,0.000360061
2429,29,3.08115e-07
2430,26,5.02172e-05
2430,27,0.00247916
2430,28,0.000375216
2430,29,2.94535e-07
2431,26,4.75189e-05
2431,27,0.00247873
2431,28,0.000390696
2431,29,3.33519e-07
2432,26,4.49378e-05
2432,27,0.00247621
2432,28,0.000406517
2432,29,3.63728e-07
2433,26,4.24719e-05
2433,27,0.00247162
2433,28,0.000422639
2433,29,4.25954e-07
2434,26,4.01092e-05
2434,27,0.00246495
2434,28,0.000439087
2434,29,4.99576e-07
2435,26,3.78576e-05
2435,27,0.00245622
2435,28,0.000455797
2435,29,5.62721e-07
2436,26,3.57148e-05
2436,27,0.00244545
2436,28,0.000472754
2436,29,6.49025e-07
2437,26,3.36285e-05
2437,27,0.00243265
2437,28,0.000489978
2437,29,7.40025e-07
2438,26,3.16664e-05
2438,27,0.00241784
2438,28,0.000507473
2438,29,8.3523e-07
2439,26,2.9776e-05
2439,27,0.00240111
2439,28,0.000525161
2439,29,9.04122e-07
2440,26,2.79949e-05
2440,27,0.00238242
2440,28,0.00054309
2440,29,9.66319e-07
2441,26,2.62803e-05
2441,27,0.00236187
2441,28,0.000561193
2441,29,1.00195e-06
2442,26,2.46699e-05
2442,27,0.00233945
2442,28,0.000579495
2442,29,1.10182e-06
2443,26,2.31309e-05
2443,27,0.00231531
2443,28,0.000597908
2443,29,1.16661e-06
2444,26,2.16508e-05
2444,27,0.00228954
2444,28,0.000616366
2444,29,1.26583e-06
2445,26,2.02568e-05
2445,27,0.00226214
2445,28,0.000634933
2445,29,1.35013e-06
2446,26,1.89462e-05
2446,27,0.00223317
2446,28,0.000653566
2446,29,1.48934e-06
2447,26,1.77064e-05
2447,27,0.00220273
2447,28,0.00067225
2447,29,1.57397e-06
2448,26,1.65348e-05
2448,27,0.00217088
2448,28,0.000690959
2448,29,1.73418e-06
2449,26,1.54286e-05
2449,27,0.00213772
2449,28,0.000709669
2449,29,1.83059e-06
2450,26,1.43852e-05
2450,27,0.00210331
2450,28,0.000728343
2450,29,1.99292e-06
2451,26,1.3402e-05
2451,27,0.0020678
2451,28,0.000746926
2451,29,2.18194e-06
2452,26,1.24764e-05
2452,27,0.00203124
2452,28,0.00076541
2452,29,2.30753e-06
2453,26,1.16059e-05
2453,27,0.0019937
2453,28,0.000783819
2453,29,2.46015e-06
2454,26,1.0788e-05
2454,27,0.00195531
2454,28,0.000802068
2454,29,2.64983e-06
2455,26,1.00202e-05
2455,27,0.00191615
2455,28,0.000820101
2455,29,2.88648e-06
2456,26,9.30008e-06
2456,27,0.00187629
2456,28,0.00083801
2456,29,3.05593e-06
2457,26,8.62538e-06
2457,27,0.00183586
2457,28,0.000855641
2457,29,3.27222e-06
2458,26,7.99378e-06
2458,27,0.0017949
2458,28,0.000873078
2458,29,3.46742e-06
2459,26,7.40307e-06
2459,27,0.00175356
2459,28,0.000890198
2459,29,3.68039e-06
2460,26,6.8511e-06
2460,27,0.00171185
2460,28,0.000907045
2460,29,3.9217e-06
2461,26,6.33578e-06
2461,27,0.0016699
2461,28,0.000923587
2461,29,4.14208e-06
2462,26,5.85511e-06
2462,27,0.00162778
2462,28,0.00093977
2462,29,4.41024e-06
2463,26,5.40715e-06
2463,27,0.00158557
2463,28,0.000955613
2463,29,4.63792e-06
2464,26,4.99003e-06
2464,27,0.00154343
2464,28,0.000971003
2464,29,4.90466e-06
2465,26,4.60197e-06
2465,27,0.00150129
2465,28,0.00098604
2465,29,5.18064e-06
2466,26,4.24123e-06
2466,27,0.00145935
2466,28,0.00100064
2466,29,5.46615e-06
2467,26,3.90617e-06
2467,27,0.00141756
2467,28,0.0010148
2467,29,5.74133e-06
2468,26,3.59523e-06
2468,27,0.00137601
2468,28,0.00102853
2468,29,6.03654e-06
2469,26,3.3069e-06
2469,27,0.00133481
2469,28,0.00104174
2469,29,6.36096e-06
2470,26,3.03974e-06
2470,27,0.00129398
2470,28,0.00105447
2470,29,6.73617e-06
2471,26,2.7924e-06
2471,27,0.0012536
2471,28,0.00106672
2471,29,7.05663e-06
2472,26,2.56359e-06
2472,27,0.00121366
2472,28,0.00107843
2472,29,7.40697e-06
2473,26,2.33142e-06
2473,27,0.00117434
2473,28,0.00108959
2473,29,7.75859e-06
2474,26,2.10469e-06
2474,27,0.00113558
2474,28,0.0011002
2474,29,8.14102e-06
2475,26,1.91223e-06
2475,27,0.00109742
2475,28,0.00111027
2475,29,8.51533e-06
2476,26,1.76306e-06
2476,27,0.00105987
2476,28,0.00111974
2476,29,8.92062e-06
2477,26,1.63626e-06
2477,27,0.00102308
2477,28,0.00112867
2477,29,9.3077e-06
2478,26,1.51098e-06
2478,27,0.000986969
2478,28,0.001137
2478,29,9.74571e-06
2479,26,1.3564e-06
2479,27,0.000951623
2479,28,0.00114473
2479,29,1.01863e-05
2480,26,1.24174e-06
2480,27,0.00091701
2480,28,0.00115188
2480,29,1.06292e-05
2481,26,1.1363e-06
2481,27,0.000883218
2481,28,0.00115843
2481,29,1.10942e-05
2482,26,1.0594e-06
2482,27,0.000850231
2482,28,0.00116438
2482,29,1.15616e-05
2483,26,9.50399e-07
2483,27,0.000818014
2483,28,0.00116972
2483,29,1.20615e-05
2484,26,8.58715e-07
2484,27,0.000786647
2484,28,0.00117444
2484,29,1.25645e-05
2485,26,7.73794e-07
2485,27,0.000756108
2485,28,0.00117855
2485,29,1.30902e-05
2486,26,7.05119e-07
2486,27,0.00072643
2486,28,0.00118208
2486,29,1.36086e-05
2487,26,6.42208e-07
2487,27,0.000697579
2487,28,0.00118499
2487,29,1.41503e-05
2488,26,5.84614e-07
2488,27,0.000669524
2488,28,0.00118734
2488,29,1.46946e-05
2489,26,5.31919e-07
2489,27,0.000642355
2489,28,0.00118908
2489,29,1.52418e-05
2490,26,4.83735e-07
2490,27,0.000615988
2490,28,0.00119021
2490,29,1.58517e-05
2491,26,4.39703e-07
2491,27,0.000590479
2491,28,0.00119074
2491,29,1.64659e-05
2492,26,3.99487e-07
2492,27,0.000565791
2492,28,0.00119074
2492,29,1.70434e-05
2493,26,3.62777e-07
2493,27,0.000541904
2493,28,0.00119013
2493,29,1.76836e-05
2494,26,3.29288e-07
2494,27,0.000518821
2494,28,0.00118898
2494,29,1.83181e-05
2495,26,3.47636e-07
2495,27,0.000496529
2495,28,0.00118727
2495,29,1.89765e-05
2496,26,3.14986e-07
2496,27,0.000475018
2496,28,0.00118502
2496,29,1.96388e-05
2497,26,2.85276e-07
2497,27,0.000454274
2497,28,0.00118224
2497,29,2.0325e-05
2498,26,2.58254e-07
2498,27,0.000434274
2498,28,0.00117892
2498,29,2.10454e-05
2499,26,2.01559e-07
2499,27,0.000415042
2499,28,0.00117505
2499,29,2.17801e-05
2500,26,1.78488e-07
2500,27,0.000396532
2500,28,0.00117072
2500,29,2.24995e-05
2501,26,1.66575e-07
2501,27,0.000378738
2501,28,0.0011659
2501,29,2.32231e-05
2502,26,1.3572e-07
2502,27,0.000361613
2502,28,0.00116062
2502,29,2.39706e-05
2503,26,1.3e-07
2503,27,0.000345171
2503,28,0.00115487
2503,29,2.47218e-05
2504,26,1.2e-07
2504,27,0.000329383
2504,28,0.00114866
2504,29,2.54968e-05
2505,26,9e-08
2505,27,0.000314213
2505,28,0.00114204
2505,29,2.62859e-05
2506,26,5e-08
2506,27,0.000299683
2506,28,0.00113496
2506,29,2.71094e-05
2507,26,1e-08
2507,27,0.000285754
2507,28,0.00112751
2507,29,2.79076e-05
2508,26,1e-08
2508,27,0.000272398
2508,28,0.00111965
2508,29,2.87491e-05
2509,27,0.000259608
2509,28,0.00111144
2509,29,2.9575e-05
2510,27,0.000247385
2510,28,0.00110283
2510,29,3.04244e-05
2511,27,0.000235681
2511,28,0.00109386
2511,29,3.13176e-05
2512,27,0.000224477
2512,28,0.00108458
2512,29,3.22152e-05
2513,27,0.000213778
2513,28,0.00107501
2513,29,3.30869e-05
2514,27,0.000203555
2514,28,0.00106509
2514,29,3.40117e-05
2515,27,0.00019379
2515,28,0.0010549
2515,29,3.49412e-05
2516,27,0.000184468
2516,28,0.00104443
2516,29,3.58947e-05
2517,27,0.000175571
2517,28,0.0010337
2517,29,3.68626e-05
2518,27,0.000167082
2518,28,0.00102277
2518,29,3.78045e-05
2519,27,0.000158987
2519,28,0.00101159
2519,29,3.878e-05
2520,27,0.000151279
2520,28,0.00100019
2520,29,3.97695e-05
2521,27,0.000143932
2521,28,0.000988616
2521,29,4.0753e-05
2522,27,0.000136922
2522,28,0.000976835
2522,29,4.17801e-05
2523,27,0.000130256
2523,28,0.000964896
2523,29,4.28016e-05
2524,27,0.000123898
2524,28,0.000952812
2524,29,4.38369e-05
2525,27,0.000117855
2525,28,0.000940577
2525,29,4.48858e-05
2526,27,0.000112093
2526,28,0.000928205
2526,29,4.59681e-05
2527,27,0.000106622
2527,28,0.00091575
2527,29,4.70243e-05
2528,27,0.000101416
2528,28,0.000903163
2528,29,4.81241e-05
2529,27,9.64654e-05
2529,28,0.000890488
2529,29,4.92374e-05
2530,27,9.17477e-05
2530,28,0.000877747
2530,29,5.03648e-05
2531,27,8.72726e-05
2531,28,0.000864963
2531,29,5.14759e-05
2532,27,8.30187e-05
2532,28,0.000852078
2532,29,5.26506e-05
2533,27,7.89757e-05
2533,28,0.000839202
2533,29,5.37892e-05
2534,27,7.51338e-05
2534,28,0.000826237
2534,29,5.50015e-05
2535,27,7.14835e-05
2535,28,0.000813304
2535,29,5.61779e-05
2536,27,6.80156e-05
2536,28,0.000800374
2536,29,5.7358e-05
2537,27,6.47213e-05
2537,28,0.000787405
2537,29,5.85915e-05
2538,27,6.15923e-05
2538,28,0.000774469
2538,29,5.98192e-05
2539,27,5.86205e-05
2539,28,0.000761574
2539,29,6.1041e-05
2540,27,5.57982e-05
2540,28,0.000748709
2540,29,6.2276e-05
2541,27,5.31181e-05
2541,28,0.000735873
2541,29,6.35347e-05
2542,27,5.0573e-05
2542,28,0.000723074
2542,29,6.48068e-05
2542,30,1e-08
2543,27,4.81563e-05
2543,28,0.00071035
2543,29,6.60827e-05
2543,30,2e-08
2544,27,4.58615e-05
2544,28,0.000697679
2544,29,6.7372e-05
2544,30,3e-08
2545,27,4.36824e-05
2545,28,0.000685087
2545,29,6.86748e-05
2545,30,2e-08
2546,27,4.16133e-05
2546,28,0.000672543
2546,29,7.00212e-05
2546,30,2e-08
2547,27,3.96486e-05
2547,28,0.000660112
2547,29,7.13513e-05
2547,30,1e-08
2548,27,3.77828e-05
2548,28,0.00064775
2548,29,7.27049e-05
2548,30,2e-08
2549,27,3.6011e-05
2549,28,0.000635504
2549,29,7.4062e-05
2550,27,3.43284e-05
2550,28,0.000623349
2550,29,7.54327e-05
2550,30,1e-08
2551,27,3.27303e-05
2551,28,0.000611279
2551,29,7.68469e-05
2552,27,3.12123e-05
2552,28,0.000599321
2552,29,7.82753e-05
2553,27,2.97705e-05
2553,28,0.000587499
2553,29,7.96874e-05
2553,30,1e-08
2554,27,2.84007e-05
2554,28,0.000575807
2554,29,8.11033e-05
2554,30,2e-08
2555,27,2.70992e-05
2555,28,0.000564208
2555,29,8.25628e-05
2555,30,4e-08
2556,27,2.58625e-05
2556,28,0.000552767
2556,29,8.4006e-05
2556,30,6e-08
2557,27,2.46873e-05
2557,28,0.000541437
2557,29,8.54926e-05
2557,30,4e-08
2558,27,2.35703e-05
2558,28,0.000530251
2558,29,8.69734e-05
2558,30,7e-08
2559,27,2.25084e-05
2559,28,0.000519231
2559,29,8.84379e-05
2559,30,8e-08
2560,27,2.14988e-05
2560,28,0.00050833
2560,29,8.9946e-05
2560,30,1e-07
2561,27,2.05388e-05
2561,28,0.000497581
2561,29,9.14582e-05
2561,30,9e-08
2562,27,1.96258e-05
2562,28,0.000486975
2562,29,9.29742e-05
2562,30,8e-08
2563,27,1.87572e-05
2563,28,0.000476494
2563,29,9.45241e-05
2563,30,6e-08
2564,27,1.79309e-05
2564,28,0.000466171
2564,29,9.60779e-05
2564,30,1e-07
2565,27,1.71445e-05
2565,28,0.000455986
2565,29,9.76657e-05
2565,30,1.6e-07
2566,27,1.63961e-05
2566,28,0.00044595
2566,29,9.92675e-05
2566,30,1.75807e-07
2567,27,1.56836e-05
2567,28,0.000436066
2567,29,0.000100884
2567,30,1.41905e-07
2568,27,1.50051e-05
2568,28,0.000426333
2568,29,0.000102504
2568,30,1.48309e-07
2569,27,1.4359e-05
2569,28,0.000416743
2569,29,0.000104159
2569,30,1.75033e-07
2570,27,1.37435e-05
2570,28,0.000407316
2570,29,0.000105809
2570,30,1.92093e-07
2571,27,1.3157e-05
2571,28,0.000398062
2571,29,0.000107453
2571,30,2.50026e-07
2572,27,1.2598e-05
2572,28,0.000388971
2572,29,0.000109111
2572,30,2.48873e-07
2573,27,1.20652e-05
2573,28,0.000380032
2573,29,0.000110784
2573,30,2.88159e-07
2574,27,1.15571e-05
2574,28,0.000371226
2574,29,0.000112481
2574,30,3.12562e-07
2575,27,1.10726e-05
2575,28,0.000362572
2575,29,0.000114192
2575,30,3.38169e-07
2576,27,1.06103e-05
2576,28,0.000354091
2576,29,0.000115908
2576,30,3.55034e-07
2577,27,1.01693e-05
2577,28,0.00034574
2577,29,0.000117658
2577,30,3.72701e-07
2578,27,9.7483e-06
2578,28,0.000337541
2578,29,0.000119423
2578,30,3.91208e-07
2579,27,9.34643e-06
2579,28,0.000329492
2579,29,0.000121203
2579,30,4.10593e-07
2580,27,8.96268e-06
2580,28,0.000321592
2580,29,0.000122997
2580,30,4.30896e-07
2581,27,8.59616e-06
2581,28,0.00031385
2581,29,0.000124786
2581,30,4.62159e-07
2582,27,8.24599e-06
2582,28,0.000306246
2582,29,0.00012661
2582,30,4.84882e-07
2583,27,7.91137e-06
2583,28,0.000298798
2583,29,0.000128439
2583,30,5.08674e-07
2584,27,7.59153e-06
2584,28,0.000291474
2584,29,0.000130292
2584,30,5.43583e-07
2585,27,7.28574e-06
2585,28,0.000284324
2585,29,0.00013214
2585,30,5.70166e-07
2586,27,6.99331e-06
2586,28,0.000277296
2586,29,0.000134012
2586,30,6.07994e-07
2587,27,6.71359e-06
2587,28,0.000270429
2587,29,0.00013588
2587,30,6.47575e-07
2588,27,6.44597e-06
2588,28,0.000263681
2588,29,0.000137791
2588,30,6.78985e-07
2589,27,6.18985e-06
2589,28,0.000257081
2589,29,0.000139708
2589,30,7.11856e-07
2590,27,5.94469e-06
2590,28,0.000250627
2590,29,0.000141629
2590,30,7.46254e-07
2591,27,5.70997e-06
2591,28,0.000244286
2591,29,0.000143575
2591,30,7.92245e-07
2592,27,5.48519e-06
2592,28,0.000238089
2592,29,0.000145536
2592,30,8.30401e-07
2593,27,5.26988e-06
2593,28,0.000232023
2593,29,0.000147511
2593,30,8.70321e-07
2594,27,5.06359e-06
2594,28,0.000226096
2594,29,0.000149491
2594,30,9.12083e-07
2595,27,4.8659e-06
2595,28,0.000220287
2595,29,0.000151486
2595,30,9.6577e-07
2596,27,4.67643e-06
2596,28,0.000214603
2596,29,0.000153505
2596,30,1.01196e-06
2597,27,4.49477e-06
2597,28,0.000209033
2597,29,0.000155538
2597,30,1.07028e-06
2598,27,4.32059e-06
2598,28,0.000203606
2598,29,0.000157566
2598,30,1.1313e-06
2599,27,4.15353e-06
2599,28,0.000198279
2599,29,0.000159629
2599,30,1.1951e-06
2600,27,3.99328e-06
2600,28,0.00019309
2600,29,0.000161695
2600,30,1.25185e-06
2601,27,3.83953e-06
2601,28,0.000187998
2601,29,0.000163796
2601,30,1.3112e-06
2602,27,3.69198e-06
2602,28,0.00018304
2602,29,0.000165881
2602,30,1.38325e-06
2603,27,3.55036e-06
2603,28,0.000178195
2603,29,0.00016798
2603,30,1.45861e-06
2604,27,3.41441e-06
2604,28,0.000173461
2604,29,0.000170093
2604,30,1.53743e-06
2605,27,3.28388e-06
2605,28,0.000168826
2605,29,0.00017223
2605,30,1.61981e-06
2606,27,3.15854e-06
2606,28,0.000164298
2606,29,0.000174381
2606,30,1.70595e-06
2607,27,3.03815e-06
2607,28,0.000159875
2607,29,0.000176535
2607,30,1.80597e-06
2608,27,2.92251e-06
2608,28,0.000155565
2608,29,0.000178693
2608,30,1.91047e-06
2609,27,2.8114e-06
2609,28,0.000151357
2609,29,0.000180874
2609,30,2.00973e-06
2610,27,2.70464e-06
2610,28,0.000147249
2610,29,0.000183078
2610,30,2.10344e-06
2611,27,2.60205e-06
2611,28,0.000143238
2611,29,0.000185286
2611,30,2.21136e-06
2612,27,2.50344e-06
2612,28,0.000139312
2612,29,0.000187517
2612,30,2.32414e-06
2613,27,2.40865e-06
2613,28,0.000135482
2613,29,0.00018976
2613,30,2.442e-06
2614,27,2.31752e-06
2614,28,0.000131743
2614,29,0.000192026
2614,30,2.5551e-06
2615,27,2.22989e-06
2615,28,0.000128105
2615,29,0.000194274
2615,30,2.69324e-06
2616,27,2.14564e-06
2616,28,0.000124556
2616,29,0.000196535
2616,30,2.8376e-06
2617,27,2.06461e-06
2617,28,0.000121094
2617,29,0.000198818
2617,30,2.97838e-06
2618,27,1.98667e-06
2618,28,0.000117707
2618,29,0.000201112
2618,30,3.13538e-06
2619,27,1.9117e-06
2619,28,0.000114413
2619,29,0.000203419
2619,30,3.28929e-06
2620,27,1.83958e-06
2620,28,0.000111202
2620,29,0.000205736
2620,30,3.44998e-06
2621,27,1.77019e-06
2621,28,0.00010807
2621,29,0.000208055
2621,30,3.62778e-06
2622,27,1.71743e-06
2622,28,0.000105016
2622,29,0.000210405
2622,30,3.79341e-06
2623,27,1.65216e-06
2623,28,0.00010204
2623,29,0.000212766
2623,30,3.96632e-06
2624,27,1.54501e-06
2624,28,9.91282e-05
2624,29,0.000215147
2624,30,4.1468e-06
2625,27,1.49161e-06
2625,28,9.63005e-05
2625,29,0.000217518
2625,30,4.34518e-06
2626,27,1.42999e-06
2626,28,9.35447e-05
2626,29,0.00021989
2626,30,4.56225e-06
2627,27,1.39011e-06
2627,28,9.08592e-05
2627,29,0.00022228
2627,30,4.77885e-06
2628,27,1.32191e-06
2628,28,8.82327e-05
2628,29,0.0002247
2628,30,4.99491e-06
2629,27,1.26534e-06
2629,28,8.56838e-05
2629,29,0.00022711
2629,30,5.23035e-06
2630,27,1.24035e-06
2630,28,8.31907e-05
2630,29,0.000229537
2630,30,5.47603e-06
2631,27,1.18689e-06
2631,28,8.07624e-05
2631,29,0.000231973
2631,30,5.73232e-06
2632,27,1.1449e-06
2632,28,7.84073e-05
2632,29,0.000234417
2632,30,5.98971e-06
2633,27,1.07435e-06
2633,28,7.61137e-05
2633,29,0.000236859
2633,30,6.2682e-06
2634,27,1.03519e-06
2634,28,7.38703e-05
2634,29,0.000239307
2634,30,6.56864e-06
2635,27,9.97371e-07
2635,28,7.1696e-05
2635,29,0.000241773
2635,30,6.86199e-06
2636,27,9.60852e-07
2636,28,6.95691e-05
2636,29,0.000244234
2636,30,7.1879e-06
2637,27,9.25593e-07
2637,28,6.75086e-05
2637,29,0.000246692
2637,30,7.5277e-06
2638,27,8.91551e-07
2638,28,6.5503e-05
2638,29,0.000249164
2638,30,7.872e-06
2639,27,8.58688e-07
2639,28,6.35509e-05
2639,29,0.000251632
2639,30,8.24094e-06
2640,27,8.26966e-07
2640,28,6.16511e-05
2640,29,0.000254124
2640,30,8.6055e-06
2641,27,7.96348e-07
2641,28,5.97923e-05
2641,29,0.00025663
2641,30,8.98549e-06
2642,27,7.66798e-07
2642,28,5.79938e-05
2642,29,0.00025911
2642,30,9.40155e-06
2643,27,7.3828e-07
2643,28,5.62439e-05
2643,29,0.000261602
2643,30,9.82517e-06
2644,27,7.10762e-07
2644,28,5.45415e-05
2644,29,0.000264087
2644,30,1.02766e-05
2645,27,6.8421e-07
2645,28,5.28856e-05
2645,29,0.000266574
2645,30,1.07471e-05
2646,27,6.58592e-07
2646,28,5.12749e-05
2646,29,0.000269063
2646,30,1.12374e-05
2647,27,6.33878e-07
2647,28,4.97084e-05
2647,29,0.000271562
2647,30,1.17381e-05
2648,27,6.10038e-07
2648,28,4.8185e-05
2648,29,0.000274071
2648,30,1.22497e-05
2649,27,5.87042e-07
2649,28,4.67037e-05
2649,29,0.00027658
2649,30,1.27826e-05
2650,27,5.64864e-07
2650,28,4.52635e-05
2650,29,0.000279078
2650,30,1.33475e-05
2651,27,5.43474e-07
2651,28,4.38632e-05
2651,29,0.000281585
2651,30,1.39259e-05
2652,27,5.22848e-07
2652,28,4.25021e-05
2652,29,0.00028406
2652,30,1.45582e-05
2653,27,5.0296e-07
2653,28,4.1179e-05
2653,29,0.000286552
2653,30,1.51967e-05
2654,27,4.83784e-07
2654,28,3.9893e-05
2654,29,0.00028903
2654,30,1.58714e-05
2655,27,4.65296e-07
2655,28,3.86432e-05
2655,29,0.000291524
2655,30,1.65538e-05
2656,27,4.47475e-07
2656,28,3.74288e-05
2656,29,0.000293983
2656,30,1.72942e-05
2657,27,4.30296e-07
2657,28,3.62488e-05
2657,29,0.000296446
2657,30,1.80547e-05
2658,27,4.13738e-07
2658,28,3.51023e-05
2658,29,0.000298893
2658,30,1.88562e-05
2659,27,3.9778e-07
2659,28,3.39886e-05
2659,29,0.000301343
2659,30,1.96802e-05
2660,27,3.62708e-07
2660,28,3.29067e-05
2660,29,0.000303785
2660,30,2.05375e-05
2661,27,3.71883e-07
2661,28,3.18558e-05
2661,29,0.000306239
2661,30,2.14095e-05
2662,27,3.21448e-07
2662,28,3.08353e-05
2662,29,0.000308683
2662,30,2.23165e-05
2663,27,2.91389e-07
2663,28,2.98442e-05
2663,29,0.000311097
2663,30,2.328e-05
2664,27,2.81693e-07
2664,28,2.88819e-05
2664,29,0.0003135
2664,30,2.4282e-05
2665,27,2.62349e-07
2665,28,2.79475e-05
2665,29,0.000315892
2665,30,2.53239e-05
2666,27,2.53344e-07
2666,28,2.70404e-05
2666,29,0.00031828
2666,30,2.63974e-05
2667,27,2.34667e-07
2667,28,2.61599e-05
2667,29,0.000320636
2667,30,2.75334e-05
2668,27,2.56306e-07
2668,28,2.53052e-05
2668,29,0.000322987
2668,30,2.87044e-05
2669,27,2.68251e-07
2669,28,2.44757e-05
2669,29,0.000325323
2669,30,2.99216e-05
2670,27,2.20492e-07
2670,28,2.36708e-05
2670,29,0.000327642
2670,30,3.11866e-05
2671,27,2.13017e-07
2671,28,2.28897e-05
2671,29,0.000329965
2671,30,3.24812e-05
2672,27,1.85818e-07
2672,28,2.21318e-05
2672,29,0.00033225
2672,30,3.38464e-05
2673,27,1.98884e-07
2673,28,2.13965e-05
2673,29,0.000334527
2673,30,3.52547e-05
2674,27,2.02207e-07
2674,28,2.06833e-05
2674,29,0.000336774
2674,30,3.67276e-05
2675,27,1.85778e-07
2675,28,1.99915e-05
2675,29,0.00033901
2675,30,3.82475e-05
2676,27,1.59587e-07
2676,28,1.93206e-05
2676,29,0.000341214
2676,30,3.9836e-05
2677,27,1.53627e-07
2677,28,1.86699e-05
2677,29,0.000343396
2677,30,4.14856e-05
2678,27,1.5789e-07
2678,28,1.8039e-05
2678,29,0.000345555
2678,30,4.31983e-05
2679,27,1.62368e-07
2679,28,1.74273e-05
2679,29,0.000347699
2679,30,4.49664e-05
2680,27,1.67053e-07
2680,28,1.68343e-05
2680,29,0.000349807
2680,30,4.68118e-05
2681,27,1.81938e-07
2681,28,1.62594e-05
2681,29,0.000351889
2681,30,4.87271e-05
2682,27,1.87016e-07
2682,28,1.57023e-05
2682,29,0.000353963
2682,30,5.06948e-05
2683,27,1.42279e-07
2683,28,1.51623e-05
2683,29,0.000356009
2683,30,5.27364e-05
2684,27,1.17723e-07
2684,28,1.46391e-05
2684,29,0.000358016
2684,30,5.48645e-05
2685,27,1.2334e-07
2685,28,1.41321e-05
2685,29,0.000359972
2685,30,5.7092e-05
2686,27,1.4e-07
2686,28,1.36409e-05
2686,29,0.000361926
2686,30,5.93723e-05
2687,27,1.24681e-07
2687,28,1.3165e-05
2687,29,0.000363827
2687,30,6.1757e-05
2688,27,1.19566e-07
2688,28,1.27041e-05
2688,29,0.000365715
2688,30,6.42097e-05
2689,27,1.14648e-07
2689,28,1.22578e-05
2689,29,0.000367548
2689,30,6.67725e-05
2690,27,1.09918e-07
2690,28,1.18255e-05
2690,29,0.000369345
2690,30,6.9419e-05
2690,31,1e-08
2691,27,1.05371e-07
2691,28,1.14069e-05
2691,29,0.000371105
2691,30,7.2162e-05
2691,31,1e-08
2692,27,1.01e-07
2692,28,1.10017e-05
2692,29,0.000372836
2692,30,7.50043e-05
2693,27,2.1e-07
2693,28,1.06094e-05
2693,29,0.000374509
2693,30,7.79692e-05
2694,27,2.01239e-07
2694,28,1.02297e-05
2694,29,0.000376151
2694,30,8.10208e-05
2694,31,1e-08
2695,27,1.92819e-07
2695,28,9.86215e-06
2695,29,0.000377771
2695,30,8.41714e-05
2695,31,1e-08
2696,27,1.84729e-07
2696,28,9.5065e-06
2696,29,0.000379339
2696,30,8.74442e-05
2697,27,1.76955e-07
2697,28,9.16238e-06
2697,29,0.000380854
2697,30,9.08329e-05
2697,31,1e-08
2698,27,1.69487e-07
2698,28,8.82944e-06
2698,29,0.000382343
2698,30,9.43211e-05
2698,31,1e-08
2699,27,1.62313e-07
2699,28,8.50736e-06
2699,29,0.000383777
2699,30,9.79516e-05
2700,27,1.55422e-07
2700,28,8.19583e-06
2700,29,0.000385164
2700,30,0.000101699
2700,31,1e-08
2701,27,1.48804e-07
2701,28,7.89454e-06
2701,29,0.000386492
2701,30,0.000105586
2701,31,4e-08
2702,27,1.42449e-07
2702,28,7.60319e-06
2702,29,0.000387781
2702,30,0.000109598
2702,31,8e-08
2703,27,1.36347e-07
2703,28,7.32149e-06
2703,29,0.00038902
2703,30,0.000113758
2703,31,1e-07
2704,27,1.30489e-07
2704,28,7.04914e-06
2704,29,0.000390197
2704,30,0.000118059
2704,31,1.5e-07
2705,27,1.24865e-07
2705,28,6.78588e-06
2705,29,0.000391332
2705,30,0.000122507
2705,31,1.85626e-07
2706,27,1.19467e-07
2706,28,6.53144e-06
2706,29,0.000392403
2706,30,0.000127105
2706,31,1.81554e-07
2707,27,1.14286e-07
2707,28,6.28554e-06
2707,29,0.000393418
2707,30,0.000131858
2707,31,2.08359e-07
2708,27,1.09314e-07
2708,28,6.04794e-06
2708,29,0.000394378
2708,30,0.00013677
2708,31,2.25527e-07
2709,27,1.04544e-07
2709,28,5.81839e-06
2709,29,0.00039528
2709,30,0.000141845
2709,31,2.43077e-07
2710,27,3e-08
2710,28,5.59663e-06
2710,29,0.000396125
2710,30,0.000147087
2710,31,2.67671e-07
2711,27,5e-08
2711,28,5.38245e-06
2711,29,0.000396909
2711,30,0.000152501
2711,31,2.93666e-07
2712,27,3e-08
2712,28,5.1756e-06
2712,29,0.000397634
2712,30,0.000158101
2712,31,3.11245e-07
2713,27,2e-08
2713,28,4.97586e-06
2713,29,0.000398296
2713,30,0.000163873
2713,31,3.3984e-07
2714,27,2e-08
2714,28,4.78302e-06
2714,29,0.000398896
2714,30,0.000169831
2714,31,3.70165e-07
2715,27,3e-08
2715,28,4.59686e-06
2715,29,0.000399432
2715,30,0.000175978
2715,31,4.02211e-07
2716,27,3e-08
2716,28,4.41718e-06
2716,29,0.000399914
2716,30,0.000182321
2716,31,4.26178e-07
2717,27,3e-08
2717,28,4.24377e-06
2717,29,0.000400329
2717,30,0.000188863
2717,31,4.5152e-07
2718,27,3e-08
2718,28,4.07645e-06
2718,29,0.000400678
2718,30,0.000195609
2718,31,4.78312e-07
2719,27,2e-08
2719,28,3.91502e-06
2719,29,0.000400939
2719,30,0.000202575
2719,31,5.16633e-07
2720,27,2e-08
2720,28,3.7593e-06
2720,29,0.00040115
2720,30,0.000209735
2720,31,5.57216e-07
2721,28,3.6091e-06
2721,29,0.000401292
2721,30,0.000217103
2721,31,6.10184e-07
2722,28,3.46426e-06
2722,29,0.000401353
2722,30,0.000224714
2722,31,6.561e-07
2723,28,3.3246e-06
2723,29,0.000401342
2723,30,0.000232553
2723,31,7.04578e-07
2724,28,3.18996e-06
2724,29,0.000401268
2724,30,0.000240595
2724,31,7.65751e-07
2725,28,3.06019e-06
2725,29,0.00040111
2725,30,0.000248903
2725,31,8.1029e-07
2726,28,2.93511e-06
2726,29,0.000400887
2726,30,0.000257434
2726,31,8.77304e-07
2727,28,2.81459e-06
2727,29,0.000400579
2727,30,0.000266242
2727,31,9.48199e-07
2728,28,2.69848e-06
2728,29,0.000400204
2728,30,0.000275281
2728,31,1.01255e-06
2729,28,2.58662e-06
2729,29,0.000399732
2729,30,0.000284597
2729,31,1.07989e-06
2730,28,2.4789e-06
2730,29,0.000399191
2730,30,0.000294143
2730,31,1.1704e-06
2731,28,2.37516e-06
2731,29,0.000398552
2731,30,0.000303975
2731,31,1.25485e-06
2732,28,2.27528e-06
2732,29,0.000397873
2732,30,0.000314046
2732,31,1.33345e-06
2733,28,2.17913e-06
2733,29,0.000397074
2733,30,0.000324431
2733,31,1.43579e-06
2734,28,2.08659e-06
2734,29,0.000396213
2734,30,0.000335084
2734,31,1.54257e-06
2735,28,1.99754e-06
2735,29,0.000395261
2735,30,0.000346009
2735,31,1.62401e-06
2736,28,1.91186e-06
2736,29,0.000394257
2736,30,0.000357218
2736,31,1.70096e-06
2737,28,1.82945e-06
2737,29,0.000393139
2737,30,0.000368727
2737,31,1.81319e-06
2738,28,1.75018e-06
2738,29,0.000391958
2738,30,0.000380538
2738,31,1.95145e-06
2739,28,1.67396e-06
2739,29,0.000390683
2739,30,0.000392614
2739,31,2.15494e-06
2740,28,1.60068e-06
2740,29,0.000389343
2740,30,0.000405
2740,31,2.28487e-06
2741,28,1.49215e-06
2741,29,0.000387908
2741,30,0.000417655
2741,31,2.42278e-06
2742,28,1.4292e-06
2742,29,0.000386368
2742,30,0.000430664
2742,31,2.58744e-06
2743,28,1.3487e-06
2743,29,0.000384753
2743,30,0.00044393
2743,31,2.75016e-06
2744,28,1.28055e-06
2744,29,0.000383052
2744,30,0.000457532
2744,31,2.94182e-06
2745,28,1.21468e-06
2745,29,0.000381264
2745,30,0.000471453
2745,31,3.12316e-06
2746,28,1.16102e-06
2746,29,0.000379411
2746,30,0.000485634
2746,31,3.31393e-06
2747,28,1.11948e-06
2747,29,0.00037746
2747,30,0.000500166
2747,31,3.49444e-06
2748,28,1.11999e-06
2748,29,0.000375394
2748,30,0.000515019
2748,31,3.70477e-06
2749,28,1.05248e-06
2749,29,0.000373271
2749,30,0.000530154
2749,31,3.93536e-06
2750,28,9.96877e-07
2750,29,0.000371062
2750,30,0.00054563
2750,31,4.18704e-06
2751,28,9.43121e-07
2751,29,0.000368757
2751,30,0.000561445
2751,31,4.44992e-06
2752,28,8.81144e-07
2752,29,0.000366366
2752,30,0.000577559
2752,31,4.71028e-06
2753,28,8.60882e-07
2753,29,0.000363879
2753,30,0.000593952
2753,31,4.99374e-06
2754,28,8.32275e-07
2754,29,0.000361307
2754,30,0.000610639
2754,31,5.31136e-06
2755,28,7.85264e-07
2755,29,0.00035866
2755,30,0.000627636
2755,31,5.61491e-06
2756,28,7.49791e-07
2756,29,0.000355939
2756,30,0.000644891
2756,31,5.93343e-06
2757,28,7.35801e-07
2757,29,0.000353124
2757,30,0.000662487
2757,31,6.25745e-06
2758,28,7.2324e-07
2758,29,0.000350226
2758,30,0.000680331
2758,31,6.63715e-06
2759,28,7.02056e-07
2759,29,0.000347247
2759,30,0.000698506
2759,31,7.00499e-06
2760,28,6.82199e-07
2760,29,0.000344175
2760,30,0.000716936
2760,31,7.40032e-06
2761,28,6.63619e-07
2761,29,0.000341024
2761,30,0.000735643
2761,31,7.81452e-06
2762,28,6.30347e-07
2762,29,0.000337813
2762,30,0.000754571
2762,31,8.24809e-06
2763,28,5.70106e-07
2763,29,0.000334513
2763,30,0.000773799
2763,31,8.71179e-06
2764,28,5.35083e-07
2764,29,0.000331147
2764,30,0.000793211
2764,31,9.20692e-06
2765,28,5.21157e-07
2765,29,0.000327695
2765,30,0.000812884
2765,31,9.70472e-06
2766,28,5.08287e-07
2766,29,0.000324169
2766,30,0.000832767
2766,31,1.0235e-05
2767,28,5.06434e-07
2767,29,0.000320559
2767,30,0.000852828
2767,31,1.08292e-05
2768,28,4.55557e-07
2768,29,0.000316899
2768,30,0.000873084
2768,31,1.14299e-05
2769,28,4.15621e-07
2769,29,0.000313159
2769,30,0.000893551
2769,31,1.20375e-05
2770,28,3.66588e-07
2770,29,0.000309362
2770,30,0.000914154
2770,31,1.26916e-05
2771,28,3.48423e-07
2771,29,0.000305508
2771,30,0.000934918
2771,31,1.33543e-05
2772,28,3.31092e-07
2772,29,0.000301571
2772,30,0.000955827
2772,31,1.40552e-05
2773,28,3.04563e-07
2773,29,0.000297582
2773,30,0.000976834
2773,31,1.4796e-05
2774,28,2.78804e-07
2774,29,0.000293543
2774,30,0.00099792
2774,31,1.55777e-05
2775,28,2.63784e-07
2775,29,0.000289427
2775,30,0.00101914
2775,31,1.63618e-05
2776,28,2.49473e-07
2776,29,0.000285256
2776,30,0.00104038
2776,31,1.7208e-05
2777,28,2.35844e-07
2777,29,0.000281043
2777,30,0.00106168
2777,31,1.80687e-05
2778,28,2.22867e-07
2778,29,0.000276791
2778,30,0.00108295
2778,31,1.89939e-05
2779,28,2.10517e-07
2779,29,0.00027248
2779,30,0.00110428
2779,31,1.9906e-05
2780,28,1.98768e-07
2780,29,0.000268126
2780,30,0.00112558
2780,31,2.08535e-05
2781,28,1.87594e-07
2781,29,0.00026374
2781,30,0.00114677
2781,31,2.18875e-05
2782,28,1.76972e-07
2782,29,0.000259305
2782,30,0.00116789
2782,31,2.29606e-05
2783,28,1.66879e-07
2783,29,0.000254824
2783,30,0.00118898
2783,31,2.40238e-05
2784,28,1.57291e-07
2784,29,0.000250321
2784,30,0.00120986
2784,31,2.51861e-05
2785,28,1.48189e-07
2785,29,0.000245799
2785,30,0.00123063
2785,31,2.63409e-05
2786,28,1.39549e-07
2786,29,0.00024124
2786,30,0.00125122
2786,31,2.75469e-05
2787,28,1.31354e-07
2787,29,0.000236669
2787,30,0.00127156
2787,31,2.88154e-05
2788,28,1.23582e-07
2788,29,0.000232057
2788,30,0.00129168
2788,31,3.01482e-05
2789,28,1.16216e-07
2789,29,0.00022744
2789,30,0.00131155
2789,31,3.14867e-05
2790,28,1.09237e-07
2790,29,0.000222819
2790,30,0.00133111
2790,31,3.288e-05
2791,28,1.02628e-07
2791,29,0.000218161
2791,30,0.00135037
2791,31,3.42992e-05
2792,28,7e-08
2792,29,0.000213519
2792,30,0.00136923
2792,31,3.5814e-05
2793,28,8e-08
2793,29,0.000208884
2793,30,0.00138772
2793,31,3.73771e-05
2794,28,5e-08
2794,29,0.000204221
2794,30,0.00140577
2794,31,3.90094e-05
2795,28,4e-08
2795,29,0.000199543
2795,30,0.00142342
2795,31,4.06421e-05
2796,28,4e-08
2796,29,0.000194913
2796,30,0.0014406
2796,31,4.23241e-05
2797,28,3e-08
2797,29,0.000190284
2797,30,0.00145729
2797,31,4.40553e-05
2798,28,5e-08
2798,29,0.000185691
2798,30,0.00147343
2798,31,4.58463e-05
2799,28,3e-08
2799,29,0.000181076
2799,30,0.00148901
2799,31,4.76977e-05
2800,29,0.000176534
2800,30,0.00150402
2800,31,4.958e-05
2801,29,0.000171997
2801,30,0.00151842
2801,31,5.15129e-05
2802,29,0.000167509
2802,30,0.00153219
2802,31,5.34964e-05
2803,29,0.000163033
2803,30,0.00154528
2803,31,5.55404e-05
2804,29,0.000158582
2804,30,0.0015577
2804,31,5.76155e-05
2805,29,0.00015419
2805,30,0.00156941
2805,31,5.97304e-05
2806,29,0.00014983
2806,30,0.00158038
2806,31,6.19145e-05
2807,29,0.000145514
2807,30,0.00159058
2807,31,6.41786e-05
2808,29,0.000141246
2808,30,0.0016
2808,31,6.64929e-05
2809,29,0.000137038
2809,30,0.00160865
2809,31,6.8827e-05
2810,29,0.000132874
2810,30,0.00161648
2810,31,7.12293e-05
2811,29,0.000128775
2811,30,0.00162348
2811,31,7.36701e-05
2812,29,0.000124735
2812,30,0.00162967
2812,31,7.61387e-05
2813,29,0.000120755
2813,30,0.00163497
2813,31,7.86937e-05
2814,29,0.000116828
2814,30,0.00163943
2814,31,8.12753e-05
2815,29,0.000112948
2815,30,0.00164305
2815,31,8.38823e-05
2816,29,0.000109169
2816,30,0.00164575
2816,31,8.65626e-05
2817,29,0.000105427
2817,30,0.00164755
2817,31,8.92961e-05
2817,32,1e-08
2818,29,0.000101766
2818,30,0.00164849
2818,31,9.20518e-05
2818,32,1e-08
2819,29,9.81676e-05
2819,30,0.00164855
2819,31,9.48177e-05
2819,32,3e-08
2820,29,9.46815e-05
2820,30,0.00164775
2820,31,9.76223e-05
2820,32,2e-08
2821,29,9.12201e-05
2821,30,0.00164602
2821,31,0.000100494
2821,32,3e-08
2822,29,8.78442e-05
2822,30,0.00164337
2822,31,0.000103442
2822,32,1e-08
2823,29,8.45749e-05
2823,30,0.00163989
2823,31,0.000106366
2823,32,1e-08
2824,29,8.13725e-05
2824,30,0.00163555
2824,31,0.000109323
2824,32,2e-08
2825,29,7.82582e-05
2825,30,0.00163033
2825,31,0.000112311
2825,32,3e-08
2826,29,7.52119e-05
2826,30,0.00162423
2826,31,0.000115369
2826,32,6e-08
2827,29,7.22545e-05
2827,30,0.00161726
2827,31,0.000118466
2827,32,8e-08
2828,29,6.93758e-05
2828,30,0.00160948
2828,31,0.00012158
2828,32,1.3e-07
2829,29,6.65657e-05
2829,30,0.00160096
2829,31,0.000124669
2829,32,1.6e-07
2830,29,6.38448e-05
2830,30,0.00159159
2830,31,0.000127811
2830,32,1.55766e-07
2831,29,6.12024e-05
2831,30,0.00158142
2831,31,0.000131014
2831,32,1.42302e-07
2832,29,5.86381e-05
2832,30,0.00157054
2832,31,0.000134197
2832,32,1.39118e-07
2833,29,5.61516e-05
2833,30,0.00155889
2833,31,0.000137428
2833,32,1.46224e-07
2834,29,5.37423e-05
2834,30,0.00154652
2834,31,0.000140685
2834,32,1.53629e-07
2835,29,5.14095e-05
2835,30,0.00153349
2835,31,0.000143927
2835,32,1.61341e-07
2836,29,4.91525e-05
2836,30,0.0015198
2836,31,0.000147181
2836,32,1.6937e-07
2837,29,4.69705e-05
2837,30,0.00150549
2837,31,0.000150405
2837,32,1.87726e-07
2838,29,4.48624e-05
2838,30,0.00149057
2838,31,0.000153657
2838,32,1.96418e-07
2839,29,4.28273e-05
2839,30,0.00147502
2839,31,0.000156945
2839,32,1.95456e-07
2840,29,4.0864e-05
2840,30,0.00145893
2840,31,0.000160228
2840,32,2.0485e-07
2841,29,3.89713e-05
2841,30,0.0014423
2841,31,0.000163504
2841,32,2.24611e-07
2842,29,3.7148e-05
2842,30,0.0014252
2842,31,0.000166769
2842,32,2.3522e-07
2843,29,3.53927e-05
2843,30,0.00140764
2843,31,0.000169993
2843,32,2.56234e-07
2844,29,3.37041e-05
2844,30,0.0013896
2844,31,0.000173263
2844,32,2.67665e-07
2845,29,3.20807e-05
2845,30,0.00137114
2845,31,0.000176528
2845,32,2.79983e-07
2846,29,3.05212e-05
2846,30,0.00135229
2846,31,0.000179797
2846,32,2.92758e-07
2847,29,2.90238e-05
2847,30,0.0013331
2847,31,0.000183047
2847,32,3.06001e-07
2848,29,2.75872e-05
2848,30,0.00131358
2848,31,0.000186288
2848,32,3.19725e-07
2849,29,2.62097e-05
2849,30,0.00129377
2849,31,0.000189487
2849,32,3.43942e-07
2850,29,2.48898e-05
2850,30,0.00127366
2850,31,0.000192723
2850,32,3.68666e-07
2851,29,2.36258e-05
2851,30,0.00125334
2851,31,0.000195914
2851,32,3.83908e-07
2852,29,2.24161e-05
2852,30,0.00123281
2852,31,0.000199078
2852,32,3.89684e-07
2853,29,2.12592e-05
2853,30,0.00121212
2853,31,0.000202195
2853,32,4.16005e-07
2854,29,2.01533e-05
2854,30,0.00119127
2854,31,0.000205292
2854,32,4.22886e-07
2855,29,1.90969e-05
2855,30,0.00117026
2855,31,0.000208408
2855,32,4.40763e-07
2856,29,1.80883e-05
2856,30,0.00114915
2856,31,0.000211503
2856,32,4.59243e-07
2857,29,1.71259e-05
2857,30,0.00112795
2857,31,0.000214564
2857,32,4.88339e-07
2858,29,1.62082e-05
2858,30,0.0011067
2858,31,0.000217611
2858,32,5.0848e-07
2859,29,1.53335e-05
2859,30,0.00108543
2859,31,0.000220623
2859,32,5.29282e-07
2860,29,1.45003e-05
2860,30,0.00106417
2860,31,0.000223578
2860,32,5.60761e-07
2861,29,1.37071e-05
2861,30,0.0010429
2861,31,0.000226545
2861,32,5.83335e-07
2862,29,1.29523e-05
2862,30,0.00102166
2862,31,0.000229474
2862,32,6.16631e-07
2863,29,1.22345e-05
2863,30,0.00100049
2863,31,0.000232374
2863,32,6.41064e-07
2864,29,1.15521e-05
2864,30,0.000979404
2864,31,0.000235223
2864,32,6.76266e-07
2865,29,1.09039e-05
2865,30,0.000958417
2865,31,0.000238051
2865,32,7.12256e-07
2866,29,1.02883e-05
2866,30,0.000937544
2866,31,0.000240858
2866,32,7.39051e-07
2867,29,9.70408e-06
2867,30,0.000916792
2867,31,0.000243622
2867,32,7.56672e-07
2868,29,9.14984e-06
2868,30,0.000896177
2868,31,0.000246362
2868,32,7.95518e-07
2869,29,8.6243e-06
2869,30,0.000875727
2869,31,0.00024907
2869,32,8.45238e-07
2870,29,8.12621e-06
2870,30,0.000855546
2870,31,0.000251733
2870,32,9.0623e-07
2871,29,7.65436e-06
2871,30,0.000835513
2871,31,0.000254331
2871,32,9.28148e-07
2872,29,7.20756e-06
2872,30,0.000815655
2872,31,0.000256913
2872,32,9.81014e-07
2873,29,6.78467e-06
2873,30,0.000796013
2873,31,0.000259449
2873,32,1.06522e-06
2874,29,6.38458e-06
2874,30,0.000776629
2874,31,0.00026194
2874,32,1.10522e-06
2875,29,6.00622e-06
2875,30,0.000757453
2875,31,0.000264414
2875,32,1.15644e-06
2876,29,5.64857e-06
2876,30,0.000738515
2876,31,0.000266851
2876,32,1.2194e-06
2877,29,5.31062e-06
2877,30,0.000719823
2877,31,0.000269261
2877,32,1.2845e-06
2878,29,4.99143e-06
2878,30,0.000701426
2878,31,0.000271613
2878,32,1.34168e-06
2879,29,4.69006e-06
2879,30,0.000683281
2879,31,0.000273938
2879,32,1.41076e-06
2880,29,4.40564e-06
2880,30,0.000665415
2880,31,0.000276226
2880,32,1.47179e-06
2881,29,4.13731e-06
2881,30,0.000647842
2881,31,0.000278485
2881,32,1.5247e-06
2882,29,3.88425e-06
2882,30,0.000630579
2882,31,0.000280676
2882,32,1.57921e-06
2883,29,3.64569e-06
2883,30,0.000613599
2883,31,0.00028283
2883,32,1.65568e-06
2884,29,3.42087e-06
2884,30,0.000596937
2884,31,0.000284925
2884,32,1.7243e-06
2885,29,3.20908e-06
2885,30,0.000580554
2885,31,0.000287013
2885,32,1.80511e-06
2886,29,3.00963e-06
2886,30,0.000564484
2886,31,0.000289052
2886,32,1.87817e-06
2887,29,2.82186e-06
2887,30,0.00054871
2887,31,0.000291053
2887,32,1.95356e-06
2888,29,2.64515e-06
2888,30,0.000533233
2888,31,0.000293026
2888,32,2.01121e-06
2889,29,2.4789e-06
2889,30,0.000518056
2889,31,0.000294961
2889,32,2.09085e-06
2890,29,2.32255e-06
2890,30,0.000503177
2890,31,0.000296858
2890,32,2.18286e-06
2891,29,2.17554e-06
2891,30,0.000488647
2891,31,0.000298708
2891,32,2.26764e-06
2892,29,2.03736e-06
2892,30,0.000474405
2892,31,0.000300529
2892,32,2.35458e-06
2893,29,1.90753e-06
2893,30,0.0004605
2893,31,0.000302294
2893,32,2.47376e-06
2894,29,1.78556e-06
2894,30,0.000446881
2894,31,0.000304031
2894,32,2.63555e-06
2895,29,1.67103e-06
2895,30,0.000433567
2895,31,0.00030571
2895,32,2.73369e-06
2896,29,1.56351e-06
2896,30,0.000420556
2896,31,0.000307382
2896,32,2.83522e-06
2897,29,1.46259e-06
2897,30,0.000407866
2897,31,0.000308988
2897,32,2.94967e-06
2898,29,1.36789e-06
2898,30,0.000395474
2898,31,0.000310577
2898,32,3.04744e-06
2899,29,1.27906e-06
2899,30,0.000383378
2899,31,0.000312119
2899,32,3.15798e-06
2900,29,1.19576e-06
2900,30,0.000371565
2900,31,0.000313635
2900,32,3.27167e-06
2901,29,1.11766e-06
2901,30,0.000360051
2901,31,0.000315114
2901,32,3.37858e-06
2902,29,1.04445e-06
2902,30,0.000348824
2902,31,0.000316548
2902,32,3.49849e-06
2903,29,9.75846e-07
2903,30,0.00033788
2903,31,0.000317936
2903,32,3.63179e-06
2904,29,9.11574e-07
2904,30,0.000327205
2904,31,0.000319298
2904,32,3.78855e-06
2905,29,8.51374e-07
2905,30,0.000316815
2905,31,0.000320614
2905,32,3.94897e-06
2906,29,7.95002e-07
2906,30,0.000306687
2906,31,0.000321916
2906,32,4.06345e-06
2907,29,7.42226e-07
2907,30,0.000296836
2907,31,0.000323162
2907,32,4.1918e-06
2908,29,6.92828e-07
2908,30,0.000287239
2908,31,0.000324384
2908,32,4.34452e-06
2909,29,6.46602e-07
2909,30,0.0002779
2909,31,0.000325571
2909,32,4.49163e-06
2910,29,6.03354e-07
2910,30,0.000268826
2910,31,0.000326724
2910,32,4.64323e-06
2911,29,5.62901e-07
2911,30,0.000260011
2911,31,0.000327823
2911,32,4.79902e-06
2912,29,5.2507e-07
2912,30,0.000251432
2912,31,0.000328918
2912,32,4.95911e-06
2913,29,4.89699e-07
2913,30,0.000243093
2913,31,0.00032996
2913,32,5.11332e-06
2914,29,4.56634e-07
2914,30,0.00023498
2914,31,0.000330987
2914,32,5.28204e-06
2915,29,4.25732e-07
2915,30,0.000227109
2915,31,0.000331962
2915,32,5.47548e-06
2916,29,3.96857e-07
2916,30,0.000219464
2916,31,0.000332903
2916,32,5.68406e-06
2917,29,3.6988e-07
2917,30,0.000212042
2917,31,0.000333812
2917,32,5.87791e-06
2918,29,3.44683e-07
2918,30,0.000204846
2918,31,0.000334678
2918,32,6.07727e-06
2919,29,3.11274e-07
2919,30,0.000197853
2919,31,0.000335532
2919,32,6.25206e-06
2920,29,3.05766e-07
2920,30,0.000191068
2920,31,0.000336354
2920,32,6.45213e-06
2921,29,2.81315e-07
2921,30,0.000184496
2921,31,0.000337124
2921,32,6.65771e-06
2922,29,2.5785e-07
2922,30,0.000178112
2922,31,0.000337872
2922,32,6.87924e-06
2923,29,2.65307e-07
2923,30,0.000171922
2923,31,0.000338598
2923,32,7.09685e-06
2924,29,2.13625e-07
2924,30,0.000165931
2924,31,0.000339273
2924,32,7.34042e-06
2925,29,2.12746e-07
2925,30,0.000160125
2925,31,0.000339927
2925,32,7.57011e-06
2926,29,1.92617e-07
2926,30,0.000154489
2926,31,0.00034054
2926,32,7.80568e-06
2927,29,1.53189e-07
2927,30,0.000149029
2927,31,0.000341132
2927,32,8.0578e-06
2928,29,1.54413e-07
2928,30,0.00014374
2928,31,0.000341703
2928,32,8.29689e-06
2929,29,1.26247e-07
2929,30,0.00013865
2929,31,0.000342214
2929,32,8.5926e-06
2930,29,1.8e-07
2930,30,0.00013369
2930,31,0.000342724
2930,32,8.83564e-06
2931,29,1.39253e-07
2931,30,0.000128899
2931,31,0.000343185
2931,32,9.10564e-06
2932,29,1.29258e-07
2932,30,0.000124262
2932,31,0.000343635
2932,32,9.38316e-06
2933,29,1.19963e-07
2933,30,0.000119764
2933,31,0.000344066
2933,32,9.69773e-06
2934,29,1.1132e-07
2934,30,0.000115423
2934,31,0.000344447
2934,32,9.99952e-06
2935,29,1.03285e-07
2935,30,0.000111234
2935,31,0.000344808
2935,32,1.03087e-05
2936,29,8e-08
2936,30,0.000107162
2936,31,0.00034514
2936,32,1.05958e-05
2937,29,4e-08
2937,30,0.000103225
2937,31,0.000345423
2937,32,1.09011e-05
2938,29,4e-08
2938,30,9.94285e-05
2938,31,0.000345667
2938,32,1.12253e-05
2939,29,1e-08
2939,30,9.57488e-05
2939,31,0.000345922
2939,32,1.15482e-05
2940,29,1e-08
2940,30,9.22026e-05
2940,31,0.000346108
2940,32,1.19394e-05
2941,30,8.87466e-05
2941,31,0.000346306
2941,32,1.22899e-05
2942,30,8.53995e-05
2942,31,0.000346455
2942,32,1.26792e-05
2943,30,8.21652e-05
2943,31,0.000346575
2943,32,1.30614e-05
2944,30,7.90705e-05
2944,31,0.000346688
2944,32,1.34335e-05
2945,30,7.60722e-05
2945,31,0.000346772
2945,32,1.38151e-05
2946,30,7.31969e-05
2946,31,0.000346819
2946,32,1.42166e-05
2947,30,7.04217e-05
2947,31,0.000346827
2947,32,1.46384e-05
2948,30,6.77634e-05
2948,31,0.000346818
2948,32,1.50612e-05
2949,30,6.51891e-05
2949,31,0.000346751
2949,32,1.55148e-05
2950,30,6.27056e-05
2950,31,0.000346686
2950,32,1.59604e-05
2951,30,6.02603e-05
2951,31,0.000346595
2951,32,1.64174e-05
2952,30,5.79605e-05
2952,31,0.000346486
2952,32,1.68761e-05
2953,30,5.56936e-05
2953,31,0.000346339
2953,32,1.73565e-05
2954,30,5.35169e-05
2954,31,0.000346146
2954,32,1.7859e-05
2955,30,5.14574e-05
2955,31,0.000345936
2955,32,1.83643e-05
2956,30,4.94728e-05
2956,31,0.000345699
2956,32,1.88823e-05
2957,30,4.75605e-05
2957,31,0.000345416
2957,32,1.94336e-05
2958,30,4.56946e-05
2958,31,0.000345117
2958,32,1.99888e-05
2959,30,4.38965e-05
2959,31,0.000344811
2959,32,2.05381e-05
2960,30,4.21448e-05
2960,31,0.000344459
2960,32,2.11212e-05
2961,30,4.04392e-05
2961,31,0.000344101
2961,32,2.16989e-05
2962,30,3.8815e-05
2962,31,0.000343697
2962,32,2.23111e-05
2963,30,3.72799e-05
2963,31,0.000343278
2963,32,2.29286e-05
2964,30,3.57721e-05
2964,31,0.000342833
2964,32,2.35617e-05
2965,30,3.43297e-05
2965,31,0.000342353
2965,32,2.42205e-05
2966,30,3.29506e-05
2966,31,0.000341857
2966,32,2.48859e-05
2967,30,3.16233e-05
2967,31,0.000341346
2967,32,2.55578e-05
2968,30,3.03458e-05
2968,31,0.00034079
2968,32,2.62663e-05
2969,30,2.91165e-05
2969,31,0.00034022
2969,32,2.69825e-05
2970,30,2.79338e-05
2970,31,0.000339614
2970,32,2.77263e-05
2971,30,2.67959e-05
2971,31,0.000338994
2971,32,2.84785e-05
2972,30,2.57014e-05
2972,31,0.000338359
2972,32,2.92392e-05
2973,30,2.46487e-05
2973,31,0.00033768
2973,32,3.00385e-05
2974,30,2.36363e-05
2974,31,0.000336977
2974,32,3.08574e-05
2975,30,2.2663e-05
2975,31,0.00033624
2975,32,3.17063e-05
2976,30,2.17271e-05
2976,31,0.000335489
2976,32,3.2566e-05
2977,30,2.08276e-05
2977,31,0.000334714
2977,32,3.34467e-05
2978,30,1.99629e-05
2978,31,0.000333925
2978,32,3.43388e-05
2979,30,1.9132e-05
2979,31,0.000333104
2979,32,3.52625e-05
2980,30,1.83335e-05
2980,31,0.000332259
2980,32,3.62085e-05
2981,30,1.75663e-05
2981,31,0.000331381
2981,32,3.71873e-05
2982,30,1.68294e-05
2982,31,0.0003305
2982,32,3.81698e-05
2983,30,1.61215e-05
2983,31,0.000329586
2983,32,3.9186e-05
2984,30,1.54416e-05
2984,31,0.00032866
2984,32,4.02166e-05
2985,30,1.47886e-05
2985,31,0.000327711
2985,32,4.12718e-05
2986,30,1.41617e-05
2986,31,0.00032674
2986,32,4.23523e-05
2987,30,1.35598e-05
2987,31,0.000325737
2987,32,4.34684e-05
2988,30,1.29821e-05
2988,31,0.000324722
2988,32,4.46011e-05
2989,30,1.24275e-05
2989,31,0.000323676
2989,32,4.57707e-05
2990,30,1.18953e-05
2990,31,0.000322618
2990,32,4.6958e-05
2991,30,1.13845e-05
2991,31,0.000321548
2991,32,4.81633e-05
2992,30,1.08945e-05
2992,31,0.000320447
2992,32,4.9407e-05
2993,30,1.04244e-05
2993,31,0.000319336
2993,32,5.067e-05
2994,30,9.97344e-06
2994,31,0.000318193
2994,32,5.19726e-05
2995,30,9.54091e-06
2995,31,0.00031704
2995,32,5.32958e-05
2996,30,9.12611e-06
2996,31,0.000315866
2996,32,5.46498e-05
2997,30,8.72836e-06
2997,31,0.000314662
2997,32,5.60455e-05
2998,30,8.34701e-06
2998,31,0.000313448
2998,32,5.74636e-05
2999,30,7.98141e-06
2999,31,0.000312204
2999,32,5.89247e-05
3000,30,7.63097e-06
3000,31,0.000310941
3000,32,6.04196e-05
3001,30,7.2951e-06
3001,31,0.000309648
3001,32,6.19591e-05
3002,30,6.97322e-06
3002,31,0.000308356
3002,32,6.35143e-05
3003,30,6.6648e-06
3003,31,0.000307045
3003,32,6.51053e-05
3004,30,6.36929e-06
3004,31,0.000305695
3004,32,6.67528e-05
3005,30,6.08621e-06
3005,31,0.000304337
3005,32,6.8428e-05
3006,30,5.81505e-06
3006,31,0.00030295
3006,32,7.01516e-05
3007,30,5.55535e-06
3007,31,0.000301566
3007,32,7.18946e-05
3008,30,5.30664e-06
3008,31,0.000300143
3008,32,7.36972e-05
3009,30,5.0685e-06
3009,31,0.000298723
3009,32,7.55208e-05
3010,30,4.8405e-06
3010,31,0.000297265
3010,32,7.74057e-05
3011,30,4.62224e-06
3011,31,0.0002958
3011,32,7.93232e-05
3012,30,4.41331e-06
3012,31,0.000294328
3012,32,8.1274e-05
3013,30,4.21336e-06
3013,31,0.000292839
3013,32,8.32686e-05
3014,30,4.02201e-06
3014,31,0.000291313
3014,32,8.53279e-05
3015,30,3.83891e-06
3015,31,0.000289771
3015,32,8.74333e-05
3016,30,3.66373e-06
3016,31,0.000288214
3016,32,8.95856e-05
3017,30,3.49615e-06
3017,31,0.00028665
3017,32,9.17758e-05
3018,30,3.33586e-06
3018,31,0.000285061
3018,32,9.40245e-05
3019,30,3.18255e-06
3019,31,0.000283476
3019,32,9.63029e-05
3020,30,3.03594e-06
3020,31,0.000281857
3020,32,9.86514e-05
3021,30,2.89576e-06
3021,31,0.000280222
3021,32,0.000101052
3022,30,2.76173e-06
3022,31,0.000278583
3022,32,0.000103495
3023,30,2.59874e-06
3023,31,0.00027693
3023,32,0.000105981
3023,33,1e-08
3024,30,2.46131e-06
3024,31,0.000275252
3024,32,0.000108531
3024,33,3e-08
3025,30,2.34906e-06
3025,31,0.00027357
3025,32,0.000111127
3025,33,5e-08
3026,30,2.22174e-06
3026,31,0.000271865
3026,32,0.000113789
3026,33,8e-08
3027,30,2.10917e-06
3027,31,0.000270157
3027,32,0.000116498
3027,33,1.3e-07
3028,30,2.01114e-06
3028,31,0.000268435
3028,32,0.000119275
3028,33,9e-08
3029,30,1.91746e-06
3029,31,0.00026669
3029,32,0.000122112
3029,33,9e-08
3030,30,1.82796e-06
3030,31,0.000264933
3030,32,0.000125009
3030,33,1e-07
3031,30,1.76244e-06
3031,31,0.000263173
3031,32,0.000127958
3031,33,8e-08
3032,30,1.67076e-06
3032,31,0.000261401
3032,32,0.00013097
3032,33,1.2e-07
3033,30,1.59274e-06
3033,31,0.000259618
3033,32,0.000134045
3033,33,1.9e-07
3034,30,1.51822e-06
3034,31,0.000257822
3034,32,0.000137175
3034,33,1.8e-07
3035,30,1.42707e-06
3035,31,0.000256025
3035,32,0.000140371
3035,33,1.9e-07
3036,30,1.35913e-06
3036,31,0.000254217
3036,32,0.000143623
3036,33,2e-07
3037,30,1.29426e-06
3037,31,0.000252398
3037,32,0.000146954
3037,33,2.5e-07
3038,30,1.23235e-06
3038,31,0.000250558
3038,32,0.000150362
3038,33,2.9482e-07
3039,30,1.17325e-06
3039,31,0.000248697
3039,32,0.000153852
3039,33,3.3811e-07
3040,30,1.11685e-06
3040,31,0.000246847
3040,32,0.000157393
3040,33,3.62124e-07
3041,30,1.06303e-06
3041,31,0.000244986
3041,32,0.000160996
3041,33,3.77535e-07
3042,30,1.01168e-06
3042,31,0.000243096
3042,32,0.000164712
3042,33,3.64859e-07
3043,30,9.62694e-07
3043,31,0.000241206
3043,32,0.000168484
3043,33,4.0313e-07
3044,30,9.15963e-07
3044,31,0.000239317
3044,32,0.000172322
3044,33,4.73031e-07
3045,30,8.71392e-07
3045,31,0.000237409
3045,32,0.000176246
3045,33,5.34656e-07
3046,30,8.28885e-07
3046,31,0.000235502
3046,32,0.000180229
3046,33,5.47472e-07
3047,30,7.88352e-07
3047,31,0.000233577
3047,32,0.000184321
3047,33,5.61545e-07
3048,30,7.49706e-07
3048,31,0.000231644
3048,32,0.000188484
3048,33,7.26942e-07
3049,30,7.12864e-07
3049,31,0.000229713
3049,32,0.000192718
3049,33,7.74074e-07
3050,30,6.77745e-07
3050,31,0.000227754
3050,32,0.000197055
3050,33,8.23779e-07
3051,30,6.44273e-07
3051,31,0.000225797
3051,32,0.000201467
3051,33,8.75867e-07
3052,30,6.12375e-07
3052,31,0.000223844
3052,32,0.000205963
3052,33,9.20456e-07
3053,30,5.8198e-07
3053,31,0.000221874
3053,32,0.000210555
3053,33,9.67376e-07
3054,30,5.53021e-07
3054,31,0.000219897
3054,32,0.000215225
3054,33,1.02675e-06
3055,30,5.25433e-07
3055,31,0.000217913
3055,32,0.000219983
3055,33,1.08913e-06
3056,30,4.99156e-07
3056,31,0.000215924
3056,32,0.000224831
3056,33,1.15454e-06
3057,30,4.74129e-07
3057,31,0.000213938
3057,32,0.00022976
3057,33,1.22342e-06
3058,30,4.50296e-07
3058,31,0.000211927
3058,32,0.000234809
3058,33,1.28599e-06
3059,30,4.27603e-07
3059,31,0.000209911
3059,32,0.000239942
3059,33,1.36184e-06
3060,30,4.05998e-07
3060,31,0.00020789
3060,32,0.000245178
3060,33,1.4317e-06
3061,30,3.85432e-07
3061,31,0.000205874
3061,32,0.000250479
3061,33,1.52523e-06
3062,30,3.65856e-07
3062,31,0.000203844
3062,32,0.000255895
3062,33,1.61349e-06
3063,30,3.47227e-07
3063,31,0.000201809
3063,32,0.000261418
3063,33,1.69614e-06
3064,30,3.29499e-07
3064,31,0.00019978
3064,32,0.000267018
3064,33,1.79309e-06
3065,30,3.12633e-07
3065,31,0.000197748
3065,32,0.000272717
3065,33,1.8952e-06
3066,30,2.96587e-07
3066,31,0.000195712
3066,32,0.000278504
3066,33,2.01269e-06
3067,30,2.81324e-07
3067,31,0.000193664
3067,32,0.000284411
3067,33,2.12649e-06
3068,30,2.66808e-07
3068,31,0.000191612
3068,32,0.000290419
3068,33,2.24629e-06
3069,30,2.53004e-07
3069,31,0.000189567
3069,32,0.000296527
3069,33,2.36239e-06
3070,30,2.39879e-07
3070,31,0.000187521
3070,32,0.000302728
3070,33,2.49457e-06
3071,30,2.274e-07
3071,31,0.000185482
3071,32,0.00030902
3071,33,2.63374e-06
3072,30,2.15538e-07
3072,31,0.000183421
3072,32,0.000315446
3072,33,2.77006e-06
3073,30,2.04264e-07
3073,31,0.000181359
3073,32,0.000321945
3073,33,2.9435e-06
3074,30,1.9355e-07
3074,31,0.000179305
3074,32,0.000328557
3074,33,3.10597e-06
3075,30,1.8337e-07
3075,31,0.000177261
3075,32,0.000335264
3075,33,3.2768e-06
3076,30,1.73698e-07
3076,31,0.000175205
3076,32,0.000342095
3076,33,3.44638e-06
3077,30,1.6451e-07
3077,31,0.000173139
3077,32,0.00034902
3077,33,3.64477e-06
3078,30,1.55783e-07
3078,31,0.000171093
3078,32,0.000356031
3078,33,3.85323e-06
3079,30,1.47496e-07
3079,31,0.000169038
3079,32,0.000363176
3079,33,4.05263e-06
3080,30,1.39627e-07
3080,31,0.000166992
3080,32,0.000370385
3080,33,4.29235e-06
3081,30,1.32156e-07
3081,31,0.000164937
3081,32,0.000377719
3081,33,4.53428e-06
3082,30,1.25064e-07
3082,31,0.000162883
3082,32,0.000385157
3082,33,4.7888e-06
3083,30,1.18332e-07
3083,31,0.00016083
3083,32,0.000392709
3083,33,5.04638e-06
3084,30,1.11944e-07
3084,31,0.000158789
3084,32,0.000400345
3084,33,5.32708e-06
3085,30,1.05883e-07
3085,31,0.000156749
3085,32,0.000408093
3085,33,5.6121e-06
3086,30,1.00133e-07
3086,31,0.000154712
3086,32,0.000415944
3086,33,5.91176e-06
3087,30,1e-07
3087,31,0.000152666
3087,32,0.000423897
3087,33,6.23676e-06
3088,30,1.1e-07
3088,31,0.000150634
3088,32,0.000431941
3088,33,6.57846e-06
3089,30,1.03971e-07
3089,31,0.000148594
3089,32,0.000440094
3089,33,6.93748e-06
3090,30,1.1e-07
3090,31,0.000146568
3090,32,0.000448356
3090,33,7.29486e-06
3091,30,1.03934e-07
3091,31,0.000144535
3091,32,0.000456687
3091,33,7.71036e-06
3092,30,1.1e-07
3092,31,0.000142506
3092,32,0.000465123
3092,33,8.13681e-06
3093,30,1.03895e-07
3093,31,0.000140492
3093,32,0.000473673
3093,33,8.55473e-06
3094,30,1.1e-07
3094,31,0.000138471
3094,32,0.000482308
3094,33,9.01371e-06
3095,30,1.03856e-07
3095,31,0.000136466
3095,32,0.000491033
3095,33,9.48551e-06
3096,30,1e-07
3096,31,0.000134456
3096,32,0.000499859
3096,33,9.98069e-06
3097,30,1e-07
3097,31,0.000132451
3097,32,0.000508762
3097,33,1.05103e-05
3098,30,7e-08
3098,31,0.000130452
3098,32,0.00051775
3098,33,1.10665e-05
3099,30,1.3e-07
3099,31,0.000128469
3099,32,0.000526791
3099,33,1.16704e-05
3100,30,1.22618e-07
3100,31,0.000126493
3100,32,0.000535922
3100,33,1.22941e-05
3101,30,1.15631e-07
3101,31,0.000124523
3101,32,0.00054513
3101,33,1.29488e-05
3102,30,1.0902e-07
3102,31,0.000122551
3102,32,0.000554423
3102,33,1.36356e-05
3103,30,1.02765e-07
3103,31,0.000120585
3103,32,0.000563797
3103,33,1.43461e-05
3104,30,1.3e-07
3104,31,0.000118628
3104,32,0.000573218
3104,33,1.51116e-05
3105,30,1.2249e-07
3105,31,0.000116689
3105,32,0.000582705
3105,33,1.59043e-05
3106,30,1.15388e-07
3106,31,0.000114758
3106,32,0.000592252
3106,33,1.67357e-05
3107,30,1.08675e-07
3107,31,0.000112826
3107,32,0.000601886
3107,33,1.75871e-05
3108,30,1.02329e-07
3108,31,0.000110913
3108,32,0.000611554
3108,33,1.84895e-05
3109,30,1.1e-07
3109,31,0.000108999
3109,32,0.00062126
3109,33,1.9455e-05
3110,30,1.0353e-07
3110,31,0.000107105
3110,32,0.000631011
3110,33,2.04566e-05
3111,30,9e-08
3111,31,0.000105211
3111,32,0.000640812
3111,33,2.15059e-05
3112,30,3e-08
3112,31,0.000103338
3112,32,0.000650607
3112,33,2.26349e-05
3113,30,1e-08
3113,31,0.000101475
3113,32,0.000660442
3113,33,2.38069e-05
3114,30,1e-08
3114,31,9.96138e-05
3114,32,0.000670342
3114,33,2.50039e-05
3115,31,9.77738e-05
3115,32,0.000680211
3115,33,2.62971e-05
3116,31,9.59356e-05
3116,32,0.000690143
3116,33,2.76103e-05
3117,31,9.41197e-05
3117,32,0.000700043
3117,33,2.90142e-05
3118,31,9.23161e-05
3118,32,0.000709965
3118,33,3.04631e-05
3119,31,9.05253e-05
3119,32,0.000719872
3119,33,3.19883e-05
3120,31,8.87376e-05
3120,32,0.000729788
3120,33,3.35729e-05
3121,31,8.69735e-05
3121,32,0.000739666
3121,33,3.52395e-05
3122,31,8.52232e-05
3122,32,0.0007495
3122,33,3.70013e-05
3123,31,8.34869e-05
3123,32,0.000759322
3123,33,3.88218e-05
3124,31,8.17651e-05
3124,32,0.000769105
3124,33,4.07233e-05
3125,31,8.00887e-05
3125,32,0.000778862
3125,33,4.26888e-05
3126,31,7.83954e-05
3126,32,0.000788535
3126,33,4.4771e-05
3127,31,7.67175e-05
3127,32,0.000798177
3127,33,4.69139e-05
3128,31,7.50554e-05
3128,32,0.0008077
3128,33,4.92001e-05
3129,31,7.34092e-05
3129,32,0.000817185
3129,33,5.15452e-05
3130,31,7.17795e-05
3130,32,0.000826574
3130,33,5.40012e-05
3131,31,7.01869e-05
3131,32,0.000835869
3131,33,5.65619e-05
3132,31,6.85899e-05
3132,32,0.000845062
3132,33,5.92311e-05
3133,31,6.70101e-05
3133,32,0.000854173
3133,33,6.19824e-05
3134,31,6.54479e-05
3134,32,0.000863135
3134,33,6.48781e-05
3135,31,6.38936e-05
3135,32,0.000871968
3135,33,6.78939e-05
3136,31,6.23419e-05
3136,32,0.000880633
3136,33,7.10636e-05
3137,31,6.08783e-05
3137,32,0.000889192
3137,33,7.43223e-05
3138,31,5.93931e-05
3138,32,0.000897585
3138,33,7.77227e-05
3139,31,5.78867e-05
3139,32,0.000905833
3139,33,8.12395e-05
3140,31,5.64391e-05
3140,32,0.000913887
3140,33,8.4906e-05
3140,34,1e-08
3141,31,5.50107e-05
3141,32,0.000921739
3141,33,8.87465e-05
3141,34,2e-08
3142,31,5.35917e-05
3142,32,0.000929378
3142,33,9.27571e-05
3142,34,5e-08
3143,31,5.22222e-05
3143,32,0.000936855
3143,33,9.68826e-05
3143,34,5e-08
3144,31,5.08325e-05
3144,32,0.000944112
3144,33,0.000101176
3144,34,4e-08
3145,31,4.94828e-05
3145,32,0.000951179
3145,33,0.000105603
3145,34,2e-08
3146,31,4.81533e-05
3146,32,0.000957987
3146,33,0.000110225
3146,34,2e-08
3147,31,4.6854e-05
3147,32,0.000964587
3147,33,0.00011499
3147,34,4e-08
3148,31,4.55653e-05
3148,32,0.000970901
3148,33,0.000119971
3148,34,1e-08
3149,31,4.42672e-05
3149,32,0.00097699
3149,33,0.000125102
3150,31,4.30198e-05
3150,32,0.000982794
3150,33,0.000130438
3151,31,4.18033e-05
3151,32,0.000988316
3151,33,0.000135965
3151,34,1e-08
3152,31,4.05979e-05
3152,32,0.000993557
3152,33,0.000141695
3153,31,3.94235e-05
3153,32,0.000998509
3153,33,0.000147616
3153,34,1e-08
3154,31,3.82402e-05
3154,32,0.00100319
3154,33,0.00015372
3154,34,2e-08
3155,31,3.70882e-05
3155,32,0.00100755
3155,33,0.000160041
3155,34,3e-08
3156,31,3.59675e-05
3156,32,0.00101159
3156,33,0.000166585
3156,34,2e-08
3157,31,3.48582e-05
3157,32,0.00101534
3157,33,0.000173325
3157,34,5e-08
3158,31,3.37802e-05
3158,32,0.00101871
3158,33,0.000180335
3158,34,1e-08
3159,31,3.27235e-05
3159,32,0.00102181
3159,33,0.000187502
3159,34,2e-08
3160,31,3.16783e-05
3160,32,0.00102451
3160,33,0.000194966
3160,34,1e-08
3161,31,3.06645e-05
3161,32,0.00102691
3161,33,0.000202615
3161,34,2e-08
3162,31,2.96719e-05
3162,32,0.00102894
3162,33,0.00021051
3162,34,2e-08
3163,31,2.87007e-05
3163,32,0.0010306
3163,33,0.000218665
3163,34,2e-08
3164,31,2.77508e-05
3164,32,0.00103195
3164,33,0.000227025
3164,34,1e-08
3165,31,2.6822e-05
3165,32,0.00103291
3165,33,0.000235641
3165,34,2e-08
3166,31,2.59144e-05
3166,32,0.00103346
3166,33,0.000244527
3166,34,3e-08
3167,31,2.50278e-05
3167,32,0.00103368
3167,33,0.000253647
3167,34,4e-08
3168,31,2.4162e-05
3168,32,0.00103353
3168,33,0.000263013
3168,34,1e-08
3169,31,2.33171e-05
3169,32,0.00103296
3169,33,0.000272687
3169,34,1e-08
3170,31,2.24928e-05
3170,32,0.00103202
3170,33,0.000282593
3170,34,1e-08
3171,31,2.16891e-05
3171,32,0.0010307
3171,33,0.000292751
3171,34,4e-08
3172,31,2.09057e-05
3172,32,0.00102903
3172,33,0.000303164
3172,34,4e-08
3173,31,2.01425e-05
3173,32,0.00102692
3173,33,0.000313862
3173,34,1e-07
3174,31,1.93993e-05
3174,32,0.00102444
3174,33,0.000324828
3174,34,1e-07
3175,31,1.86759e-05
3175,32,0.00102158
3175,33,0.000336051
3175,34,1.1e-07
3176,31,1.79721e-05
3176,32,0.00101833
3176,33,0.000347542
3176,34,1.4e-07
3177,31,1.72877e-05
3177,32,0.0010147
3177,33,0.000359292
3177,34,1.7e-07
3178,31,1.66225e-05
3178,32,0.00101067
3178,33,0.000371299
3178,34,2.28807e-07
3179,31,1.59763e-05
3179,32,0.00100627
3179,33,0.000383572
3179,34,2.4951e-07
3180,31,1.53487e-05
3180,32,0.00100149
3180,33,0.000396101
3180,34,3.12215e-07
3181,31,1.47396e-05
3181,32,0.000996314
3181,33,0.000408923
3181,34,3.46368e-07
3182,31,1.41487e-05
3182,32,0.000990783
3182,33,0.000421989
3182,34,3.32048e-07
3183,31,1.35757e-05
3183,32,0.000984892
3183,33,0.000435294
3183,34,3.80657e-07
3184,31,1.30204e-05
3184,32,0.000978626
3184,33,0.000448896
3184,34,4.30385e-07
3185,31,1.24824e-05
3185,32,0.00097198
3185,33,0.000462772
3185,34,4.66594e-07
3186,31,1.19615e-05
3186,32,0.000964999
3186,33,0.000476859
3186,34,5.24907e-07
3187,31,1.14573e-05
3187,32,0.00095767
3187,33,0.000491201
3187,34,5.76531e-07
3188,31,1.09697e-05
3188,32,0.000949988
3188,33,0.000505795
3188,34,6.30981e-07
3189,31,1.04982e-05
3189,32,0.000941991
3189,33,0.000520604
3189,34,6.87746e-07
3190,31,1.00425e-05
3190,32,0.000933656
3190,33,0.000535633
3190,34,7.56926e-07
3191,31,9.60244e-06
3191,32,0.000924991
3191,33,0.000550936
3191,34,7.99885e-07
3192,31,9.17756e-06
3192,32,0.000916024
3192,33,0.000566416
3192,34,8.851e-07
3193,31,8.76759e-06
3193,32,0.000906763
3193,33,0.000582094
3193,34,9.8373e-07
3194,31,8.37219e-06
3194,32,0.000897187
3194,33,0.000598013
3194,34,1.04592e-06
3195,31,7.99105e-06
3195,32,0.000887327
3195,33,0.000614075
3195,34,1.19139e-06
3196,31,7.62382e-06
3196,32,0.000877211
3196,33,0.000630339
3196,34,1.27762e-06
3197,31,7.27019e-06
3197,32,0.000866809
3197,33,0.000646777
3197,34,1.39806e-06
3198,31,6.92981e-06
3198,32,0.000856162
3198,33,0.000663387
3198,34,1.504e-06
3199,31,6.60237e-06
3199,32,0.000845251
3199,33,0.000680149
3199,34,1.61484e-06
3200,31,6.28752e-06
3200,32,0.000834127
3200,33,0.000697032
3200,34,1.77139e-06
3201,31,5.98495e-06
3201,32,0.000822801
3201,33,0.000714013
3201,34,1.9335e-06
3202,31,5.69432e-06
3202,32,0.000811233
3202,33,0.000731168
3202,34,2.05716e-06
3203,31,5.41529e-06
3203,32,0.000799506
3203,33,0.000748387
3203,34,2.18679e-06
3204,31,5.14756e-06
3204,32,0.000787552
3204,33,0.000765714
3204,34,2.34236e-06
3205,31,4.89079e-06
3205,32,0.000775442
3205,33,0.000783095
3205,34,2.50505e-06
3206,31,4.64466e-06
3206,32,0.000763128
3206,33,0.000800566
3206,34,2.68535e-06
3207,31,4.40885e-06
3207,32,0.000750695
3207,33,0.00081807
3207,34,2.85352e-06
3208,31,4.18305e-06
3208,32,0.000738132
3208,33,0.000835603
3208,34,3.01933e-06
3209,31,3.96695e-06
3209,32,0.000725414
3209,33,0.000853179
3209,34,3.19265e-06
3210,31,3.76023e-06
3210,32,0.000712623
3210,33,0.00087071
3210,34,3.3737e-06
3211,31,3.5626e-06
3211,32,0.00069972
3211,33,0.000888219
3211,34,3.5728e-06
3212,31,3.37376e-06
3212,32,0.000686729
3212,33,0.00090566
3212,34,3.81037e-06
3213,31,3.1934e-06
3213,32,0.000673652
3213,33,0.000923072
3213,34,4.03819e-06
3214,31,3.02124e-06
3214,32,0.000660531
3214,33,0.000940369
3214,34,4.29549e-06
3215,31,2.857e-06
3215,32,0.000647339
3215,33,0.000957601
3215,34,4.55349e-06
3216,31,2.70038e-06
3216,32,0.000634099
3216,33,0.000974711
3216,34,4.84227e-06
3217,31,2.55113e-06
3217,32,0.000620872
3217,33,0.000991658
3217,34,5.13297e-06
3218,31,2.40896e-06
3218,32,0.000607621
3218,33,0.00100848
3218,34,5.41557e-06
3219,31,2.27362e-06
3219,32,0.000594358
3219,33,0.00102513
3219,34,5.72936e-06
3220,31,2.14484e-06
3220,32,0.000581114
3220,33,0.00104155
3220,34,6.07543e-06
3221,31,2.02237e-06
3221,32,0.00056789
3221,33,0.00105776
3221,34,6.43543e-06
3222,31,1.90597e-06
3222,32,0.000554709
3222,33,0.00107376
3222,34,6.78974e-06
3223,31,1.79539e-06
3223,32,0.000541552
3223,33,0.00108951
3223,34,7.16733e-06
3224,31,1.69041e-06
3224,32,0.000528449
3224,33,0.00110503
3224,34,7.51927e-06
3225,31,1.59078e-06
3225,32,0.000515432
3225,33,0.00112021
3225,34,7.91379e-06
3226,31,1.49629e-06
3226,32,0.00050248
3226,33,0.00113512
3226,34,8.30276e-06
3227,31,1.40673e-06
3227,32,0.000489603
3227,33,0.00114972
3227,34,8.68593e-06
3228,31,1.32188e-06
3228,32,0.000476823
3228,33,0.00116396
3228,34,9.10252e-06
3229,31,1.24154e-06
3229,32,0.000464158
3229,33,0.00117779
3229,34,9.5737e-06
3230,31,1.1655e-06
3230,32,0.000451626
3230,33,0.00119122
3230,34,1.00512e-05
3231,31,1.09359e-06
3231,32,0.000439208
3231,33,0.0012043
3231,34,1.05047e-05
3232,31,1.02561e-06
3232,32,0.00042691
3232,33,0.00121696
3232,34,1.09732e-05
3233,31,9.61379e-07
3233,32,0.000414762
3233,33,0.00122917
3233,34,1.14768e-05
3234,31,9.00729e-07
3234,32,0.00040275
3234,33,0.00124087
3234,34,1.20468e-05
3235,31,8.43489e-07
3235,32,0.000390894
3235,33,0.00125216
3235,34,1.25848e-05
3236,31,7.89498e-07
3236,32,0.000379208
3236,33,0.00126293
3236,34,1.31593e-05
3237,31,7.386e-07
3237,32,0.0003677
3237,33,0.00127322
3237,34,1.37218e-05
3238,31,6.94163e-07
3238,32,0.000356346
3238,33,0.00128299
3238,34,1.43309e-05
3239,31,6.75816e-07
3239,32,0.000345171
3239,33,0.00129222
3239,34,1.49581e-05
3240,31,6.31156e-07
3240,32,0.000334181
3240,33,0.00130095
3240,34,1.55737e-05
3241,31,5.8916e-07
3241,32,0.000323391
3241,33,0.00130904
3241,34,1.62768e-05
3242,31,5.07885e-07
3242,32,0.000312796
3242,33,0.00131661
3242,34,1.69701e-05
3243,31,4.44205e-07
3243,32,0.000302388
3243,33,0.00132362
3243,34,1.76627e-05
3244,31,4.11938e-07
3244,32,0.000292193
3244,33,0.00133007
3244,34,1.83547e-05
3245,31,3.91011e-07
3245,32,0.000282192
3245,33,0.0013359
3245,34,1.90951e-05
3246,31,3.71355e-07
3246,32,0.0002724
3246,33,0.00134113
3246,34,1.98549e-05
3247,31,3.32903e-07
3247,32,0.000262839
3247,33,0.00134575
3247,34,2.06243e-05
3248,31,2.75591e-07
3248,32,0.00025348
3248,33,0.00134981
3248,34,2.13729e-05
3249,31,2.49356e-07
3249,32,0.000244335
3249,33,0.00135323
3249,34,2.217e-05
3250,31,2.44142e-07
3250,32,0.000235415
3250,33,0.00135599
3250,34,2.30164e-05
3251,31,2.59891e-07
3251,32,0.000226702
3251,33,0.00135818
3251,34,2.38334e-05
3252,31,2.66549e-07
3252,32,0.000218195
3252,33,0.00135975
3252,34,2.46894e-05
3253,31,2.64066e-07
3253,32,0.000209907
3253,33,0.00136065
3253,34,2.56051e-05
3254,31,2.32393e-07
3254,32,0.000201836
3254,33,0.00136096
3254,34,2.65223e-05
3255,31,1.81483e-07
3255,32,0.000193982
3255,33,0.00136064
3255,34,2.74595e-05
3256,31,1.51292e-07
3256,32,0.000186345
3256,33,0.00135975
3256,34,2.83768e-05
3257,31,1.51778e-07
3257,32,0.000178933
3257,33,0.0013582
3257,34,2.93534e-05
3258,31,1.429e-07
3258,32,0.000171736
3258,33,0.00135604
3258,34,3.034e-05
3259,31,1.34621e-07
3259,32,0.00016476
3259,33,0.00135327
3259,34,3.13564e-05
3260,31,1.6e-07
3260,32,0.000157995
3260,33,0.00134989
3260,34,3.24027e-05
3261,31,1.49613e-07
3261,32,0.000151437
3261,33,0.00134594
3261,34,3.34496e-05
3262,31,1.29942e-07
3262,32,0.000145075
3262,33,0.00134144
3262,34,3.45058e-05
3263,31,1.10943e-07
3263,32,0.000138917
3263,33,0.00133632
3263,34,3.56214e-05
3264,31,1.02572e-07
3264,32,0.000132969
3264,33,0.00133068
3264,34,3.67172e-05
3265,31,7e-08
3265,32,0.000127209
3265,33,0.00132448
3265,34,3.78418e-05
3266,31,8e-08
3266,32,0.000121654
3266,33,0.00131775
3266,34,3.89757e-05
3267,31,7e-08
3267,32,0.00011628
3267,33,0.00131045
3267,34,4.01885e-05
3268,31,6e-08
3268,32,0.000111093
3268,33,0.00130268
3268,34,4.13712e-05
3269,31,7e-08
3269,32,0.000106102
3269,33,0.00129441
3269,34,4.25628e-05
3270,31,4e-08
3270,32,0.000101281
3270,33,0.00128567
3270,34,4.37831e-05
3271,31,4e-08
3271,32,9.66371e-05
3271,33,0.00127642
3271,34,4.50514e-05
3272,31,4e-08
3272,32,9.21665e-05
3272,33,0.00126672
3272,34,4.63387e-05
3273,31,3e-08
3273,32,8.78653e-05
3273,33,0.00125663
3273,34,4.75945e-05
3274,31,8e-08
3274,32,8.37294e-05
3274,33,0.00124613
3274,34,4.8868e-05
3275,31,1e-07
3275,32,7.97548e-05
3275,33,0.00123519
3275,34,5.01786e-05
3276,31,7e-08
3276,32,7.59373e-05
3276,33,0.00122386
3276,34,5.15168e-05
3277,31,6e-08
3277,32,7.22728e-05
3277,33,0.00121214
3277,34,5.28926e-05
3278,31,5e-08
3278,32,6.87571e-05
3278,33,0.00120007
3278,34,5.4286e-05
3279,31,2e-08
3279,32,6.5396e-05
3279,33,0.0011877
3279,34,5.5646e-05
3280,31,5e-08
3280,32,6.21648e-05
3280,33,0.00117503
3280,34,5.70118e-05
3281,31,3e-08
3281,32,5.90799e-05
3281,33,0.00116203
3281,34,5.84132e-05
3282,31,1e-08
3282,32,5.61265e-05
3282,33,0.00114873
3282,34,5.98505e-05
3283,31,1e-08
3283,32,5.33007e-05
3283,33,0.00113519
3283,34,6.12833e-05
3284,32,5.05981e-05
3284,33,0.00112138
3284,34,6.27415e-05
3285,32,4.80148e-05
3285,33,0.00110731
3285,34,6.42549e-05
3286,32,4.55468e-05
3286,33,0.00109308
3286,34,6.57339e-05
3287,32,4.31455e-05
3287,33,0.00107866
3287,34,6.72074e-05
3287,35,1e-08
3288,32,4.09023e-05
3288,33,0.00106405
3288,34,6.87147e-05
3288,35,3e-08
3289,32,3.88022e-05
3289,33,0.00104927
3289,34,7.02356e-05
3289,35,3e-08
3290,32,3.67415e-05
3290,33,0.00103435
3290,34,7.17805e-05
3290,35,3e-08
3291,32,3.47965e-05
3291,33,0.00101934
3291,34,7.32988e-05
3291,35,3e-08
3292,32,3.29135e-05
3292,33,0.0010042
3292,34,7.48397e-05
3292,35,6e-08
3293,32,3.1139e-05
3293,33,0.000988949
3293,34,7.64226e-05
3293,35,1e-07
3294,32,2.94396e-05
3294,33,0.000973648
3294,34,7.79781e-05
3294,35,9e-08
3295,32,2.78619e-05
3295,33,0.000958272
3295,34,7.95654e-05
3295,35,1.1e-07
3296,32,2.63225e-05
3296,33,0.000942817
3296,34,8.11844e-05
3296,35,1.3e-07
3297,32,2.49082e-05
3297,33,0.000927357
3297,34,8.27845e-05
3297,35,1.35986e-07
3298,32,2.35059e-05
3298,33,0.000911865
3298,34,8.44053e-05
3298,35,1.32269e-07
3299,32,2.22125e-05
3299,33,0.000896376
3299,34,8.6027e-05
3299,35,1.49401e-07
3300,32,2.09752e-05
3300,33,0.000880912
3300,34,8.76395e-05
3300,35,1.56885e-07
3301,32,1.9781e-05
3301,33,0.000865425
3301,34,8.93019e-05
3301,35,1.75269e-07
3302,32,1.86671e-05
3302,33,0.000849989
3302,34,9.09645e-05
3302,35,1.84063e-07
3303,32,1.75853e-05
3303,33,0.000834595
3303,34,9.26366e-05
3303,35,1.93284e-07
3304,32,1.65602e-05
3304,33,0.000819263
3304,34,9.43085e-05
3304,35,2.02953e-07
3305,32,1.56373e-05
3305,33,0.000803976
3305,34,9.601e-05
3305,35,2.13087e-07
3306,32,1.47442e-05
3306,33,0.000788762
3306,34,9.77108e-05
3306,35,2.4371e-07
3307,32,1.38786e-05
3307,33,0.000773673
3307,34,9.93803e-05
3307,35,2.65362e-07
3308,32,1.30782e-05
3308,33,0.000758657
3308,34,0.000101078
3308,35,2.87571e-07
3309,32,1.23309e-05
3309,33,0.000743743
3309,34,0.000102784
3309,35,3.00877e-07
3310,32,1.16446e-05
3310,33,0.000728949
3310,34,0.000104498
3310,35,3.14815e-07
3311,32,1.09574e-05
3311,33,0.000714243
3311,34,0.000106249
3311,35,3.29411e-07
3312,32,1.03772e-05
3312,33,0.000699694
3312,34,0.000107978
3312,35,3.54696e-07
3313,32,9.76382e-06
3313,33,0.000685248
3313,34,0.000109744
3313,35,3.70698e-07
3314,32,9.18447e-06
3314,33,0.000670972
3314,34,0.000111487
3314,35,3.9745e-07
3315,32,8.63746e-06
3315,33,0.000656852
3315,34,0.000113228
3315,35,4.24983e-07
3316,32,8.14219e-06
3316,33,0.000642843
3316,34,0.000115014
3316,35,4.93333e-07
3317,32,7.65359e-06
3317,33,0.000628975
3317,34,0.000116798
3317,35,5.18087e-07
3318,32,7.1927e-06
3318,33,0.000615291
3318,34,0.000118587
3318,35,5.43988e-07
3319,32,6.74051e-06
3319,33,0.000601773
3319,34,0.000120363
3319,35,5.81086e-07
3320,32,6.35731e-06
3320,33,0.000588495
3320,34,0.000122164
3320,35,6.09933e-07
3321,32,5.92726e-06
3321,33,0.000575313
3321,34,0.000123961
3321,35,6.40105e-07
3322,32,5.52912e-06
3322,33,0.000562338
3322,34,0.000125764
3322,35,6.7166e-07
3323,32,5.15257e-06
3323,33,0.000549514
3323,34,0.000127592
3323,35,7.14657e-07
3324,32,4.83212e-06
3324,33,0.000536884
3324,34,0.000129405
3324,35,7.59647e-07
3325,32,4.54972e-06
3325,33,0.000524431
3325,34,0.000131233
3325,35,7.96718e-07
3326,32,4.23439e-06
3326,33,0.000512227
3326,34,0.000133026
3326,35,8.45469e-07
3327,32,3.9552e-06
3327,33,0.000500202
3327,34,0.000134833
3327,35,8.96461e-07
3328,32,3.73127e-06
3328,33,0.000488408
3328,34,0.000136634
3328,35,9.49787e-07
3329,32,3.49176e-06
3329,33,0.000476747
3329,34,0.000138449
3329,35,9.95548e-07
3330,32,3.27587e-06
3330,33,0.000465289
3330,34,0.000140288
3330,35,1.04336e-06
3331,32,3.08284e-06
3331,33,0.000454015
3331,34,0.00014211
3331,35,1.10332e-06
3332,32,2.89195e-06
3332,33,0.000442957
3332,34,0.000143927
3332,35,1.16598e-06
3333,32,2.75252e-06
3333,33,0.000432063
3333,34,0.000145756
3333,35,1.23148e-06
3334,32,2.59389e-06
3334,33,0.000421405
3334,34,0.000147589
3334,35,1.29991e-06
3335,32,2.40545e-06
3335,33,0.000410902
3335,34,0.000149444
3335,35,1.36141e-06
3336,32,2.26662e-06
3336,33,0.000400653
3336,34,0.000151283
3336,35,1.42563e-06
3337,32,2.09684e-06
3337,33,0.000390568
3337,34,0.000153114
3337,35,1.50268e-06
3338,32,1.9756e-06
3338,33,0.000380686
3338,34,0.000154948
3338,35,1.58316e-06
3339,32,1.8724e-06
3339,33,0.00037099
3339,34,0.000156775
3339,35,1.6672e-06
3340,32,1.75676e-06
3340,33,0.000361457
3340,34,0.000158643
3340,35,1.74496e-06
3341,32,1.64825e-06
3341,33,0.000352118
3341,34,0.000160503
3341,35,1.83611e-06
3342,32,1.54645e-06
3342,33,0.000343029
3342,34,0.000162355
3342,35,1.92127e-06
3343,32,1.47096e-06
3343,33,0.000334069
3343,34,0.000164219
3343,35,2.01014e-06
3344,32,1.3814e-06
3344,33,0.000325305
3344,34,0.000166064
3344,35,2.11286e-06
3345,32,1.30743e-06
3345,33,0.000316715
3345,34,0.00016793
3345,35,2.21007e-06
3346,32,1.2487e-06
3346,33,0.000308307
3346,34,0.000169788
3346,35,2.32148e-06
3347,32,1.16642e-06
3347,33,0.00030009
3347,34,0.000171636
3347,35,2.43772e-06
3348,32,1.09577e-06
3348,33,0.000292012
3348,34,0.000173504
3348,35,2.549e-06
3349,32,1.00097e-06
3349,33,0.000284185
3349,34,0.000175353
3349,35,2.68506e-06
3350,32,9.40277e-07
3350,33,0.000276497
3350,34,0.000177202
3350,35,2.817e-06
3351,32,8.53423e-07
3351,33,0.000268972
3351,34,0.000179041
3351,35,2.96462e-06
3352,32,7.8018e-07
3352,33,0.000261581
3352,34,0.000180899
3352,35,3.10859e-06
3353,32,7.30325e-07
3353,33,0.000254397
3353,34,0.000182746
3353,35,3.24872e-06
3354,32,6.73652e-07
3354,33,0.000247358
3354,34,0.000184583
3354,35,3.4148e-06
3355,32,6.29963e-07
3355,33,0.00024051
3355,34,0.000186429
3355,35,3.57798e-06
3356,32,5.79075e-07
3356,33,0.000233833
3356,34,0.000188273
3356,35,3.73809e-06
3357,32,5.40814e-07
3357,33,0.000227313
3357,34,0.000190106
3357,35,3.91497e-06
3358,32,5.05016e-07
3358,33,0.000220927
3358,34,0.000191967
3358,35,4.08932e-06
3359,32,4.71528e-07
3359,33,0.000214704
3359,34,0.000193796
3359,35,4.291e-06
3360,32,4.40205e-07
3360,33,0.000208631
3360,34,0.000195633
3360,35,4.4912e-06
3361,32,4.10913e-07
3361,33,0.000202715
3361,34,0.000197447
3361,35,4.70981e-06
3362,32,3.83522e-07
3362,33,0.000196943
3362,34,0.000199268
3362,35,4.9276e-06
3363,32,3.57914e-07
3363,33,0.000191304
3363,34,0.000201086
3363,35,5.1645e-06
3364,32,3.33975e-07
3364,33,0.000185804
3364,34,0.000202922
3364,35,5.39131e-06
3365,32,3.11601e-07
3365,33,0.000180441
3365,34,0.000204743
3365,35,5.63752e-06
3366,32,2.90691e-07
3366,33,0.000175203
3366,34,0.000206571
3366,35,5.89397e-06
3367,32,2.71152e-07
3367,33,0.000170096
3367,34,0.000208405
3367,35,6.15104e-06
3368,32,2.52897e-07
3368,33,0.00016514
3368,34,0.000210194
3368,35,6.43871e-06
3369,32,2.35844e-07
3369,33,0.0001603
3369,34,0.000212009
3369,35,6.71827e-06
3370,32,2.19915e-07
3370,33,0.000155594
3370,34,0.000213799
3370,35,7.0193e-06
3371,32,2.05039e-07
3371,33,0.00015101
3371,34,0.000215584
3371,35,7.33271e-06
3372,32,1.91148e-07
3372,33,0.000146544
3372,34,0.000217374
3372,35,7.64895e-06
3373,32,1.78177e-07
3373,33,0.000142186
3373,34,0.000219157
3373,35,7.9881e-06
3374,32,1.66069e-07
3374,33,0.000137941
3374,34,0.000220935
3374,35,8.34107e-06
3375,32,1.54765e-07
3375,33,0.000133809
3375,34,0.000222705
3375,35,8.70841e-06
3376,32,1.44216e-07
3376,33,0.000129786
3376,34,0.000224469
3376,35,9.09066e-06
3377,32,1.3437e-07
3377,33,0.000125881
3377,34,0.000226216
3377,35,9.4884e-06
3378,32,1.25183e-07
3378,33,0.00012207
3378,34,0.000227975
3378,35,9.89221e-06
3379,32,1.16612e-07
3379,33,0.000118362
3379,34,0.000229706
3379,35,1.03323e-05
3380,32,1.08616e-07
3380,33,0.000114764
3380,34,0.000231438
3380,35,1.07701e-05
3381,32,1.01157e-07
3381,33,0.000111263
3381,34,0.000233152
3381,35,1.12354e-05
3382,32,1.2e-07
3382,33,0.000107848
3382,34,0.000234867
3382,35,1.17194e-05
3383,32,1.11735e-07
3383,33,0.000104527
3383,34,0.000236573
3383,35,1.22226e-05
3384,32,1.04029e-07
3384,33,0.000101297
3384,34,0.000238259
3384,35,1.2756e-05
3385,32,1.3e-07
3385,33,9.81668e-05
3385,34,0.000239924
3385,35,1.33106e-05
3386,32,1.21008e-07
3386,33,9.51233e-05
3386,34,0.000241589
3386,35,1.38771e-05
3387,32,1.12626e-07
3387,33,9.21646e-05
3387,34,0.000243233
3387,35,1.44761e-05
3388,32,1.04813e-07
3388,33,8.92887e-05
3388,34,0.000244876
3388,35,1.50887e-05
3389,32,1.2e-07
3389,33,8.64937e-05
3389,34,0.000246507
3389,35,1.57255e-05
3390,32,1.11652e-07
3390,33,8.37676e-05
3390,34,0.000248136
3390,35,1.63872e-05
3391,32,1.03874e-07
3391,33,8.11287e-05
3391,34,0.000249733
3391,35,1.70849e-05
3392,32,8e-08
3392,33,7.8565e-05
3392,34,0.000251326
3392,35,1.77998e-05
3393,32,1.1e-07
3393,33,7.60744e-05
3393,34,0.000252917
3393,35,1.85326e-05
3394,32,1.02305e-07
3394,33,7.36553e-05
3394,34,0.000254493
3394,35,1.92938e-05
3395,32,9e-08
3395,33,7.12958e-05
3395,34,0.000256046
3395,35,2.01045e-05
3396,32,1.1e-07
3396,33,6.90044e-05
3396,34,0.000257584
3396,35,2.09466e-05
3397,32,1.02273e-07
3397,33,6.67895e-05
3397,34,0.000259096
3397,35,2.18212e-05
3398,32,1e-07
3398,33,6.46391e-05
3398,34,0.000260604
3398,35,2.27194e-05
3399,32,1.1e-07
3399,33,6.25415e-05
3399,34,0.000262105
3399,35,2.36521e-05
3400,32,1.0224e-07
3400,33,6.05054e-05
3400,34,0.00026359
3400,35,2.46205e-05
3401,32,8e-08
3401,33,5.84838e-05
3401,34,0.000265067
3401,35,2.56158e-05
3402,32,9e-08
3402,33,5.65905e-05
3402,34,0.000266518
3402,35,2.66589e-05
3403,32,5e-08
3403,33,5.47238e-05
3403,34,0.00026794
3403,35,2.77416e-05
3404,32,1e-08
3404,33,5.2962e-05
3404,34,0.000269354
3404,35,2.88552e-05
3405,33,5.12236e-05
3405,34,0.00027074
3405,35,3.00209e-05
3406,33,4.95071e-05
3406,34,0.000272106
3406,35,3.12303e-05
3407,33,4.78613e-05
3407,34,0.000273443
3407,35,3.24951e-05
3408,33,4.62746e-05
3408,34,0.000274779
3408,35,3.37873e-05
3409,33,4.47159e-05
3409,34,0.000276084
3409,35,3.51375e-05
3410,33,4.32339e-05
3410,34,0.000277358
3410,35,3.6548e-05
3411,33,4.18072e-05
3411,34,0.000278621
3411,35,3.80007e-05
3412,33,4.04046e-05
3412,34,0.000279851
3412,35,3.9517e-05
3413,33,3.9025e-05
3413,34,0.000281068
3413,35,4.10792e-05
3414,33,3.77071e-05
3414,34,0.000282262
3414,35,4.26988e-05
3415,33,3.64099e-05
3415,34,0.000283412
3415,35,4.43976e-05
3416,33,3.51621e-05
3416,34,0.000284538
3416,35,4.61584e-05
3417,33,3.39627e-05
3417,34,0.000285659
3417,35,4.79632e-05
3418,33,3.28006e-05
3418,34,0.000286745
3418,35,4.98434e-05
3419,33,3.16748e-05
3419,34,0.000287824
3419,35,5.17715e-05
3420,33,3.05842e-05
3420,34,0.000288857
3420,35,5.37889e-05
3421,33,2.95279e-05
3421,34,0.000289864
3421,35,5.58787e-05
3422,33,2.85049e-05
3422,34,0.000290833
3422,35,5.80531e-05
3423,33,2.75142e-05
3423,34,0.000291783
3423,35,6.0295e-05
3424,33,2.65549e-05
3424,34,0.000292706
3424,35,6.26164e-05
3425,33,2.56262e-05
3425,34,0.000293589
3425,35,6.50298e-05
3426,33,2.47271e-05
3426,34,0.000294452
3426,35,6.75183e-05
3427,33,2.38568e-05
3427,34,0.000295285
3427,35,7.0094e-05
3428,33,2.30144e-05
3428,34,0.000296078
3428,35,7.27697e-05
3429,33,2.21992e-05
3429,34,0.000296859
3429,35,7.55185e-05
3430,33,2.14103e-05
3430,34,0.000297599
3430,35,7.83626e-05
3430,36,1e-08
3431,33,2.0647e-05
3431,34,0.000298326
3431,35,8.12948e-05
3432,33,1.99085e-05
3432,34,0.000299001
3432,35,8.43377e-05
3432,36,1e-08
3433,33,1.91941e-05
3433,34,0.000299652
3433,35,8.74747e-05
3433,36,2e-08
3434,33,1.85031e-05
3434,34,0.000300259
3434,35,9.07286e-05
3434,36,4e-08
3435,33,1.78348e-05
3435,34,0.000300831
3435,35,9.41028e-05
3435,36,3e-08
3436,33,1.71885e-05
3436,34,0.000301379
3436,35,9.75709e-05
3436,36,4e-08
3437,33,1.65636e-05
3437,34,0.000301881
3437,35,0.000101176
3437,36,5e-08
3438,33,1.59593e-05
3438,34,0.000302357
3438,35,0.000104881
3438,36,7e-08
3439,33,1.53752e-05
3439,34,0.000302787
3439,35,0.00010873
3439,36,4e-08
3440,33,1.48105e-05
3440,34,0.000303179
3440,35,0.000112696
3440,36,5e-08
3441,33,1.42647e-05
3441,34,0.000303544
3441,35,0.000116793
3441,36,4e-08
3442,33,1.37373e-05
3442,34,0.000303851
3442,35,0.000121034
3442,36,9e-08
3443,33,1.32276e-05
3443,34,0.000304128
3443,35,0.000125404
3443,36,9e-08
3444,33,1.27351e-05
3444,34,0.000304357
3444,35,0.000129936
3444,36,1.3e-07
3445,33,1.22593e-05
3445,34,0.000304576
3445,35,0.000134584
3445,36,1.7e-07
3446,33,1.17997e-05
3446,34,0.000304744
3446,35,0.000139381
3446,36,2.25408e-07
3447,33,1.13557e-05
3447,34,0.000304862
3447,35,0.000144352
3447,36,2.38636e-07
3448,33,1.0927e-05
3448,34,0.000304928
3448,35,0.00014949
3448,36,2.52637e-07
3449,33,1.05129e-05
3449,34,0.000304963
3449,35,0.000154771
3449,36,2.77456e-07
3450,33,1.01131e-05
3450,34,0.000304955
3450,35,0.000160227
3450,36,2.93142e-07
3451,33,9.72714e-06
3451,34,0.000304915
3451,35,0.000165833
3451,36,3.09744e-07
3452,33,9.35453e-06
3452,34,0.000304821
3452,35,0.000171613
3452,36,3.47314e-07
3453,33,8.99488e-06
3453,34,0.000304693
3453,35,0.000177581
3453,36,3.56393e-07
3454,33,8.64778e-06
3454,34,0.000304521
3454,35,0.000183722
3454,36,3.86577e-07
3455,33,8.31283e-06
3455,34,0.000304304
3455,35,0.000190049
3455,36,4.17931e-07
3456,33,7.98963e-06
3456,34,0.000304052
3456,35,0.000196557
3456,36,4.3052e-07
3457,33,7.67783e-06
3457,34,0.000303745
3457,35,0.000203269
3457,36,4.54893e-07
3458,33,7.37704e-06
3458,34,0.000303391
3458,35,0.000210191
3458,36,4.80668e-07
3459,33,7.08693e-06
3459,34,0.00030298
3459,35,0.000217308
3459,36,5.37925e-07
3460,33,6.80713e-06
3460,34,0.000302533
3460,35,0.000224632
3460,36,5.8722e-07
3461,33,6.53733e-06
3461,34,0.000302048
3461,35,0.000232149
3461,36,6.38189e-07
3462,33,6.2772e-06
3462,34,0.000301495
3462,35,0.000239923
3462,36,6.51615e-07
3463,33,6.02642e-06
3463,34,0.000300904
3463,35,0.000247909
3463,36,7.06954e-07
3464,33,5.78469e-06
3464,34,0.000300254
3464,35,0.000256111
3464,36,7.74313e-07
3465,33,5.55171e-06
3465,34,0.000299555
3465,35,0.000264553
3465,36,8.34271e-07
3466,33,5.32719e-06
3466,34,0.000298807
3466,35,0.00027322
3466,36,8.865e-07
3467,33,5.11086e-06
3467,34,0.000298009
3467,35,0.000282125
3467,36,9.4159e-07
3468,33,4.90245e-06
3468,34,0.000297181
3468,35,0.000291264
3468,36,9.6037e-07
3469,33,4.70169e-06
3469,34,0.000296292
3469,35,0.000300649
3469,36,1.05191e-06
3470,33,4.50833e-06
3470,34,0.000295333
3470,35,0.000310305
3470,36,1.07702e-06
3471,33,4.32212e-06
3471,34,0.000294342
3471,35,0.000320206
3471,36,1.14616e-06
3472,33,4.14282e-06
3472,34,0.000293291
3472,35,0.000330365
3472,36,1.22862e-06
3473,33,3.97021e-06
3473,34,0.000292207
3473,35,0.000340787
3473,36,1.2857e-06
3474,33,3.80405e-06
3474,34,0.000291042
3474,35,0.000351496
3474,36,1.33652e-06
3475,33,3.64414e-06
3475,34,0.000289835
3475,35,0.000362464
3475,36,1.4313e-06
3476,33,3.49025e-06
3476,34,0.000288575
3476,35,0.000373686
3476,36,1.54068e-06
3477,33,3.34218e-06
3477,34,0.000287284
3477,35,0.000385173
3477,36,1.6658e-06
3478,33,3.19974e-06
3478,34,0.000285909
3478,35,0.000396968
3478,36,1.7663e-06
3479,33,3.06273e-06
3479,34,0.000284502
3479,35,0.000409046
3479,36,1.86248e-06
3480,33,2.93097e-06
3480,34,0.000283042
3480,35,0.000421387
3480,36,1.98398e-06
3481,33,2.80427e-06
3481,34,0.000281519
3481,35,0.000434025
3481,36,2.13218e-06
3482,33,2.68247e-06
3482,34,0.000279943
3482,35,0.000446971
3482,36,2.26765e-06
3483,33,2.56538e-06
3483,34,0.000278335
3483,35,0.000460177
3483,36,2.4058e-06
3484,33,2.45286e-06
3484,34,0.000276643
3484,35,0.000473695
3484,36,2.56155e-06
3485,33,2.34473e-06
3485,34,0.000274929
3485,35,0.000487485
3485,36,2.71601e-06
3486,33,2.24085e-06
3486,34,0.000273151
3486,35,0.000501558
3486,36,2.89878e-06
3487,33,2.14106e-06
3487,34,0.000271321
3487,35,0.000515914
3487,36,3.10171e-06
3488,33,2.02795e-06
3488,34,0.000269429
3488,35,0.000530592
3488,36,3.29496e-06
3489,33,1.96086e-06
3489,34,0.000267504
3489,35,0.000545534
3489,36,3.49876e-06
3490,33,1.87722e-06
3490,34,0.000265517
3490,35,0.000560766
3490,36,3.75287e-06
3491,33,1.75691e-06
3491,34,0.000263488
3491,35,0.000576279
3491,36,4.04899e-06
3492,33,1.66981e-06
3492,34,0.000261397
3492,35,0.000592109
3492,36,4.29325e-06
3493,33,1.6058e-06
3493,34,0.000259256
3493,35,0.000608226
3493,36,4.55022e-06
3494,33,1.54479e-06
3494,34,0.000257053
3494,35,0.000624606
3494,36,4.85063e-06
3495,33,1.48665e-06
3495,34,0.00025482
3495,35,0.000641266
3495,36,5.14648e-06
3496,33,1.43129e-06
3496,34,0.000252517
3496,35,0.000658231
3496,36,5.44762e-06
3497,33,1.37861e-06
3497,34,0.000250175
3497,35,0.000675438
3497,36,5.78429e-06
3498,33,1.29851e-06
3498,34,0.000247774
3498,35,0.000692951
3498,36,6.10828e-06
3499,33,1.24091e-06
3499,34,0.000245325
3499,35,0.000710705
3499,36,6.46877e-06
3500,33,1.19569e-06
3500,34,0.000242839
3500,35,0.000728664
3500,36,6.88759e-06
3501,33,1.13279e-06
3501,34,0.000240316
3501,35,0.000746868
3501,36,7.31765e-06
3502,33,1.08212e-06
3502,34,0.000237737
3502,35,0.00076534
3502,36,7.74888e-06
3503,33,1.06359e-06
3503,34,0.000235113
3503,35,0.000784052
3503,36,8.19153e-06
3504,33,1.01111e-06
3504,34,0.000232445
3504,35,0.000802985
3504,36,8.65609e-06
3505,33,9.7265e-07
3505,34,0.000229734
3505,35,0.000822109
3505,36,9.16371e-06
3506,33,9.24004e-07
3506,34,0.000226981
3506,35,0.000841453
3506,36,9.6763e-06
3507,33,9.09371e-07
3507,34,0.000224177
3507,35,0.000860986
3507,36,1.02239e-05
3508,33,8.63154e-07
3508,34,0.000221353
3508,35,0.000880675
3508,36,1.07981e-05
3509,33,8.19012e-07
3509,34,0.00021849
3509,35,0.000900496
3509,36,1.14297e-05
3510,33,7.76862e-07
3510,34,0.00021557
3510,35,0.000920495
3510,36,1.20816e-05
3511,33,7.36628e-07
3511,34,0.000212614
3511,35,0.000940638
3511,36,1.27543e-05
3512,33,7.11083e-07
3512,34,0.000209633
3512,35,0.00096091
3512,36,1.34387e-05
3513,33,6.73712e-07
3513,34,0.000206619
3513,35,0.000981284
3513,36,1.4155e-05
3514,33,6.60416e-07
3514,34,0.000203574
3514,35,0.00100173
3514,36,1.49145e-05
3515,33,6.25139e-07
3515,34,0.000200508
3515,35,0.00102223
3515,36,1.57188e-05
3516,33,5.91527e-07
3516,34,0.000197404
3516,35,0.00104275
3516,36,1.65893e-05
3517,33,5.5951e-07
3517,34,0.000194272
3517,35,0.00106334
3517,36,1.74596e-05
3518,33,4.84866e-07
3518,34,0.000191126
3518,35,0.00108394
3518,36,1.83589e-05
3519,33,4.31471e-07
3519,34,0.000187936
3519,35,0.00110451
3519,36,1.93282e-05
3520,33,4.0918e-07
3520,34,0.000184735
3520,35,0.00112507
3520,36,2.03104e-05
3521,33,3.77947e-07
3521,34,0.000181514
3521,35,0.00114556
3521,36,2.13552e-05
3522,33,3.47729e-07
3522,34,0.000178276
3522,35,0.00116594
3522,36,2.24651e-05
3523,33,3.28485e-07
3523,34,0.000175031
3523,35,0.0011862
3523,36,2.36227e-05
3524,33,3.10175e-07
3524,34,0.000171763
3524,35,0.00120637
3524,36,2.48094e-05
3525,33,2.92761e-07
3525,34,0.000168474
3525,35,0.0012264
3525,36,2.60358e-05
3526,33,2.76205e-07
3526,34,0.000165195
3526,35,0.00124622
3526,36,2.73233e-05
3527,33,2.60471e-07
3527,34,0.000161898
3527,35,0.00126584
3527,36,2.86737e-05
3528,33,2.45524e-07
3528,34,0.000158597
3528,35,0.00128524
3528,36,3.00589e-05
3529,33,2.31331e-07
3529,34,0.000155276
3529,35,0.00130438
3529,36,3.14996e-05
3530,33,2.17859e-07
3530,34,0.000151955
3530,35,0.00132319
3530,36,3.30477e-05
3531,33,2.05078e-07
3531,34,0.000148724
3531,35,0.00134169
3531,36,3.46465e-05
3532,33,1.92957e-07
3532,34,0.000145432
3532,35,0.00135987
3532,36,3.6287e-05
3533,33,1.81467e-07
3533,34,0.000142135
3533,35,0.00137767
3533,36,3.80005e-05
3534,33,1.70581e-07
3534,34,0.000138847
3534,35,0.00139508
3534,36,3.97885e-05
3535,33,1.6027e-07
3535,34,0.000135579
3535,35,0.00141205
3535,36,4.16333e-05
3536,33,1.50511e-07
3536,34,0.000132318
3536,35,0.00142861
3536,36,4.35254e-05
3537,33,1.41276e-07
3537,34,0.000129072
3537,35,0.00144467
3537,36,4.55064e-05
3538,33,1.32543e-07
3538,34,0.000125862
3538,35,0.00146021
3538,36,4.75687e-05
3539,33,1.24288e-07
3539,34,0.000122657
3539,35,0.00147522
3539,36,4.97038e-05
3540,33,1.16488e-07
3540,34,0.000119453
3540,35,0.0014897
3540,36,5.18834e-05
3541,33,1.09123e-07
3541,34,0.000116277
3541,35,0.00150358
3541,36,5.41572e-05
3542,33,1.02172e-07
3542,34,0.000113116
3542,35,0.00151685
3542,36,5.65279e-05
3543,33,1.4e-07
3543,34,0.000110004
3543,35,0.00152949
3543,36,5.89772e-05
3544,33,1.30947e-07
3544,34,0.00010692
3544,35,0.00154145
3544,36,6.15168e-05
3545,33,1.22416e-07
3545,34,0.000103889
3545,35,0.00155279
3545,36,6.40977e-05
3546,33,1.1438e-07
3546,34,0.00010085
3546,35,0.0015634
3546,36,6.67901e-05
3547,33,1.06816e-07
3547,34,9.78573e-05
3547,35,0.00157333
3547,36,6.95362e-05
3547,37,1e-08
3548,33,7e-08
3548,34,9.49217e-05
3548,35,0.00158252
3548,36,7.23655e-05
3549,33,8e-08
3549,34,9.20251e-05
3549,35,0.00159092
3549,36,7.53093e-05
3549,37,1e-08
3550,33,8e-08
3550,34,8.91488e-05
3550,35,0.00159859
3550,36,7.83198e-05
3550,37,2e-08
3551,33,6e-08
3551,34,8.63347e-05
3551,35,0.00160547
3551,36,8.14172e-05
3551,37,4e-08
3552,33,5e-08
3552,34,8.35641e-05
3552,35,0.0016115
3552,36,8.46517e-05
3552,37,4e-08
3553,33,5e-08
3553,34,8.08382e-05
3553,35,0.00161676
3553,36,8.79362e-05
3553,37,5e-08
3554,33,3e-08
3554,34,7.81485e-05
3554,35,0.0016212
3554,36,9.13199e-05
3554,37,8e-08
3555,33,4e-08
3555,34,7.55166e-05
3555,35,0.00162484
3555,36,9.47541e-05
3555,37,1e-07
3556,33,3e-08
3556,34,7.29232e-05
3556,35,0.00162763
3556,36,9.83173e-05
3556,37,6e-08
3557,33,4e-08
3557,34,7.03897e-05
3557,35,0.00162964
3557,36,0.000101891
3557,37,6e-08
3558,33,3e-08
3558,34,6.7917e-05
3558,35,0.00163076
3558,36,0.000105603
3558,37,6e-08
3559,33,3e-08
3559,34,6.54658e-05
3559,35,0.00163101
3559,36,0.000109426
3559,37,6e-08
3560,33,1e-08
3560,34,6.30971e-05
3560,35,0.00163046
3560,36,0.000113299
3560,37,9e-08
3561,34,6.07417e-05
3561,35,0.00162901
3561,36,0.000117313
3561,37,6e-08
3562,34,5.847e-05
3562,35,0.00162674
3562,36,0.000121387
3562,37,8e-08
3563,34,5.62425e-05
3563,35,0.00162363
3563,36,0.000125551
3563,37,8e-08
3564,34,5.40793e-05
3564,35,0.00161964
3564,36,0.000129846
3564,37,6e-08
3565,34,5.19506e-05
3565,35,0.00161486
3565,36,0.000134191
3565,37,7e-08
3566,34,4.98967e-05
3566,35,0.00160925
3566,36,0.000138636
3566,37,8e-08
3567,34,4.78976e-05
3567,35,0.00160281
3567,36,0.000143179
3567,37,7e-08
3568,34,4.59534e-05
3568,35,0.0015956
3568,36,0.00014779
3568,37,1e-07
3569,34,4.40639e-05
3569,35,0.00158758
3569,36,0.000152518
3569,37,1.3e-07
3570,34,4.22291e-05
3570,35,0.00157883
3570,36,0.000157293
3570,37,1.1e-07
3571,34,4.04487e-05
3571,35,0.00156931
3571,36,0.000162164
3571,37,8e-08
3572,34,3.87223e-05
3572,35,0.00155904
3572,36,0.000167138
3572,37,1e-07
3573,34,3.70497e-05
3573,35,0.00154809
3573,36,0.000172155
3573,37,1.1e-07
3574,34,3.54302e-05
3574,35,0.00153644
3574,36,0.000177274
3574,37,9e-08
3575,34,3.38634e-05
3575,35,0.00152409
3575,36,0.000182483
3575,37,9e-08
3576,34,3.23487e-05
3576,35,0.00151113
3576,36,0.000187731
3576,37,8e-08
3577,34,3.08854e-05
3577,35,0.00149748
3577,36,0.000193096
3577,37,1.1e-07
3578,34,2.94728e-05
3578,35,0.0014832
3578,36,0.000198576
3578,37,1.2e-07
3579,34,2.81101e-05
3579,35,0.00146836
3579,36,0.000204102
3579,37,1.2e-07
3580,34,2.67965e-05
3580,35,0.001453
3580,36,0.00020967
3580,37,1.2e-07
3581,34,2.5531e-05
3581,35,0.00143709
3581,36,0.000215319
3581,37,1.3e-07
3582,34,2.43129e-05
3582,35,0.00142069
3582,36,0.000221016
3582,37,1.7e-07
3583,34,2.31411e-05
3583,35,0.0014038
3583,36,0.000226789
3583,37,1.86519e-07
3584,34,2.20147e-05
3584,35,0.00138644
3584,36,0.000232666
3584,37,2.74071e-07
3585,34,2.09326e-05
3585,35,0.00136869
3585,36,0.000238567
3585,37,2.89688e-07
3586,34,1.98938e-05
3586,35,0.00135052
3586,36,0.000244527
3586,37,3.26098e-07
3587,34,1.88973e-05
3587,35,0.00133197
3587,36,0.000250566
3587,37,3.54473e-07
3588,34,1.79419e-05
3588,35,0.00131311
3588,36,0.000256631
3588,37,3.84404e-07
3589,34,1.70265e-05
3589,35,0.00129392
3589,36,0.000262759
3589,37,4.15965e-07
3590,34,1.61501e-05
3590,35,0.00127443
3590,36,0.000268948
3590,37,4.49231e-07
3591,34,1.53115e-05
3591,35,0.00125472
3591,36,0.000275155
3591,37,4.74282e-07
3592,34,1.45096e-05
3592,35,0.00123477
3592,36,0.000281408
3592,37,5.00582e-07
3593,34,1.37481e-05
3593,35,0.00121459
3593,36,0.000287715
3593,37,5.38184e-07
3594,34,1.30119e-05
3594,35,0.00119422
3594,36,0.000294062
3594,37,5.87759e-07
3595,34,1.23587e-05
3595,35,0.00117368
3595,36,0.000300457
3595,37,6.39867e-07
3596,34,1.16897e-05
3596,35,0.00115305
3596,36,0.000306858
3596,37,6.84478e-07
3597,34,1.10519e-05
3597,35,0.00113226
3597,36,0.000313342
3597,37,7.31364e-07
3598,34,1.04443e-05
3598,35,0.00111143
3598,36,0.000319796
3598,37,8.00625e-07
3599,34,9.8658e-06
3599,35,0.0010905
3599,36,0.000326316
3599,37,8.63418e-07
3600,34,9.29024e-06
3600,35,0.00106957
3600,36,0.000332842
3600,37,9.19303e-07
3601,34,8.79253e-06
3601,35,0.00104861
3601,36,0.000339398
3601,37,9.77958e-07
3602,34,8.27039e-06
3602,35,0.00102769
3602,36,0.000345944
3602,37,1.0395e-06
3603,34,7.76283e-06
3603,35,0.00100675
3603,36,0.000352546
3603,37,1.10392e-06
3604,34,7.34884e-06
3604,35,0.000985866
3604,36,0.000359142
3604,37,1.18148e-06
3605,34,6.94749e-06
3605,35,0.000965029
3605,36,0.000365777
3605,37,1.25259e-06
3606,34,6.58781e-06
3606,35,0.000944286
3606,36,0.000372391
3606,37,1.3471e-06
3607,34,6.20184e-06
3607,35,0.000923684
3607,36,0.00037899
3607,37,1.42602e-06
3608,34,5.84988e-06
3608,35,0.000903189
3608,36,0.00038559
3608,37,1.51853e-06
3609,34,5.5027e-06
3609,35,0.000882818
3609,36,0.000392209
3609,37,1.60532e-06
3610,34,5.22799e-06
3610,35,0.000862615
3610,36,0.000398813
3610,37,1.68616e-06
3611,34,4.91361e-06
3611,35,0.000842545
3611,36,0.000405431
3611,37,1.78063e-06
3612,34,4.61638e-06
3612,35,0.000822642
3612,36,0.000412058
3612,37,1.86946e-06
3613,34,4.33549e-06
3613,35,0.000802959
3613,36,0.000418621
3613,37,1.98225e-06
3614,34,4.07019e-06
3614,35,0.000783467
3614,36,0.000425178
3614,37,2.09999e-06
3615,34,3.81971e-06
3615,35,0.000764188
3615,36,0.000431726
3615,37,2.21315e-06
3616,34,3.63415e-06
3616,35,0.000745123
3616,36,0.000438261
3616,37,2.33124e-06
3617,34,3.40775e-06
3617,35,0.0007263
3617,36,0.00044475
3617,37,2.46461e-06
3618,34,3.19432e-06
3618,35,0.00070773
3618,36,0.000451201
3618,37,2.60386e-06
3619,34,2.9932e-06
3619,35,0.000689401
3619,36,0.00045763
3619,37,2.74908e-06
3620,34,2.80377e-06
3620,35,0.000671339
3620,36,0.000464015
3620,37,2.90047e-06
3621,34,2.62542e-06
3621,35,0.000653542
3621,36,0.000470341
3621,37,3.07827e-06
3622,34,2.47966e-06
3622,35,0.000636016
3622,36,0.000476656
3622,37,3.23362e-06
3623,34,2.32023e-06
3623,35,0.000618746
3623,36,0.000482937
3623,37,3.40564e-06
3624,34,2.17032e-06
3624,35,0.000601779
3624,36,0.000489142
3624,37,3.59498e-06
3625,34,2.01292e-06
3625,35,0.000585118
3625,36,0.000495306
3625,37,3.76226e-06
3626,34,1.85737e-06
3626,35,0.000568736
3626,36,0.000501407
3626,37,3.95652e-06
3627,34,1.74943e-06
3627,35,0.000552646
3627,36,0.000507433
3627,37,4.17904e-06
3628,34,1.62867e-06
3628,35,0.000536833
3628,36,0.000513449
3628,37,4.381e-06
3629,34,1.52482e-06
3629,35,0.000521318
3629,36,0.000519383
3629,37,4.61138e-06
3630,34,1.40526e-06
3630,35,0.000506123
3630,36,0.000525211
3630,37,4.87105e-06
3631,34,1.31188e-06
3631,35,0.000491219
3631,36,0.000531011
3631,37,5.11165e-06
3632,34,1.22432e-06
3632,35,0.000476617
3632,36,0.00053672
3632,37,5.38191e-06
3633,34,1.12361e-06
3633,35,0.000462327
3633,36,0.000542354
3633,37,5.65302e-06
3634,34,1.03337e-06
3634,35,0.00044834
3634,36,0.000547911
3634,37,5.935e-06
3635,34,9.67577e-07
3635,35,0.000434634
3635,36,0.000553398
3635,37,6.23837e-06
3636,34,8.95976e-07
3636,35,0.00042126
3636,36,0.000558781
3636,37,6.54387e-06
3637,34,8.28321e-07
3637,35,0.000408175
3637,36,0.000564099
3637,37,6.85143e-06
3638,34,7.94377e-07
3638,35,0.000395389
3638,36,0.000569308
3638,37,7.19125e-06
3639,34,7.13922e-07
3639,35,0.000382909
3639,36,0.000574445
3639,37,7.51431e-06
3640,34,6.66748e-07
3640,35,0.000370704
3640,36,0.000579498
3640,37,7.85987e-06
3641,34,6.12655e-07
3641,35,0.000358802
3641,36,0.000584434
3641,37,8.22898e-06
3642,34,5.71457e-07
3642,35,0.0003472
3642,36,0.00058927
3642,37,8.60228e-06
3643,34,5.22976e-07
3643,35,0.000335864
3643,36,0.000594014
3643,37,8.99992e-06
3644,34,4.77044e-07
3644,35,0.000324814
3644,36,0.000598652
3644,37,9.41268e-06
3645,34,4.43504e-07
3645,35,0.000314065
3645,36,0.000603153
3645,37,9.85136e-06
3646,34,4.12206e-07
3646,35,0.000303583
3646,36,0.000607552
3646,37,1.03067e-05
3647,34,3.8301e-07
3647,35,0.000293386
3647,36,0.000611838
3647,37,1.0769e-05
3648,34,3.55783e-07
3648,35,0.000283439
3648,36,0.000616029
3648,37,1.12485e-05
3649,34,3.30401e-07
3649,35,0.000273769
3649,36,0.000620112
3649,37,1.17258e-05
3650,34,3.06745e-07
3650,35,0.000264362
3650,36,0.000624065
3650,37,1.22306e-05
3651,34,2.84706e-07
3651,35,0.000255214
3651,36,0.000627905
3651,37,1.27442e-05
3652,34,2.64178e-07
3652,35,0.000246331
3652,36,0.00063158
3652,37,1.33064e-05
3653,34,2.45065e-07
3653,35,0.000237688
3653,36,0.000635158
3653,37,1.38691e-05
3654,34,2.27273e-07
3654,35,0.000229311
3654,36,0.000638557
3654,37,1.4482e-05
3655,34,2.10717e-07
3655,35,0.000221156
3655,36,0.000641875
3655,37,1.50871e-05
3656,34,1.95315e-07
3656,35,0.000213258
3656,36,0.00064505
3656,37,1.57039e-05
3657,34,1.80991e-07
3657,35,0.000205573
3657,36,0.000648081
3657,37,1.63727e-05
3658,34,1.67673e-07
3658,35,0.000198126
3658,36,0.000650994
3658,37,1.70352e-05
3659,34,1.55295e-07
3659,35,0.000190902
3659,36,0.000653749
3659,37,1.77411e-05
3660,34,1.43793e-07
3660,35,0.000183888
3660,36,0.000656364
3660,37,1.84819e-05
3661,34,1.33108e-07
3661,35,0.000177089
3661,36,0.000658857
3661,37,1.92285e-05
3662,34,1.23185e-07
3662,35,0.00017052
3662,36,0.000661177
3662,37,2.00108e-05
3663,34,1.13973e-07
3663,35,0.000164156
3663,36,0.000663352
3663,37,2.082e-05
3664,34,1.05423e-07
3664,35,0.000157982
3664,36,0.000665392
3664,37,2.16568e-05
3665,34,7e-08
3665,35,0.000152005
3665,36,0.000667274
3665,37,2.25321e-05
3666,34,1.1e-07
3666,35,0.000146229
3666,36,0.000669018
3666,37,2.3417e-05
3667,34,1.0167e-07
3667,35,0.000140631
3667,36,0.000670623
3667,37,2.43316e-05
3668,34,1e-07
3668,35,0.000135214
3668,36,0.000672057
3668,37,2.52965e-05
3669,34,7e-08
3669,35,0.000129977
3669,36,0.000673341
3669,37,2.62935e-05
3670,34,6e-08
3670,35,0.000124912
3670,36,0.000674503
3670,37,2.72934e-05
3671,34,7e-08
3671,35,0.000120018
3671,36,0.000675473
3671,37,2.8366e-05
3672,34,3e-08
3672,35,0.000115288
3672,36,0.00067632
3672,37,2.94438e-05
3673,34,2e-08
3673,35,0.000110729
3673,36,0.000676993
3673,37,3.05666e-05
3674,34,2e-08
3674,35,0.000106327
3674,36,0.000677514
3674,37,3.17257e-05
3675,34,1e-08
3675,35,0.000102066
3675,36,0.000677891
3675,37,3.29219e-05
3676,35,9.79638e-05
3676,36,0.000678114
3676,37,3.41458e-05
3677,35,9.39952e-05
3677,36,0.000678183
3677,37,3.54185e-05
3678,35,9.01668e-05
3678,36,0.000678099
3678,37,3.67312e-05
3679,35,8.64846e-05
3679,36,0.000677842
3679,37,3.80947e-05
3680,35,8.29243e-05
3680,36,0.000677452
3680,37,3.94908e-05
3681,35,7.95025e-05
3681,36,0.000676899
3681,37,4.09298e-05
3682,35,7.62052e-05
3682,36,0.000676214
3682,37,4.23926e-05
3683,35,7.30284e-05
3683,36,0.000675368
3683,37,4.39099e-05
3684,35,6.99688e-05
3684,36,0.000674362
3684,37,4.5483e-05
3685,35,6.70227e-05
3685,36,0.000673197
3685,37,4.71133e-05
3686,35,6.41866e-05
3686,36,0.000671883
3686,37,4.87921e-05
3687,35,6.14572e-05
3687,36,0.000670431
3687,37,5.05106e-05
3688,35,5.88311e-05
3688,36,0.000668823
3688,37,5.22898e-05
3689,35,5.63051e-05
3689,36,0.00066708
3689,37,5.41109e-05
3690,35,5.38759e-05
3690,36,0.000665184
3690,37,5.59947e-05
3691,35,5.15404e-05
3691,36,0.000663166
3691,37,5.79128e-05
3692,35,4.92956e-05
3692,36,0.000660997
3692,37,5.9896e-05
3693,35,4.71386e-05
3693,36,0.000658669
3693,37,6.19557e-05
3694,35,4.50663e-05
3694,36,0.000656225
3694,37,6.40439e-05
3694,38,1e-08
3695,35,4.3076e-05
3695,36,0.000653665
3695,37,6.61706e-05
3695,38,3e-08
3696,35,4.11649e-05
3696,36,0.000650952
3696,37,6.83863e-05
3696,38,2e-08
3697,35,3.93303e-05
3697,36,0.000648127
3697,37,7.06334e-05
3697,38,5e-08
3698,35,3.75696e-05
3698,36,0.000645123
3698,37,7.2992e-05
3698,38,6e-08
3699,35,3.58801e-05
3699,36,0.000642022
3699,37,7.53949e-05
3699,38,4e-08
3700,35,3.42595e-05
3700,36,0.000638797
3700,37,7.78529e-05
3700,38,3e-08
3701,35,3.27053e-05
3701,36,0.000635449
3701,37,8.03869e-05
3701,38,5e-08
3702,35,3.12152e-05
3702,36,0.00063197
3702,37,8.29887e-05
3702,38,5e-08
3703,35,2.97867e-05
3703,36,0.000628385
3703,37,8.56492e-05
3703,38,8e-08
3704,35,2.84178e-05
3704,36,0.000624684
3704,37,8.83797e-05
3704,38,9e-08
3705,35,2.71062e-05
3705,36,0.00062087
3705,37,9.11914e-05
3705,38,3e-08
3706,35,2.58499e-05
3706,36,0.000616936
3706,37,9.40762e-05
3706,38,5e-08
3707,35,2.46467e-05
3707,36,0.000612905
3707,37,9.70252e-05
3707,38,5e-08
3708,35,2.34948e-05
3708,36,0.000608779
3708,37,0.00010005
3708,38,7e-08
3709,35,2.23921e-05
3709,36,0.000604561
3709,37,0.000103141
3709,38,1e-07
3710,35,2.13369e-05
3710,36,0.000600234
3710,37,0.00010631
3710,38,1.15163e-07
3711,35,2.03273e-05
3711,36,0.000595791
3711,37,0.000109588
3711,38,1.21088e-07
3712,35,1.93616e-05
3712,36,0.000591264
3712,37,0.000112937
3712,38,1.27294e-07
3713,35,1.84381e-05
3713,36,0.000586616
3713,37,0.000116389
3713,38,1.43795e-07
3714,35,1.75551e-05
3714,36,0.000581911
3714,37,0.000119894
3714,38,1.50603e-07
3715,35,1.67111e-05
3715,36,0.000577142
3715,37,0.000123465
3715,38,1.68237e-07
3716,35,1.59044e-05
3716,36,0.00057229
3716,37,0.00012712
3716,38,1.86734e-07
3717,35,1.51338e-05
3717,36,0.000567349
3717,37,0.000130873
3717,38,2.06131e-07
3718,35,1.43976e-05
3718,36,0.000562303
3718,37,0.000134754
3718,38,2.16465e-07
3719,35,1.36945e-05
3719,36,0.000557213
3719,37,0.000138686
3719,38,2.37277e-07
3720,35,1.30232e-05
3720,36,0.000552064
3720,37,0.000142709
3720,38,2.68586e-07
3721,35,1.23823e-05
3721,36,0.000546838
3721,37,0.000146825
3721,38,2.90414e-07
3722,35,1.17707e-05
3722,36,0.000541548
3722,37,0.000151044
3722,38,2.93277e-07
3723,35,1.11872e-05
3723,36,0.000536196
3723,37,0.000155349
3723,38,3.16723e-07
3724,35,1.06304e-05
3724,36,0.000530787
3724,37,0.00015975
3724,38,3.40779e-07
3725,35,1.00995e-05
3725,36,0.000525313
3725,37,0.000164269
3725,38,3.55956e-07
3726,35,9.59313e-06
3726,36,0.000519777
3726,37,0.000168886
3726,38,3.71814e-07
3727,35,9.11043e-06
3727,36,0.000514223
3727,37,0.000173575
3727,38,3.88381e-07
3728,35,8.65033e-06
3728,36,0.000508622
3728,37,0.000178374
3728,38,3.75685e-07
3729,35,8.21189e-06
3729,36,0.000502958
3729,37,0.000183286
3729,38,4.03755e-07
3730,35,7.79417e-06
3730,36,0.000497264
3730,37,0.000188292
3730,38,4.33101e-07
3731,35,7.39627e-06
3731,36,0.000491532
3731,37,0.000193403
3731,38,4.63773e-07
3732,35,7.01733e-06
3732,36,0.000485776
3732,37,0.000198619
3732,38,4.95348e-07
3733,35,6.65653e-06
3733,36,0.000479978
3733,37,0.000203942
3733,38,5.17862e-07
3734,35,6.31307e-06
3734,36,0.000474152
3734,37,0.000209364
3734,38,5.51823e-07
3735,35,5.98617e-06
3735,36,0.000468279
3735,37,0.000214914
3735,38,6.16816e-07
3736,35,5.67512e-06
3736,36,0.000462404
3736,37,0.000220554
3736,38,7.12881e-07
3737,35,5.3792e-06
3737,36,0.000456518
3737,37,0.000226315
3737,38,7.47481e-07
3738,35,5.09773e-06
3738,36,0.000450603
3738,37,0.000232187
3738,38,7.93636e-07
3739,35,4.83007e-06
3739,36,0.000444694
3739,37,0.000238142
3739,38,8.51985e-07
3740,35,4.57558e-06
3740,36,0.000438751
3740,37,0.00024423
3740,38,9.13085e-07
3741,35,4.33367e-06
3741,36,0.000432809
3741,37,0.000250421
3741,38,9.77166e-07
3742,35,4.10377e-06
3742,36,0.000426849
3742,37,0.000256756
3742,38,1.02413e-06
3743,35,3.88531e-06
3743,36,0.000420863
3743,37,0.000263217
3743,38,1.08319e-06
3744,35,3.67778e-06
3744,36,0.000414905
3744,37,0.000269764
3744,38,1.14487e-06
3745,35,3.48066e-06
3745,36,0.000408937
3745,37,0.000276427
3745,38,1.21939e-06
3746,35,3.29347e-06
3746,36,0.000402951
3746,37,0.000283246
3746,38,1.27722e-06
3747,35,3.11575e-06
3747,36,0.000396979
3747,37,0.000290173
3747,38,1.33758e-06
3748,35,2.94705e-06
3748,36,0.000391024
3748,37,0.000297187
3748,38,1.42056e-06
3749,35,2.78695e-06
3749,36,0.000385088
3749,37,0.000304319
3749,38,1.49717e-06
3750,35,2.63503e-06
3750,36,0.000379153
3750,37,0.000311557
3750,38,1.5971e-06
3751,35,2.49091e-06
3751,36,0.000373231
3751,37,0.000318922
3751,38,1.69147e-06
3752,35,2.35421e-06
3752,36,0.000367334
3752,37,0.000326393
3752,38,1.79001e-06
3753,35,2.22459e-06
3753,36,0.000361444
3753,37,0.000334001
3753,38,1.883e-06
3754,35,2.10168e-06
3754,36,0.000355583
3754,37,0.000341726
3754,38,1.97007e-06
3755,35,1.98518e-06
3755,36,0.000349733
3755,37,0.000349557
3755,38,2.08084e-06
3756,35,1.87476e-06
3756,36,0.000343896
3756,37,0.000357524
3756,38,2.18642e-06
3757,35,1.77014e-06
3757,36,0.000338093
3757,37,0.000365605
3757,38,2.28657e-06
3758,35,1.67102e-06
3758,36,0.000332318
3758,37,0.000373781
3758,38,2.41091e-06
3759,35,1.57714e-06
3759,36,0.00032658
3759,37,0.000382069
3759,38,2.53058e-06
3760,35,1.48824e-06
3760,36,0.000320873
3760,37,0.00039046
3760,38,2.66522e-06
3761,35,1.40406e-06
3761,36,0.000315196
3761,37,0.000398962
3761,38,2.80567e-06
3762,35,1.32438e-06
3762,36,0.000309553
3762,37,0.000407573
3762,38,2.95204e-06
3763,35,1.24896e-06
3763,36,0.000303944
3763,37,0.000416301
3763,38,3.09466e-06
3764,35,1.1776e-06
3764,36,0.000298371
3764,37,0.000425127
3764,38,3.25311e-06
3765,35,1.11009e-06
3765,36,0.000292826
3765,37,0.000434046
3765,38,3.43813e-06
3766,35,1.04623e-06
3766,36,0.00028732
3766,37,0.000443098
3766,38,3.60088e-06
3767,35,9.85846e-07
3767,36,0.000281864
3767,37,0.000452231
3767,38,3.7802e-06
3768,35,9.2875e-07
3768,36,0.000276459
3768,37,0.000461462
3768,38,3.95682e-06
3769,35,8.74777e-07
3769,36,0.000271077
3769,37,0.000470778
3769,38,4.1706e-06
3770,35,8.23766e-07
3770,36,0.00026574
3770,37,0.000480188
3770,38,4.39299e-06
3771,35,7.75565e-07
3771,36,0.000260457
3771,37,0.000489697
3771,38,4.60439e-06
3772,35,7.30028e-07
3772,36,0.000255221
3772,37,0.000499274
3772,38,4.84409e-06
3773,35,6.87017e-07
3773,36,0.000250042
3773,37,0.000508924
3773,38,5.09337e-06
3774,35,6.464e-07
3774,36,0.000244892
3774,37,0.000518695
3774,38,5.33268e-06
3775,35,6.08051e-07
3775,36,0.000239801
3775,37,0.000528533
3775,38,5.58145e-06
3776,35,5.71852e-07
3776,36,0.00023476
3776,37,0.000538445
3776,38,5.83988e-06
3777,35,5.37688e-07
3777,36,0.000229771
3777,37,0.000548416
3777,38,6.11816e-06
3778,35,5.08884e-07
3778,36,0.000224844
3778,37,0.000558453
3778,38,6.39699e-06
3779,35,4.84983e-07
3779,36,0.000219959
3779,37,0.000568551
3779,38,6.69629e-06
3780,35,4.52392e-07
3780,36,0.000215119
3780,37,0.000578725
3780,38,6.99689e-06
3781,35,4.41044e-07
3781,36,0.000210343
3781,37,0.000588932
3781,38,7.31886e-06
3782,35,3.90876e-07
3782,36,0.000205622
3782,37,0.000599186
3782,38,7.65292e-06
3783,35,3.81826e-07
3783,36,0.000200958
3783,37,0.000609471
3783,38,8.00956e-06
3784,35,3.23836e-07
3784,36,0.00019636
3784,37,0.000619803
3784,38,8.35953e-06
3785,35,3.26853e-07
3785,36,0.000191809
3785,37,0.000630175
3785,38,8.72213e-06
3786,35,3.00822e-07
3786,36,0.000187326
3786,37,0.000640524
3786,38,9.13784e-06
3787,35,2.85695e-07
3787,36,0.000182895
3787,37,0.00065094
3787,38,9.53882e-06
3788,35,2.71424e-07
3788,36,0.000178529
3788,37,0.00066134
3788,38,9.96407e-06
3789,35,2.87964e-07
3789,36,0.000174262
3789,37,0.000671757
3789,38,1.04045e-05
3790,35,2.45271e-07
3790,36,0.000170001
3790,37,0.000682183
3790,38,1.08504e-05
3791,35,1.83305e-07
3791,36,0.000165811
3791,37,0.000692593
3791,38,1.13118e-05
3792,35,1.72028e-07
3792,36,0.000161672
3792,37,0.00070297
3792,38,1.18192e-05
3793,35,1.61401e-07
3793,36,0.000157584
3793,37,0.000713375
3793,38,1.23042e-05
3794,35,1.5139e-07
3794,36,0.000153557
3794,37,0.000723743
3794,38,1.28157e-05
3795,35,1.41963e-07
3795,36,0.000149611
3795,37,0.000734076
3795,38,1.33244e-05
3796,35,1.33086e-07
3796,36,0.000145728
3796,37,0.000744326
3796,38,1.38899e-05
3797,35,1.2473e-07
3797,36,0.000141926
3797,37,0.000754526
3797,38,1.44843e-05
3798,35,1.16867e-07
3798,36,0.000138165
3798,37,0.000764686
3798,38,1.50683e-05
3799,35,1.09469e-07
3799,36,0.000134465
3799,37,0.00077475
3799,38,1.5701e-05
3800,35,1.02511e-07
3800,36,0.000130828
3800,37,0.000784748
3800,38,1.63444e-05
3801,35,1.2e-07
3801,36,0.000127253
3801,37,0.000794643
3801,38,1.70283e-05
3802,35,1.12309e-07
3802,36,0.00012372
3802,37,0.000804446
3802,38,1.77343e-05
3803,35,1.05081e-07
3803,36,0.000120249
3803,37,0.000814188
3803,38,1.84225e-05
3804,35,7e-08
3804,36,0.00011687
3804,37,0.000823811
3804,38,1.9142e-05
3805,35,8e-08
3805,36,0.000113503
3805,37,0.000833317
3805,38,1.98833e-05
3806,35,5e-08
3806,36,0.000110197
3806,37,0.000842706
3806,38,2.0647e-05
3807,35,7e-08
3807,36,0.000106983
3807,37,0.000851951
3807,38,2.14435e-05
3808,35,5e-08
3808,36,0.000103861
3808,37,0.000861062
3808,38,2.22436e-05
3809,35,6e-08
3809,36,0.00010078
3809,37,0.00087001
3809,38,2.3077e-05
3810,35,5e-08
3810,36,9.77508e-05
3810,37,0.000878816
3810,38,2.39242e-05
3811,35,5e-08
3811,36,9.47724e-05
3811,37,0.000887442
3811,38,2.47952e-05
3812,35,5e-08
3812,36,9.18846e-05
3812,37,0.000895849
3812,38,2.57304e-05
3813,35,6e-08
3813,36,8.90573e-05
3813,37,0.000904078
3813,38,2.66817e-05
3814,35,3e-08
3814,36,8.627e-05
3814,37,0.00091213
3814,38,2.76493e-05
3815,35,6e-08
3815,36,8.35627e-05
3815,37,0.000919976
3815,38,2.8633e-05
3816,35,5e-08
3816,36,8.09049e-05
3816,37,0.000927639
3816,38,2.96227e-05
3817,35,8e-08
3817,36,7.83163e-05
3817,37,0.00093505
3817,38,3.0658e-05
3818,35,4e-08
3818,36,7.57764e-05
3818,37,0.00094224
3818,38,3.172e-05
3819,35,5e-08
3819,36,7.3295e-05
3819,37,0.000949182
3819,38,3.28188e-05
3820,35,5e-08
3820,36,7.08816e-05
3820,37,0.000955867
3820,38,3.39452e-05
3821,35,7e-08
3821,36,6.85154e-05
3821,37,0.000962288
3821,38,3.51193e-05
3822,35,4e-08
3822,36,6.62063e-05
3822,37,0.000968466
3822,38,3.63023e-05
3823,35,5e-08
3823,36,6.39637e-05
3823,37,0.000974355
3823,38,3.75235e-05
3824,35,2e-08
3824,36,6.17767e-05
3824,37,0.000979978
3824,38,3.87634e-05
3825,35,2e-08
3825,36,5.96447e-05
3825,37,0.000985287
3825,38,4.00619e-05
3826,35,2e-08
3826,36,5.75572e-05
3826,37,0.000990366
3826,38,4.13405e-05
3827,35,1e-08
3827,36,5.55239e-05
3827,37,0.000995149
3827,38,4.26473e-05
3828,36,5.35442e-05
3828,37,0.0009996
3828,38,4.40125e-05
3829,36,5.16273e-05
3829,37,0.00100373
3829,38,4.54073e-05
3830,36,4.97623e-05
3830,37,0.00100758
3830,38,4.68016e-05
3831,36,4.79485e-05
3831,37,0.00101112
3831,38,4.82145e-05
3832,36,4.61852e-05
3832,37,0.00101432
3832,38,4.96758e-05
3833,36,4.44715e-05
3833,37,0.00101715
3833,38,5.12058e-05
3834,36,4.28069e-05
3834,37,0.00101971
3834,38,5.27061e-05
3835,36,4.11906e-05
3835,37,0.00102192
3835,38,5.42548e-05
3836,36,3.96217e-05
3836,37,0.00102375
3836,38,5.58724e-05
3837,36,3.80995e-05
3837,37,0.00102528
3837,38,5.74794e-05
3838,36,3.66233e-05
3838,37,0.00102645
3838,38,5.91248e-05
3839,36,3.51921e-05
3839,37,0.00102727
3839,38,6.08189e-05
3840,36,3.38053e-05
3840,37,0.00102772
3840,38,6.25518e-05
3841,36,3.2462e-05
3841,37,0.00102786
3841,38,6.42837e-05
3842,36,3.11613e-05
3842,37,0.00102767
3842,38,6.60238e-05
3843,36,2.99025e-05
3843,37,0.00102715
3843,38,6.77814e-05
3844,36,2.86846e-05
3844,37,0.00102627
3844,38,6.95758e-05
3845,36,2.75069e-05
3845,37,0.00102503
3845,38,7.14071e-05
3846,36,2.63684e-05
3846,37,0.00102342
3846,38,7.3295e-05
3847,36,2.52684e-05
3847,37,0.00102149
3847,38,7.51801e-05
3848,36,2.4206e-05
3848,37,0.00101924
3848,38,7.70814e-05
3849,36,2.31804e-05
3849,37,0.00101662
3849,38,7.90281e-05
3850,36,2.21905e-05
3850,37,0.00101366
3850,38,8.10103e-05
3851,36,2.12357e-05
3851,37,0.0010104
3851,38,8.29875e-05
3852,36,2.03151e-05
3852,37,0.00100678
3852,38,8.50189e-05
3853,36,1.94278e-05
3853,37,0.00100287
3853,38,8.70445e-05
3854,36,1.85729e-05
3854,37,0.000998647
3854,38,8.90832e-05
3855,36,1.77496e-05
3855,37,0.0009941
3855,38,9.11541e-05
3856,36,1.69572e-05
3856,37,0.000989204
3856,38,9.3277e-05
3856,39,1e-08
3857,36,1.61946e-05
3857,37,0.000984006
3857,38,9.54215e-05
3857,39,1e-08
3858,36,1.54612e-05
3858,37,0.00097854
3858,38,9.75676e-05
3858,39,1e-08
3859,36,1.47561e-05
3859,37,0.000972783
3859,38,9.97242e-05
3859,39,2e-08
3860,36,1.40784e-05
3860,37,0.000966712
3860,38,0.00010194
3860,39,3e-08
3861,36,1.34274e-05
3861,37,0.000960414
3861,38,0.000104116
3861,39,2e-08
3862,36,1.28024e-05
3862,37,0.000953815
3862,38,0.00010635
3862,39,2e-08
3863,36,1.22024e-05
3863,37,0.000946965
3863,38,0.000108592
3863,39,4e-08
3864,36,1.16267e-05
3864,37,0.000939859
3864,38,0.00011084
3864,39,7e-08
3865,36,1.10746e-05
3865,37,0.000932506
3865,38,0.000113115
3865,39,9e-08
3866,36,1.05453e-05
3866,37,0.000924905
3866,38,0.000115406
3866,39,1.2e-07
3867,36,1.00381e-05
3867,37,0.000917093
3867,38,0.000117692
3867,39,1.34673e-07
3868,36,9.55225e-06
3868,37,0.000909039
3868,38,0.000120011
3868,39,1.49493e-07
3869,36,9.08702e-06
3869,37,0.000900792
3869,38,0.000122335
3869,39,1.54463e-07
3870,36,8.64268e-06
3870,37,0.00089233
3870,38,0.000124671
3870,39,1.69586e-07
3871,36,8.23216e-06
3871,37,0.000883683
3871,38,0.000127009
3871,39,1.85243e-07
3872,36,7.82377e-06
3872,37,0.000874849
3872,38,0.000129368
3872,39,2.11448e-07
3873,36,7.42538e-06
3873,37,0.000865817
3873,38,0.000131748
3873,39,2.27838e-07
3874,36,7.02782e-06
3874,37,0.000856636
3874,38,0.000134117
3874,39,2.54418e-07
3875,36,6.66667e-06
3875,37,0.000847276
3875,38,0.000136526
3875,39,2.71193e-07
3876,36,6.30131e-06
3876,37,0.000837776
3876,38,0.000138913
3876,39,3.08164e-07
3877,36,5.97115e-06
3877,37,0.000828135
3877,38,0.000141308
3877,39,3.29562e-07
3878,36,5.65563e-06
3878,37,0.000818372
3878,38,0.0001437
3878,39,3.61677e-07
3879,36,5.36417e-06
3879,37,0.000808466
3879,38,0.000146128
3879,39,3.74584e-07
3880,36,5.08625e-06
3880,37,0.000798457
3880,38,0.000148561
3880,39,3.78305e-07
3881,36,4.82132e-06
3881,37,0.000788373
3881,38,0.000150949
3881,39,4.12448e-07
3882,36,4.56887e-06
3882,37,0.000778183
3882,38,0.00015336
3882,39,4.37373e-07
3883,36,4.3284e-06
3883,37,0.000767906
3883,38,0.000155785
3883,39,4.6275e-07
3884,36,4.09942e-06
3884,37,0.000757571
3884,38,0.000158182
3884,39,4.7859e-07
3885,36,3.88147e-06
3885,37,0.000747107
3885,38,0.00016063
3885,39,5.35243e-07
3886,36,3.67408e-06
3886,37,0.000736611
3886,38,0.00016306
3886,39,5.62789e-07
3887,36,3.47681e-06
3887,37,0.000726054
3887,38,0.000165499
3887,39,5.50851e-07
3888,36,3.28923e-06
3888,37,0.000715462
3888,38,0.000167918
3888,39,5.89441e-07
3889,36,3.11093e-06
3889,37,0.000704825
3889,38,0.000170356
3889,39,6.18963e-07
3890,36,2.94151e-06
3890,37,0.000694149
3890,38,0.000172792
3890,39,6.49379e-07
3891,36,2.78057e-06
3891,37,0.000683454
3891,38,0.000175246
3891,39,7.20707e-07
3892,36,2.62775e-06
3892,37,0.000672746
3892,38,0.000177687
3892,39,7.92641e-07
3893,36,2.48268e-06
3893,37,0.000662054
3893,38,0.000180114
3893,39,8.30906e-07
3894,36,2.34501e-06
3894,37,0.000651363
3894,38,0.000182527
3894,39,8.80024e-07
3895,36,2.21441e-06
3895,37,0.000640692
3895,38,0.000184925
3895,39,9.20017e-07
3896,36,2.09056e-06
3896,37,0.000630036
3896,38,0.000187318
3896,39,9.51281e-07
3897,36,1.97314e-06
3897,37,0.000619403
3897,38,0.000189714
3897,39,9.7385e-07
3898,36,1.86185e-06
3898,37,0.000608778
3898,38,0.000192103
3898,39,1.04738e-06
3899,36,1.75641e-06
3899,37,0.000598189
3899,38,0.000194494
3899,39,1.09221e-06
3900,36,1.65654e-06
3900,37,0.000587631
3900,38,0.000196897
3900,39,1.11848e-06
3901,36,1.56197e-06
3901,37,0.00057715
3901,38,0.000199252
3901,39,1.1758e-06
3902,36,1.47245e-06
3902,37,0.000566722
3902,38,0.000201597
3902,39,1.25421e-06
3903,36,1.38773e-06
3903,37,0.000556351
3903,38,0.000203933
3903,39,1.30402e-06
3904,36,1.30759e-06
3904,37,0.000546042
3904,38,0.000206258
3904,39,1.3254e-06
3905,36,1.23179e-06
3905,37,0.000535792
3905,38,0.000208572
3905,39,1.43831e-06
3906,36,1.16012e-06
3906,37,0.000525603
3906,38,0.000210884
3906,39,1.50507e-06
3907,36,1.09237e-06
3907,37,0.000515512
3907,38,0.000213165
3907,39,1.57365e-06
3908,36,1.02835e-06
3908,37,0.000505491
3908,38,0.000215452
3908,39,1.63419e-06
3909,36,9.67867e-07
3909,37,0.000495546
3909,38,0.000217737
3909,39,1.69645e-06
3910,36,9.10744e-07
3910,37,0.000485699
3910,38,0.000219988
3910,39,1.77041e-06
3911,36,8.56807e-07
3911,37,0.000475955
3911,38,0.000222205
3911,39,1.85656e-06
3912,36,8.05892e-07
3912,37,0.000466297
3912,38,0.000224438
3912,39,1.92496e-06
3913,36,7.57843e-07
3913,37,0.000456747
3913,38,0.000226635
3913,39,2.00507e-06
3914,36,7.12509e-07
3914,37,0.00044731
3914,38,0.000228817
3914,39,2.07727e-06
3915,36,6.69749e-07
3915,37,0.000437956
3915,38,0.000231014
3915,39,2.14151e-06
3916,36,6.29426e-07
3916,37,0.00042872
3916,38,0.000233174
3916,39,2.21743e-06
3917,36,5.9141e-07
3917,37,0.000419593
3917,38,0.000235317
3917,39,2.29541e-06
3918,36,5.5558e-07
3918,37,0.000410588
3918,38,0.000237424
3918,39,2.38532e-06
3919,36,5.21817e-07
3919,37,0.000401686
3919,38,0.000239522
3919,39,2.47746e-06
3920,36,4.90009e-07
3920,37,0.00039288
3920,38,0.000241623
3920,39,2.57205e-06
3921,36,4.60051e-07
3921,37,0.000384211
3921,38,0.000243675
3921,39,2.67921e-06
3922,36,4.31841e-07
3922,37,0.000375681
3922,38,0.000245699
3922,39,2.77915e-06
3923,36,4.05284e-07
3923,37,0.00036724
3923,38,0.000247743
3923,39,2.87171e-06
3924,36,3.80289e-07
3924,37,0.000358921
3924,38,0.000249768
3924,39,2.96662e-06
3925,36,3.56769e-07
3925,37,0.000350734
3925,38,0.000251763
3925,39,3.06394e-06
3926,36,3.34641e-07
3926,37,0.00034267
3926,38,0.000253728
3926,39,3.17359e-06
3927,36,3.13829e-07
3927,37,0.00033473
3927,38,0.000255682
3927,39,3.27619e-06
3928,36,2.94258e-07
3928,37,0.000326914
3928,38,0.000257595
3928,39,3.40141e-06
3929,36,2.75858e-07
3929,37,0.000319223
3929,38,0.000259487
3929,39,3.52989e-06
3930,36,2.58563e-07
3930,37,0.000311667
3930,38,0.000261378
3930,39,3.63169e-06
3931,36,2.42309e-07
3931,37,0.000304237
3931,38,0.000263216
3931,39,3.766e-06
3932,36,2.27038e-07
3932,37,0.000296921
3932,38,0.000265062
3932,39,3.88358e-06
3933,36,2.12692e-07
3933,37,0.000289731
3933,38,0.000266876
3933,39,4.01404e-06
3934,36,1.99219e-07
3934,37,0.000282656
3934,38,0.000268686
3934,39,4.13776e-06
3935,36,1.86568e-07
3935,37,0.000275717
3935,38,0.000270463
3935,39,4.26461e-06
3936,36,1.74691e-07
3936,37,0.000268912
3936,38,0.000272217
3936,39,4.38466e-06
3937,36,1.63543e-07
3937,37,0.000262221
3937,38,0.000273948
3937,39,4.51763e-06
3938,36,1.53081e-07
3938,37,0.000255655
3938,38,0.000275654
3938,39,4.65381e-06
3939,36,1.43265e-07
3939,37,0.000249211
3939,38,0.000277326
3939,39,4.80326e-06
3940,36,1.34057e-07
3940,37,0.00024289
3940,38,0.000278963
3940,39,4.96623e-06
3941,36,1.2542e-07
3941,37,0.00023671
3941,38,0.000280555
3941,39,5.13303e-06
3942,36,1.17321e-07
3942,37,0.000230652
3942,38,0.000282152
3942,39,5.27391e-06
3943,36,1.09728e-07
3943,37,0.000224702
3943,38,0.000283723
3943,39,5.42813e-06
3944,36,1.02611e-07
3944,37,0.000218872
3944,38,0.000285279
3944,39,5.57599e-06
3945,36,1.1e-07
3945,37,0.000213169
3945,38,0.000286788
3945,39,5.73732e-06
3946,36,1.02833e-07
3946,37,0.000207573
3946,38,0.000288271
3946,39,5.91244e-06
3947,36,7e-08
3947,37,0.000202093
3947,38,0.000289748
3947,39,6.07164e-06
3948,36,7e-08
3948,37,0.000196727
3948,38,0.000291168
3948,39,6.26455e-06
3949,36,4e-08
3949,37,0.000191465
3949,38,0.000292601
3949,39,6.43204e-06
3950,36,5e-08
3950,37,0.000186315
3950,38,0.000293996
3950,39,6.6134e-06
3951,36,8e-08
3951,37,0.000181285
3951,38,0.000295354
3951,39,6.79901e-06
3952,36,8e-08
3952,37,0.000176366
3952,38,0.000296674
3952,39,6.999e-06
3953,36,1e-07
3953,37,0.000171554
3953,38,0.000297967
3953,39,7.20368e-06
3954,36,8e-08
3954,37,0.00016685
3954,38,0.000299231
3954,39,7.41321e-06
3955,36,9e-08
3955,37,0.00016224
3955,38,0.000300476
3955,39,7.62738e-06
3956,36,1.2e-07
3956,37,0.000157745
3956,38,0.000301683
3956,39,7.84628e-06
3957,36,1.12e-07
3957,37,0.000153352
3957,38,0.000302872
3957,39,8.06017e-06
3958,36,1.04518e-07
3958,37,0.00014906
3958,38,0.000304031
3958,39,8.27893e-06
3959,36,1.1e-07
3959,37,0.000144867
3959,38,0.00030515
3959,39,8.5126e-06
3960,36,1.02623e-07
3960,37,0.000140772
3960,38,0.000306241
3960,39,8.75161e-06
3961,36,7e-08
3961,37,0.000136784
3961,38,0.000307302
3961,39,8.98582e-06
3962,36,7e-08
3962,37,0.00013288
3962,38,0.000308353
3962,39,9.21522e-06
3963,36,1.3e-07
3963,37,0.00012907
3963,38,0.000309354
3963,39,9.46971e-06
3964,36,1.21216e-07
3964,37,0.000125361
3964,38,0.000310326
3964,39,9.71975e-06
3965,36,1.1301e-07
3965,37,0.000121733
3965,38,0.000311276
3965,39,9.97534e-06
3966,36,1.05345e-07
3966,37,0.000118193
3966,38,0.000312207
3966,39,1.02264e-05
3967,36,6e-08
3967,37,0.000114751
3967,38,0.000313087
3967,39,1.0493e-05
3968,36,7e-08
3968,37,0.000111393
3968,38,0.000313916
3968,39,1.07854e-05
3969,36,4e-08
3969,37,0.00010811
3969,38,0.000314754
3969,39,1.10542e-05
3970,36,1e-08
3970,37,0.000104919
3970,38,0.000315541
3970,39,1.13388e-05
3971,37,0.000101809
3971,38,0.000316287
3971,39,1.16396e-05
3972,37,9.87681e-05
3972,38,0.000317031
3972,39,1.19269e-05
3973,37,9.58053e-05
3973,38,0.000317734
3973,39,1.22304e-05
3974,37,9.29189e-05
3974,38,0.000318406
3974,39,1.25404e-05
3975,37,9.01175e-05
3975,38,0.000319035
3975,39,1.2857e-05
3976,37,8.73892e-05
3976,38,0.000319623
3976,39,1.31902e-05
3977,37,8.47227e-05
3977,38,0.000320209
3977,39,1.35106e-05
3978,37,8.21368e-05
3978,38,0.000320753
3978,39,1.38377e-05
3979,37,7.96096e-05
3979,38,0.000321275
3979,39,1.41717e-05
3980,37,7.71501e-05
3980,38,0.000321744
3980,39,1.45327e-05
3981,37,7.47568e-05
3981,38,0.000322181
3981,39,1.49013e-05
3982,37,7.24283e-05
3982,38,0.000322606
3982,39,1.52576e-05
3983,37,7.01732e-05
3983,38,0.000322968
3983,39,1.56413e-05
3984,37,6.79698e-05
3984,38,0.000323328
3984,39,1.60131e-05
3985,37,6.58271e-05
3985,38,0.000323636
3985,39,1.64125e-05
3986,37,6.37437e-05
3986,38,0.00032393
3986,39,1.68001e-05
3987,37,6.17183e-05
3987,38,0.000324162
3987,39,1.72256e-05
3988,37,5.97596e-05
3988,38,0.000324372
3988,39,1.76398e-05
3989,37,5.78559e-05
3989,38,0.000324548
3989,39,1.80625e-05
3990,37,5.6006e-05
3990,38,0.000324682
3990,39,1.85037e-05
3991,37,5.42087e-05
3991,38,0.000324794
3991,39,1.89439e-05
3992,37,5.24526e-05
3992,38,0.000324862
3992,39,1.9413e-05
3993,37,5.07569e-05
3993,38,0.000324908
3993,39,1.98714e-05
3994,37,4.91101e-05
3994,38,0.000324911
3994,39,2.0349e-05
3995,37,4.7511e-05
3995,38,0.000324902
3995,39,2.08162e-05
3996,37,4.59585e-05
3996,38,0.00032485
3996,39,2.13027e-05
3997,37,4.44513e-05
3997,38,0.000324776
3997,39,2.17888e-05
3998,37,4.29884e-05
3998,38,0.000324649
3998,39,2.23046e-05
3999,37,4.15687e-05
3999,38,0.00032448
3999,39,2.28405e-05
4000,37,4.01911e-05
4000,38,0.000324289
4000,39,2.33769e-05
4001,37,3.88546e-05
4001,38,0.000324065
4001,39,2.39237e-05
4002,37,3.75194e-05
4002,38,0.000323809
4002,39,2.44811e-05
4003,37,3.62466e-05
4003,38,0.000323521
4003,39,2.50494e-05
4004,37,3.50315e-05
4004,38,0.000323192
4004,39,2.56387e-05
4005,37,3.38532e-05
4005,38,0.00032285
4005,39,2.62192e-05
4006,37,3.27407e-05
4006,38,0.000322477
4006,39,2.68109e-05
4007,37,3.15831e-05
4007,38,0.000322052
4007,39,2.74339e-05
4008,37,3.05195e-05
4008,38,0.000321616
4008,39,2.80487e-05
4009,37,2.9469e-05
4009,38,0.000321148
4009,39,2.86752e-05
4010,37,2.84507e-05
4010,38,0.000320659
4010,39,2.93035e-05
4011,37,2.74637e-05
4011,38,0.00032014
4011,39,2.99437e-05
4012,37,2.65171e-05
4012,38,0.000319559
4012,39,3.0626e-05
4013,37,2.56003e-05
4013,38,0.000318968
4013,39,3.1301e-05
4014,37,2.47122e-05
4014,38,0.000318327
4014,39,3.20085e-05
4015,37,2.38522e-05
4015,38,0.000317655
4015,39,3.27292e-05
4016,37,2.30195e-05
4016,38,0.000316964
4016,39,3.34531e-05
4017,37,2.22134e-05
4017,38,0.000316252
4017,39,3.41804e-05
4018,37,2.1433e-05
4018,38,0.000315491
4018,39,3.49412e-05
4019,37,2.06776e-05
4019,38,0.000314711
4019,39,3.57059e-05
4020,37,1.99466e-05
4020,38,0.000313902
4020,39,3.64848e-05
4021,37,1.92392e-05
4021,38,0.000313083
4021,39,3.72578e-05
4022,37,1.85549e-05
4022,38,0.000312217
4022,39,3.80648e-05
4023,37,1.78928e-05
4023,38,0.000311321
4023,39,3.88865e-05
4024,37,1.72524e-05
4024,38,0.000310398
4024,39,3.9723e-05
4025,37,1.6633e-05
4025,38,0.000309467
4025,39,4.05544e-05
4026,37,1.60341e-05
4026,38,0.000308488
4026,39,4.14207e-05
4027,37,1.5455e-05
4027,38,0.000307493
4027,39,4.22926e-05
4028,37,1.48951e-05
4028,38,0.00030645
4028,39,4.31999e-05
4029,37,1.43539e-05
4029,38,0.000305411
4029,39,4.40933e-05
4030,37,1.38309e-05
4030,38,0.000304335
4030,39,4.50125e-05
4031,37,1.33254e-05
4031,38,0.000303233
4031,39,4.59479e-05
4032,37,1.28369e-05
4032,38,0.000302106
4032,39,4.68997e-05
4033,37,1.2365e-05
4033,38,0.000300953
4033,39,4.78682e-05
4034,37,1.19091e-05
4034,38,0.000299765
4034,39,4.88636e-05
4035,37,1.14687e-05
4035,38,0.000298552
4035,39,4.98763e-05
4036,37,1.10434e-05
4036,38,0.000297335
4036,39,5.08866e-05
4037,37,1.06327e-05
4037,38,0.000296074
4037,39,5.19343e-05
4038,37,1.02362e-05
4038,38,0.0002948
4038,39,5.29901e-05
4039,37,9.85331e-06
4039,38,0.000293502
4039,39,5.4064e-05
4040,37,9.48374e-06
4040,38,0.000292181
4040,39,5.51562e-05
4041,37,9.12702e-06
4041,38,0.000290838
4041,39,5.6267e-05
4042,37,8.78276e-06
4042,38,0.000289462
4042,39,5.74067e-05
4043,37,8.45056e-06
4043,38,0.000288085
4043,39,5.85456e-05
4044,37,8.13004e-06
4044,38,0.000286676
4044,39,5.97138e-05
4045,37,7.82082e-06
4045,38,0.000285246
4045,39,6.09017e-05
4046,37,7.52255e-06
4046,38,0.000283775
4046,39,6.21295e-05
4047,37,7.23487e-06
4047,38,0.000282295
4047,39,6.33678e-05
4048,37,6.95743e-06
4048,38,0.000280804
4048,39,6.46166e-05
4049,37,6.68991e-06
4049,38,0.000279294
4049,39,6.58863e-05
4050,37,6.43197e-06
4050,38,0.000277775
4050,39,6.71669e-05
4051,37,6.18332e-06
4051,38,0.000276237
4051,39,6.84686e-05
4052,37,5.94364e-06
4052,38,0.000274671
4052,39,6.98017e-05
4053,37,5.71263e-06
4053,38,0.000273097
4053,39,7.11467e-05
4054,37,5.49001e-06
4054,38,0.000271486
4054,39,7.25336e-05
4055,37,5.2755e-06
4055,38,0.000269867
4055,39,7.39329e-05
4056,37,5.06883e-06
4056,38,0.000268222
4056,39,7.53648e-05
4057,37,4.86973e-06
4057,38,0.000266571
4057,39,7.68097e-05
4058,37,4.67795e-06
4058,38,0.000264905
4058,39,7.82779e-05
4059,37,4.49324e-06
4059,38,0.000263212
4059,39,7.97795e-05
4060,37,4.31537e-06
4060,38,0.000261515
4060,39,8.12952e-05
4061,37,4.1441e-06
4061,38,0.000259814
4061,39,8.28249e-05
4062,37,3.9792e-06
4062,38,0.000258078
4062,39,8.43989e-05
4063,37,3.82045e-06
4063,38,0.000256339
4063,39,8.59876e-05
4064,37,3.66765e-06
4064,38,0.000254586
4064,39,8.76013e-05
4065,37,3.52058e-06
4065,38,0.000252831
4065,39,8.92301e-05
4066,37,3.37906e-06
4066,38,0.000251053
4066,39,9.08944e-05
4067,37,3.24288e-06
4067,38,0.000249274
4067,39,9.25745e-05
4068,37,3.11185e-06
4068,38,0.000247482
4068,39,9.42806e-05
4069,37,2.98581e-06
4069,38,0.00024567
4069,39,9.60231e-05
4070,37,2.86457e-06
4070,38,0.000243857
4070,39,9.77822e-05
4071,37,2.74795e-06
4071,38,0.000242033
4071,39,9.95583e-05
4071,40,1e-08
4072,37,2.63581e-06
4072,38,0.00024019
4072,39,0.000101371
4072,40,1e-08
4073,37,2.52798e-06
4073,38,0.000238337
4073,39,0.000103222
4074,37,2.4243e-06
4074,38,0.000236466
4074,39,0.00010511
4075,37,2.32463e-06
4075,38,0.000234585
4075,39,0.000107027
4076,37,2.22882e-06
4076,38,0.000232697
4076,39,0.000108962
4076,40,1e-08
4077,37,2.13674e-06
4077,38,0.000230801
4077,39,0.000110926
4077,40,4e-08
4078,37,2.04824e-06
4078,38,0.000228907
4078,39,0.00011292
4078,40,5e-08
4079,37,1.9632e-06
4079,38,0.000227007
4079,39,0.000114932
4079,40,5e-08
4080,37,1.88149e-06
4080,38,0.0002251
4080,39,0.000116974
4080,40,6e-08
4081,37,1.80299e-06
4081,38,0.000223187
4081,39,0.000119046
4081,40,4e-08
4082,37,1.72759e-06
4082,38,0.000221269
4082,39,0.000121158
4082,40,2e-08
4083,37,1.65516e-06
4083,38,0.000219345
4083,39,0.00012329
4083,40,2e-08
4084,37,1.58561e-06
4084,38,0.000217406
4084,39,0.000125463
4084,40,3e-08
4085,37,1.51881e-06
4085,38,0.000215482
4085,39,0.000127658
4085,40,2e-08
4086,37,1.45468e-06
4086,38,0.000213545
4086,39,0.000129883
4086,40,5e-08
4087,37,1.3931e-06
4087,38,0.000211603
4087,39,0.00013215
4087,40,8e-08
4088,37,1.33399e-06
4088,38,0.000209668
4088,39,0.000134439
4088,40,3e-08
4089,37,1.27726e-06
4089,38,0.000207711
4089,39,0.00013678
4089,40,5e-08
4090,37,1.2228e-06
4090,38,0.00020576
4090,39,0.000139144
4090,40,2e-08
4091,37,1.17055e-06
4091,38,0.000203798
4091,39,0.000141551
4091,40,3e-08
4092,37,1.1204e-06
4092,38,0.000201843
4092,39,0.00014398
4092,40,5e-08
4093,37,1.0723e-06
4093,38,0.000199897
4093,39,0.000146434
4093,40,6e-08
4094,37,1.02614e-06
4094,38,0.00019794
4094,39,0.00014893
4094,40,8e-08
4095,37,9.81873e-07
4095,38,0.000195982
4095,39,0.000151461
4095,40,3e-08
4096,37,9.39412e-07
4096,38,0.000194014
4096,39,0.000154026
4096,40,6e-08
4097,37,8.98691e-07
4097,38,0.000192055
4097,39,0.000156615
4097,40,4e-08
4098,37,8.59643e-07
4098,38,0.000190097
4098,39,0.000159249
4098,40,6e-08
4099,37,8.22204e-07
4099,38,0.000188139
4099,39,0.000161917
4099,40,7e-08
4100,37,7.8631e-07
4100,38,0.000186183
4100,39,0.000164621
4100,40,5e-08
4101,37,7.51902e-07
4101,38,0.000184218
4101,39,0.00016736
4101,40,6e-08
4102,37,7.18922e-07
4102,38,0.000182264
4102,39,0.000170134
4102,40,6e-08
4103,37,6.87314e-07
4103,38,0.000180302
4103,39,0.000172954
4103,40,4e-08
4104,37,6.57024e-07
4104,38,0.000178343
4104,39,0.00017581
4104,40,8e-08
4105,37,6.28001e-07
4105,38,0.000176397
4105,39,0.000178682
4105,40,1.2e-07
4106,37,6.00195e-07
4106,38,0.000174453
4106,39,0.000181591
4106,40,1.36199e-07
4107,37,5.73557e-07
4107,38,0.000172522
4107,39,0.000184535
4107,40,1.22738e-07
4108,37,5.48041e-07
4108,38,0.000170585
4108,39,0.000187516
4108,40,1.39636e-07
4109,37,5.23603e-07
4109,38,0.000168652
4109,39,0.000190524
4109,40,1.67472e-07
4110,37,5.00199e-07
4110,38,0.000166733
4110,39,0.000193569
4110,40,1.86295e-07
4111,37,4.77788e-07
4111,38,0.000164818
4111,39,0.00019665
4111,40,2.056e-07
4112,37,4.56331e-07
4112,38,0.000162898
4112,39,0.000199778
4112,40,2.25411e-07
4113,37,4.35789e-07
4113,38,0.000160993
4113,39,0.000202943
4113,40,2.45755e-07
4114,37,4.16125e-07
4114,38,0.000159092
4114,39,0.000206126
4114,40,2.7666e-07
4115,37,3.97304e-07
4115,38,0.000157178
4115,39,0.000209376
4115,40,3.08155e-07
4116,37,3.79292e-07
4116,38,0.000155289
4116,39,0.000212643
4116,40,3.70271e-07
4117,37,3.62055e-07
4117,38,0.000153396
4117,39,0.000215957
4117,40,4.26907e-07
4118,37,3.45562e-07
4118,38,0.000151519
4118,39,0.000219309
4118,40,4.64756e-07
4119,37,3.29783e-07
4119,38,0.000149639
4119,39,0.000222698
4119,40,4.93488e-07
4120,37,3.14689e-07
4120,38,0.000147776
4120,39,0.000226105
4120,40,5.93145e-07
4121,37,3.00251e-07
4121,38,0.00014592
4121,39,0.000229549
4121,40,6.60684e-07
4122,37,2.86442e-07
4122,38,0.000144061
4122,39,0.00023306
4122,40,6.90119e-07
4123,37,2.73237e-07
4123,38,0.000142219
4123,39,0.000236589
4123,40,7.30994e-07
4124,37,2.6061e-07
4124,38,0.000140375
4124,39,0.000240164
4124,40,7.73378e-07
4125,37,2.48538e-07
4125,38,0.00013855
4125,39,0.000243767
4125,40,8.3784e-07
4126,37,2.36997e-07
4126,38,0.000136732
4126,39,0.000247417
4126,40,8.78124e-07
4127,37,2.25965e-07
4127,38,0.000134923
4127,39,0.000251094
4127,40,9.30314e-07
4128,37,2.15421e-07
4128,38,0.000133112
4128,39,0.000254807
4128,40,9.94993e-07
4129,37,2.05345e-07
4129,38,0.00013131
4129,39,0.000258557
4129,40,1.06287e-06
4130,37,1.95717e-07
4130,38,0.000129527
4130,39,0.000262332
4130,40,1.13405e-06
4131,37,1.86517e-07
4131,38,0.000127744
4131,39,0.000266154
4131,40,1.2085e-06
4132,37,1.77729e-07
4132,38,0.00012597
4132,39,0.000270021
4132,40,1.27641e-06
4133,37,1.69334e-07
4133,38,0.000124205
4133,39,0.000273904
4133,40,1.36754e-06
4134,37,1.61316e-07
4134,38,0.000122461
4134,39,0.000277822
4134,40,1.45293e-06
4135,37,1.53658e-07
4135,38,0.000120727
4135,39,0.000281774
4135,40,1.54236e-06
4136,37,1.46346e-07
4136,38,0.000119002
4136,39,0.000285771
4136,40,1.6259e-06
4137,37,1.39365e-07
4137,38,0.000117278
4137,39,0.000289802
4137,40,1.72341e-06
4138,37,1.327e-07
4138,38,0.000115565
4138,39,0.000293876
4138,40,1.81556e-06
4139,37,1.26338e-07
4139,38,0.000113873
4139,39,0.000297964
4139,40,1.92202e-06
4140,37,1.20266e-07
4140,38,0.000112181
4140,39,0.000302094
4140,40,2.03334e-06
4141,37,1.1447e-07
4141,38,0.000110501
4141,39,0.000306266
4141,40,2.13992e-06
4142,37,1.08941e-07
4142,38,0.000108831
4142,39,0.00031047
4142,40,2.2515e-06
4143,37,1.03665e-07
4143,38,0.000107174
4143,39,0.000314706
4143,40,2.36815e-06
4144,37,8e-08
4144,38,0.000105538
4144,39,0.000318961
4144,40,2.49026e-06
4145,37,1.3e-07
4145,38,0.000103913
4145,39,0.000323237
4145,40,2.62802e-06
4146,37,1.23656e-07
4146,38,0.000102291
4146,39,0.000327562
4146,40,2.76225e-06
4147,37,1.17605e-07
4147,38,0.00010068
4147,39,0.000331915
4147,40,2.90257e-06
4148,37,1.11836e-07
4148,38,9.90814e-05
4148,39,0.000336296
4148,40,3.04922e-06
4149,37,1.06335e-07
4149,38,9.75053e-05
4149,39,0.000340694
4149,40,3.20265e-06
4150,37,1.01092e-07
4150,38,9.59315e-05
4150,39,0.000345128
4150,40,3.36315e-06
4151,37,6e-08
4151,38,9.43703e-05
4151,39,0.000349578
4151,40,3.54105e-06
4152,37,6e-08
4152,38,9.28217e-05
4152,39,0.000354052
4152,40,3.72714e-06
4153,37,3e-08
4153,38,9.1286e-05
4153,39,0.000358539
4153,40,3.93159e-06
4154,37,4e-08
4154,38,8.97732e-05
4154,39,0.000363048
4154,40,4.13543e-06
4155,37,5e-08
4155,38,8.82733e-05
4155,39,0.000367589
4155,40,4.3384e-06
4156,37,6e-08
4156,38,8.67863e-05
4156,39,0.00037214
4156,40,4.56059e-06
4157,37,4e-08
4157,38,8.53025e-05
4157,39,0.000376701
4157,40,4.81288e-06
4158,37,5e-08
4158,38,8.3832e-05
4158,39,0.000381299
4158,40,5.0565e-06
4159,37,1e-08
4159,38,8.2385e-05
4159,39,0.000385904
4159,40,5.31111e-06
4160,37,2e-08
4160,38,8.09513e-05
4160,39,0.000390525
4160,40,5.57709e-06
4161,37,1e-08
4161,38,7.95311e-05
4161,39,0.00039516
4161,40,5.85488e-06
4162,37,1e-08
4162,38,7.81144e-05
4162,39,0.000399808
4162,40,6.15511e-06
4163,38,7.67215e-05
4163,39,0.000404458
4163,40,6.4686e-06
4164,38,7.53324e-05
4164,39,0.000409148
4164,40,6.776e-06
4165,38,7.39571e-05
4165,39,0.000413828
4165,40,7.117e-06
4166,38,7.26059e-05
4166,39,0.000418504
4166,40,7.47302e-06
4167,38,7.12686e-05
4167,39,0.000423187
4167,40,7.84483e-06
4168,38,6.99453e-05
4168,39,0.000427873
4168,40,8.23283e-06
4169,38,6.8636e-05
4169,39,0.000432572
4169,40,8.6278e-06
4170,38,6.73408e-05
4170,39,0.000437253
4170,40,9.06009e-06
4171,38,6.60497e-05
4171,39,0.000441953
4171,40,9.50119e-06
4172,38,6.4773e-05
4172,39,0.00044667
4172,40,9.94135e-06
4173,38,6.35207e-05
4173,39,0.000451353
4173,40,1.04205e-05
4174,38,6.22727e-05
4174,39,0.00045604
4174,40,1.09202e-05
4175,38,6.10492e-05
4175,39,0.0004607
4175,40,1.14514e-05
4176,38,5.983e-05
4176,39,0.000465379
4176,40,1.19853e-05
4177,38,5.86354e-05
4177,39,0.000470018
4177,40,1.25619e-05
4178,38,5.74552e-05
4178,39,0.000474632
4178,40,1.31732e-05
4179,38,5.62794e-05
4179,39,0.00047927
4179,40,1.37805e-05
4180,38,5.51282e-05
4180,39,0.000483881
4180,40,1.44133e-05
4181,38,5.39915e-05
4181,39,0.000488462
4181,40,1.50828e-05
4182,38,5.28593e-05
4182,39,0.000493021
4182,40,1.57905e-05
4183,38,5.17417e-05
4183,39,0.000497576
4183,40,1.65077e-05
4184,38,5.06488e-05
4184,39,0.000502064
4184,40,1.72847e-05
4185,38,4.95704e-05
4185,39,0.000506544
4185,40,1.8074e-05
4186,38,4.85065e-05
4186,39,0.000511003
4186,40,1.88859e-05
4187,38,4.7457e-05
4187,39,0.000515429
4187,40,1.9731e-05
4188,38,4.6422e-05
4188,39,0.00051981
4188,40,2.06207e-05
4189,38,4.54015e-05
4189,39,0.000524133
4189,40,2.15666e-05
4190,38,4.43954e-05
4190,39,0.000528426
4190,40,2.25411e-05
4191,38,4.34037e-05
4191,39,0.000532696
4191,40,2.3535e-05
4192,38,4.24264e-05
4192,39,0.000536912
4192,40,2.45791e-05
4193,38,4.14635e-05
4193,39,0.00054108
4193,40,2.56651e-05
4194,38,4.05149e-05
4194,39,0.000545217
4194,40,2.67746e-05
4195,38,3.95806e-05
4195,39,0.000549283
4195,40,2.79482e-05
4196,38,3.86606e-05
4196,39,0.000553294
4196,40,2.91684e-05
4197,38,3.77548e-05
4197,39,0.000557247
4197,40,3.04368e-05
4198,38,3.68632e-05
4198,39,0.000561131
4198,40,3.17649e-05
4199,38,3.59858e-05
4199,39,0.000564972
4199,40,3.3125e-05
4200,38,3.51224e-05
4200,39,0.000568748
4200,40,3.4538e-05
4201,38,3.42731e-05
4201,39,0.000572467
4201,40,3.59958e-05
4202,38,3.34377e-05
4202,39,0.000576116
4202,40,3.75097e-05
4203,38,3.26163e-05
4203,39,0.000579642
4203,40,3.91316e-05
4204,38,3.18087e-05
4204,39,0.000583143
4204,40,4.07654e-05
4205,38,3.10149e-05
4205,39,0.000586546
4205,40,4.24813e-05
4206,38,3.02348e-05
4206,39,0.000589859
4206,40,4.4272e-05
4207,38,2.94684e-05
4207,39,0.000593099
4207,40,4.61199e-05
4208,38,2.87155e-05
4208,39,0.000596254
4208,40,4.80368e-05
4209,38,2.79761e-05
4209,39,0.000599342
4209,40,5.0005e-05
4210,38,2.72501e-05
4210,39,0.000602329
4210,40,5.20559e-05
4211,38,2.65374e-05
4211,39,0.000605234
4211,40,5.41721e-05
4212,38,2.5838e-05
4212,39,0.000608023
4212,40,5.63856e-05
4213,38,2.51517e-05
4213,39,0.000610705
4213,40,5.86897e-05
4214,38,2.44784e-05
4214,39,0.000613287
4214,40,6.10771e-05
4215,38,2.3818e-05
4215,39,0.000615777
4215,40,6.35403e-05
4216,38,2.31705e-05
4216,39,0.000618172
4216,40,6.60814e-05
4217,38,2.25357e-05
4217,39,0.000620451
4217,40,6.87227e-05
4218,38,2.19136e-05
4218,39,0.00062262
4218,40,7.14571e-05
4219,38,2.13039e-05
4219,39,0.000624688
4219,40,7.42771e-05
4220,38,2.07067e-05
4220,39,0.000626633
4220,40,7.72053e-05
4221,38,2.01217e-05
4221,39,0.000628453
4221,40,8.02346e-05
4221,41,1e-08
4222,38,1.95489e-05
4222,39,0.000630175
4222,40,8.33479e-05
4222,41,1e-08
4223,38,1.89882e-05
4223,39,0.000631758
4223,40,8.65871e-05
4223,41,2e-08
4224,38,1.84394e-05
4224,39,0.000633219
4224,40,8.99361e-05
4224,41,1e-08
4225,38,1.79024e-05
4225,39,0.000634558
4225,40,9.33977e-05
4225,41,2e-08
4226,38,1.73771e-05
4226,39,0.000635791
4226,40,9.69649e-05
4226,41,3e-08
4227,38,1.68641e-05
4227,39,0.000636867
4227,40,0.00010068
4227,41,2e-08
4228,38,1.63659e-05
4228,39,0.000637835
4228,40,0.000104488
4228,41,3e-08
4229,38,1.58789e-05
4229,39,0.000638673
4229,40,0.00010842
4229,41,6e-08
4230,38,1.53829e-05
4230,39,0.000639369
4230,40,0.000112499
4230,41,3e-08
4231,38,1.49077e-05
4231,39,0.000639952
4231,40,0.00011668
4231,41,3e-08
4232,38,1.44233e-05
4232,39,0.000640371
4232,40,0.000121034
4232,41,2e-08
4233,38,1.39695e-05
4233,39,0.000640654
4233,40,0.000125516
4233,41,3e-08
4234,38,1.35362e-05
4234,39,0.0006408
4234,40,0.000130148
4234,41,5e-08
4235,38,1.31131e-05
4235,39,0.000640809
4235,40,0.000134915
4235,41,6e-08
4236,38,1.27003e-05
4236,39,0.000640688
4236,40,0.000139829
4236,41,1.5e-07
4237,38,1.22674e-05
4237,39,0.000640437
4237,40,0.000144874
4237,41,1.70614e-07
4238,38,1.18745e-05
4238,39,0.000640057
4238,40,0.000150071
4238,41,1.81949e-07
4239,38,1.14914e-05
4239,39,0.000639514
4239,40,0.000155435
4239,41,1.94048e-07
4240,38,1.11178e-05
4240,39,0.000638838
4240,40,0.000160948
4240,41,2.26963e-07
4241,38,1.07537e-05
4241,39,0.000638029
4241,40,0.000166624
4241,41,2.40744e-07
4242,38,1.0399e-05
4242,39,0.000637047
4242,40,0.000172476
4242,41,2.85447e-07
4243,38,1.00534e-05
4243,39,0.000635903
4243,40,0.000178517
4243,41,3.21131e-07
4244,38,9.71683e-06
4244,39,0.000634635
4244,40,0.000184711
4244,41,3.97855e-07
4245,38,9.38915e-06
4245,39,0.000633223
4245,40,0.000191081
4245,41,4.33129e-07
4246,38,9.07019e-06
4246,39,0.000631686
4246,40,0.00019764
4246,41,4.60631e-07
4247,38,8.75982e-06
4247,39,0.000630005
4247,40,0.000204361
4247,41,4.99807e-07
4248,38,8.45788e-06
4248,39,0.000628169
4248,40,0.000211266
4248,41,5.60754e-07
4249,38,8.16423e-06
4249,39,0.000626199
4249,40,0.000218339
4249,41,6.44094e-07
4250,38,7.87871e-06
4250,39,0.000624085
4250,40,0.000225611
4250,41,7.29959e-07
4251,38,7.60117e-06
4251,39,0.000621827
4251,40,0.000233106
4251,41,8.29322e-07
4252,38,7.33147e-06
4252,39,0.000619426
4252,40,0.000240758
4252,41,9.21036e-07
4253,38,7.06946e-06
4253,39,0.000616893
4253,40,0.000248658
4253,41,9.52137e-07
4254,38,6.81498e-06
4254,39,0.000614217
4254,40,0.000256729
4254,41,1.01617e-06
4255,38,6.5679e-06
4255,39,0.000611391
4255,40,0.000264994
4255,41,1.06396e-06
4256,38,6.32806e-06
4256,39,0.000608375
4256,40,0.000273475
4256,41,1.1467e-06
4257,38,6.09532e-06
4257,39,0.00060525
4257,40,0.000282185
4257,41,1.23397e-06
4258,38,5.86952e-06
4258,39,0.000601967
4258,40,0.000291085
4258,41,1.33504e-06
4259,38,5.65054e-06
4259,39,0.000598567
4259,40,0.000300217
4259,41,1.41076e-06
4260,38,5.43821e-06
4260,39,0.000595052
4260,40,0.000309534
4260,41,1.49138e-06
4261,38,5.2324e-06
4261,39,0.000591423
4261,40,0.000319057
4261,41,1.56717e-06
4262,38,5.03297e-06
4262,39,0.000587672
4262,40,0.000328786
4262,41,1.67773e-06
4263,38,4.83977e-06
4263,39,0.000583769
4263,40,0.000338754
4263,41,1.83382e-06
4264,38,4.65266e-06
4264,39,0.000579748
4264,40,0.000348931
4264,41,1.93615e-06
4265,38,4.4715e-06
4265,39,0.000575609
4265,40,0.000359308
4265,41,2.0854e-06
4266,38,4.29616e-06
4266,39,0.000571305
4266,40,0.000369916
4266,41,2.23242e-06
4267,38,4.1265e-06
4267,39,0.000566917
4267,40,0.000380744
4267,41,2.38646e-06
4268,38,3.96238e-06
4268,39,0.000562368
4268,40,0.000391825
4268,41,2.5426e-06
4269,38,3.80366e-06
4269,39,0.00055769
4269,40,0.000403117
4269,41,2.69718e-06
4270,38,3.65023e-06
4270,39,0.000552936
4270,40,0.000414612
4270,41,2.86997e-06
4271,38,3.50194e-06
4271,39,0.000548057
4271,40,0.000426347
4271,41,3.042e-06
4272,38,3.35866e-06
4272,39,0.000543046
4272,40,0.000438333
4272,41,3.21326e-06
4273,38,3.22028e-06
4273,39,0.000537955
4273,40,0.00045048
4273,41,3.42356e-06
4274,38,3.08665e-06
4274,39,0.000532759
4274,40,0.000462854
4274,41,3.63485e-06
4275,38,2.95766e-06
4275,39,0.000527438
4275,40,0.000475464
4275,41,3.85739e-06
4276,38,2.83319e-06
4276,39,0.000522016
4276,40,0.000488278
4276,41,4.10155e-06
4277,38,2.71311e-06
4277,39,0.000516506
4277,40,0.000501304
4277,41,4.34834e-06
4278,38,2.59731e-06
4278,39,0.00051089
4278,40,0.00051454
4278,41,4.61768e-06
4279,38,2.48566e-06
4279,39,0.000505193
4279,40,0.000527982
4279,41,4.89059e-06
4280,38,2.37806e-06
4280,39,0.000499407
4280,40,0.000541626
4280,41,5.17743e-06
4281,38,2.27438e-06
4281,39,0.000493525
4281,40,0.000555449
4281,41,5.50878e-06
4282,38,2.17452e-06
4282,39,0.00048757
4282,40,0.000569477
4282,41,5.83717e-06
4283,38,2.07837e-06
4283,39,0.000481556
4283,40,0.000583684
4283,41,6.17214e-06
4284,38,1.98582e-06
4284,39,0.000475447
4284,40,0.000598085
4284,41,6.53366e-06
4285,38,1.89677e-06
4285,39,0.000469274
4285,40,0.000612645
4285,41,6.92323e-06
4286,38,1.8111e-06
4286,39,0.000463023
4286,40,0.000627398
4286,41,7.32168e-06
4287,38,1.72872e-06
4287,39,0.000456697
4287,40,0.000642338
4287,41,7.72971e-06
4288,38,1.64953e-06
4288,39,0.000450309
4288,40,0.000657438
4288,41,8.15756e-06
4289,38,1.57343e-06
4289,39,0.000443854
4289,40,0.000672691
4289,41,8.61627e-06
4290,38,1.50032e-06
4290,39,0.000437374
4290,40,0.000688069
4290,41,9.08713e-06
4291,38,1.43011e-06
4291,39,0.000430844
4291,40,0.000703584
4291,41,9.58047e-06
4292,38,1.36272e-06
4292,39,0.000424248
4292,40,0.000719226
4292,41,1.01171e-05
4293,38,1.29804e-06
4293,39,0.000417628
4293,40,0.000734937
4293,41,1.0709e-05
4294,38,1.23599e-06
4294,39,0.00041094
4294,40,0.000750825
4294,41,1.12885e-05
4295,38,1.17648e-06
4295,39,0.000404247
4295,40,0.000766783
4295,41,1.18951e-05
4296,38,1.11944e-06
4296,39,0.000397513
4296,40,0.000782837
4296,41,1.25296e-05
4297,38,1.06477e-06
4297,39,0.000390752
4297,40,0.000798948
4297,41,1.32133e-05
4298,38,1.0124e-06
4298,39,0.000383968
4298,40,0.000815144
4298,41,1.3908e-05
4299,38,9.6225e-07
4299,39,0.000377175
4299,40,0.000831382
4299,41,1.46342e-05
4300,38,9.14242e-07
4300,39,0.000370367
4300,40,0.00084766
4300,41,1.53929e-05
4301,38,8.68302e-07
4301,39,0.000363547
4301,40,0.000863944
4301,41,1.62051e-05
4302,38,8.24358e-07
4302,39,0.0003567
4302,40,0.000880241
4302,41,1.70729e-05
4303,38,7.82337e-07
4303,39,0.000349851
4303,40,0.000896567
4303,41,1.79484e-05
4304,38,7.42172e-07
4304,39,0.000343002
4304,40,0.000912867
4304,41,1.88715e-05
4305,38,7.03796e-07
4305,39,0.000336159
4305,40,0.000929137
4305,41,1.98343e-05
4306,38,6.67142e-07
4306,39,0.000329335
4306,40,0.000945331
4306,41,2.08581e-05
4307,38,6.32147e-07
4307,39,0.000322534
4307,40,0.000961493
4307,41,2.18847e-05
4308,38,5.98749e-07
4308,39,0.000315739
4308,40,0.000977598
4308,41,2.2944e-05
4309,38,5.66888e-07
4309,39,0.000308965
4309,40,0.00099356
4309,41,2.40969e-05
4310,38,5.36505e-07
4310,39,0.000302226
4310,40,0.00100945
4310,41,2.52468e-05
4311,38,5.07544e-07
4311,39,0.000295505
4311,40,0.00102519
4311,41,2.64731e-05
4312,38,4.79949e-07
4312,39,0.000288826
4312,40,0.00104079
4312,41,2.77385e-05
4313,38,4.53667e-07
4313,39,0.000282182
4313,40,0.00105621
4313,41,2.90742e-05
4314,38,4.28645e-07
4314,39,0.000275578
4314,40,0.00107146
4314,41,3.04422e-05
4315,38,4.04833e-07
4315,39,0.000269007
4315,40,0.00108655
4315,41,3.18432e-05
4316,38,3.82182e-07
4316,39,0.000262492
4316,40,0.00110139
4316,41,3.33178e-05
4317,38,3.60645e-07
4317,39,0.000256037
4317,40,0.00111596
4317,41,3.48782e-05
4318,38,3.40176e-07
4318,39,0.000249615
4318,40,0.00113029
4318,41,3.64971e-05
4319,38,3.20731e-07
4319,39,0.00024327
4319,40,0.00114433
4319,41,3.81761e-05
4320,38,3.02266e-07
4320,39,0.000236975
4320,40,0.00115813
4320,41,3.98864e-05
4321,38,2.84739e-07
4321,39,0.000230732
4321,40,0.00117158
4321,41,4.16984e-05
4322,38,2.68111e-07
4322,39,0.000224555
4322,40,0.00118476
4322,41,4.35251e-05
4323,38,2.52342e-07
4323,39,0.000218468
4323,40,0.00119756
4323,41,4.54357e-05
4324,38,2.37395e-07
4324,39,0.000212432
4324,40,0.00120999
4324,41,4.74422e-05
4325,38,2.23233e-07
4325,39,0.00020648
4325,40,0.001222
4325,41,4.95375e-05
4326,38,2.09822e-07
4326,39,0.000200596
4326,40,0.00123366
4326,41,5.16739e-05
4327,38,1.97128e-07
4327,39,0.000194801
4327,40,0.00124489
4327,41,5.38912e-05
4328,38,1.85117e-07
4328,39,0.000189088
4328,40,0.00125569
4328,41,5.61811e-05
4329,38,1.73759e-07
4329,39,0.000183449
4329,40,0.00126611
4329,41,5.84948e-05
4330,38,1.63023e-07
4330,39,0.000177906
4330,40,0.00127601
4330,41,6.09218e-05
4331,38,1.5288e-07
4331,39,0.000172442
4331,40,0.00128542
4331,41,6.34546e-05
4332,38,1.43302e-07
4332,39,0.000167078
4332,40,0.00129436
4332,41,6.60156e-05
4332,42,1e-08
4333,38,1.34261e-07
4333,39,0.000161816
4333,40,0.00130283
4333,41,6.8624e-05
4333,42,1e-08
4334,38,1.25733e-07
4334,39,0.000156637
4334,40,0.00131077
4334,41,7.13299e-05
4334,42,2e-08
4335,38,1.17691e-07
4335,39,0.000151563
4335,40,0.00131816
4335,41,7.41351e-05
4335,42,1e-08
4336,38,1.10111e-07
4336,39,0.000146585
4336,40,0.00132499
4336,41,7.70311e-05
4336,42,2e-08
4337,38,1.02972e-07
4337,39,0.000141694
4337,40,0.00133131
4337,41,7.99789e-05
4337,42,2e-08
4338,38,1.1e-07
4338,39,0.000136911
4338,40,0.00133703
4338,41,8.30286e-05
4338,42,2e-08
4339,38,1.02771e-07
4339,39,0.000132218
4339,40,0.00134215
4339,41,8.62012e-05
4339,42,2e-08
4340,38,9e-08
4340,39,0.000127635
4340,40,0.00134672
4340,41,8.94187e-05
4340,42,2e-08
4341,38,6e-08
4341,39,0.000123153
4341,40,0.00135073
4341,41,9.26906e-05
4341,42,3e-08
4342,38,4e-08
4342,39,0.000118761
4342,40,0.0013541
4342,41,9.60965e-05
4342,42,2e-08
4343,38,3e-08
4343,39,0.000114472
4343,40,0.00135688
4343,41,9.95681e-05
4343,42,4e-08
4344,38,2e-08
4344,39,0.000110295
4344,40,0.00135906
4344,41,0.000103105
4344,42,3e-08
4345,38,2e-08
4345,39,0.000106219
4345,40,0.00136059
4345,41,0.000106777
4345,42,1e-08
4346,38,2e-08
4346,39,0.000102245
4346,40,0.00136154
4346,41,0.000110496
4346,42,1e-08
4347,38,2e-08
4347,39,9.83637e-05
4347,40,0.00136188
4347,41,0.000114321
4348,38,4e-08
4348,39,9.45938e-05
4348,40,0.0013616
4348,41,0.000118213
4349,38,3e-08
4349,39,9.0915e-05
4349,40,0.00136072
4349,41,0.00012219
4350,38,2e-08
4350,39,8.73373e-05
4350,40,0.00135921
4350,41,0.000126253
4350,42,1e-08
4351,39,8.387e-05
4351,40,0.00135707
4351,41,0.000130411
4351,42,2e-08
4352,39,8.05021e-05
4352,40,0.00135433
4352,41,0.000134644
4352,42,2e-08
4353,39,7.72328e-05
4353,40,0.001351
4353,41,0.000138951
4353,42,2e-08
4354,39,7.40611e-05
4354,40,0.00134707
4354,41,0.000143331
4354,42,6e-08
4355,39,7.0976e-05
4355,40,0.0013425
4355,41,0.000147855
4355,42,8e-08
4356,39,6.79968e-05
4356,40,0.00133736
4356,41,0.000152432
4356,42,6e-08
4357,39,6.5112e-05
4357,40,0.00133168
4357,41,0.00015705
4357,42,6e-08
4358,39,6.23103e-05
4358,40,0.00132539
4358,41,0.000161799
4358,42,1.1e-07
4359,39,5.96107e-05
4359,40,0.00131854
4359,41,0.000166627
4359,42,1.5e-07
4360,39,5.70014e-05
4360,40,0.00131116
4360,41,0.000171495
4360,42,1.45133e-07
4361,39,5.4471e-05
4361,40,0.00130325
4361,41,0.000176439
4361,42,1.50922e-07
4362,39,5.20382e-05
4362,40,0.00129477
4362,41,0.000181499
4362,42,1.57386e-07
4363,39,4.96912e-05
4363,40,0.0012858
4363,41,0.000186594
4363,42,1.84088e-07
4364,39,4.74281e-05
4364,40,0.00127633
4364,41,0.000191771
4364,42,1.91035e-07
4365,39,4.52734e-05
4365,40,0.00126637
4365,41,0.000197009
4365,42,2.18679e-07
4366,39,4.31716e-05
4366,40,0.00125595
4366,41,0.000202316
4366,42,2.27481e-07
4367,39,4.11486e-05
4367,40,0.00124506
4367,41,0.000207691
4367,42,2.76592e-07
4368,39,3.91642e-05
4368,40,0.00123372
4368,41,0.000213151
4368,42,3.16456e-07
4369,39,3.72799e-05
4369,40,0.00122195
4369,41,0.000218674
4369,42,3.36658e-07
4370,39,3.54786e-05
4370,40,0.00120977
4370,41,0.00022427
4370,42,3.47633e-07
4371,39,3.37785e-05
4371,40,0.0011972
4371,41,0.000229926
4371,42,3.88977e-07
4372,39,3.21076e-05
4372,40,0.00118425
4372,41,0.00023564
4372,42,4.16602e-07
4373,39,3.05441e-05
4373,40,0.00117095
4373,41,0.000241389
4373,42,4.55419e-07
4374,39,2.90361e-05
4374,40,0.00115735
4374,41,0.00024717
4374,42,4.85878e-07
4375,39,2.75617e-05
4375,40,0.00114342
4375,41,0.000253011
4375,42,5.17622e-07
4376,39,2.61691e-05
4376,40,0.00112917
4376,41,0.000258919
4376,42,5.50573e-07
4377,39,2.48363e-05
4377,40,0.00111462
4377,41,0.000264883
4377,42,5.84762e-07
4378,39,2.35515e-05
4378,40,0.00109983
4378,41,0.00027087
4378,42,6.20221e-07
4379,39,2.23428e-05
4379,40,0.00108479
4379,41,0.000276897
4379,42,6.66982e-07
4380,39,2.11783e-05
4380,40,0.00106955
4380,41,0.000282941
4380,42,7.05466e-07
4381,39,2.00464e-05
4381,40,0.00105406
4381,41,0.00028905
4381,42,7.55446e-07
4382,39,1.89751e-05
4382,40,0.00103841
4382,41,0.00029516
4382,42,8.0723e-07
4383,39,1.79527e-05
4383,40,0.00102259
4383,41,0.000301298
4383,42,8.60859e-07
4384,39,1.69874e-05
4384,40,0.00100661
4384,41,0.000307472
4384,42,9.06612e-07
4385,39,1.60676e-05
4385,40,0.000990465
4385,41,0.00031369
4385,42,9.64058e-07
4386,39,1.51915e-05
4386,40,0.000974224
4386,41,0.000319907
4386,42,1.0235e-06
4387,39,1.43575e-05
4387,40,0.00095789
4387,41,0.000326152
4387,42,1.06509e-06
4388,39,1.35639e-05
4388,40,0.000941462
4388,41,0.0003324
4388,42,1.12805e-06
4389,39,1.28092e-05
4389,40,0.000924927
4389,41,0.000338709
4389,42,1.18324e-06
4390,39,1.20919e-05
4390,40,0.000908391
4390,41,0.000344965
4390,42,1.25036e-06
4391,39,1.14103e-05
4391,40,0.000891798
4391,41,0.000351256
4391,42,1.30994e-06
4392,39,1.07631e-05
4392,40,0.000875196
4392,41,0.000357529
4392,42,1.38158e-06
4393,39,1.01487e-05
4393,40,0.000858589
4393,41,0.000363799
4393,42,1.45566e-06
4394,39,9.56587e-06
4394,40,0.000841992
4394,41,0.000370054
4394,42,1.54237e-06
4395,39,9.01317e-06
4395,40,0.000825419
4395,41,0.00037632
4395,42,1.61211e-06
4396,39,8.48929e-06
4396,40,0.000808893
4396,41,0.000382565
4396,42,1.68417e-06
4397,39,7.99296e-06
4397,40,0.000792409
4397,41,0.000388795
4397,42,1.76849e-06
4398,39,7.52294e-06
4398,40,0.000776018
4398,41,0.000394987
4398,42,1.84555e-06
4399,39,7.07804e-06
4399,40,0.000759702
4399,41,0.000401148
4399,42,1.93498e-06
4400,39,6.65709e-06
4400,40,0.000743434
4400,41,0.000407324
4400,42,2.02727e-06
4401,39,6.25899e-06
4401,40,0.000727315
4401,41,0.000413432
4401,42,2.1126e-06
4402,39,5.88266e-06
4402,40,0.000711275
4402,41,0.00041954
4402,42,2.20049e-06
4403,39,5.54213e-06
4403,40,0.000695356
4403,41,0.000425583
4403,42,2.3211e-06
4404,39,5.20517e-06
4404,40,0.000679586
4404,41,0.000431598
4404,42,2.41556e-06
4405,39,4.85222e-06
4405,40,0.000663945
4405,41,0.000437593
4405,42,2.50277e-06
4406,39,4.53883e-06
4406,40,0.000648422
4406,41,0.000443575
4406,42,2.59248e-06
4407,39,4.242e-06
4407,40,0.000633076
4407,41,0.00044947
4407,42,2.70475e-06
4408,39,3.97089e-06
4408,40,0.000617894
4408,41,0.000455295
4408,42,2.84046e-06
4409,39,3.72471e-06
4409,40,0.000602893
4409,41,0.000461066
4409,42,2.97029e-06
4410,39,3.4827e-06
4410,40,0.00058807
4410,41,0.000466801
4410,42,3.08402e-06
4411,39,3.26412e-06
4411,40,0.000573432
4411,41,0.000472477
4411,42,3.20103e-06
4412,39,3.05829e-06
4412,40,0.000558993
4412,41,0.000478091
4412,42,3.31139e-06
4413,39,2.86453e-06
4413,40,0.000544751
4413,41,0.00048361
4413,42,3.45475e-06
4414,39,2.6822e-06
4414,40,0.000530698
4414,41,0.00048907
4414,42,3.60225e-06
4415,39,2.5107e-06
4415,40,0.000516861
4415,41,0.00049444
4415,42,3.76387e-06
4416,39,2.34944e-06
4416,40,0.000503233
4416,41,0.000499764
4416,42,3.90019e-06
4417,39,2.19786e-06
4417,40,0.000489818
4417,41,0.000504982
4417,42,4.07023e-06
4418,39,2.05543e-06
4418,40,0.00047663
4418,41,0.00051012
4418,42,4.23501e-06
4419,39,1.92166e-06
4419,40,0.00046364
4419,41,0.000515226
4419,42,4.37421e-06
4420,39,1.79606e-06
4420,40,0.000450862
4420,41,0.000520227
4420,42,4.54699e-06
4421,39,1.67817e-06
4421,40,0.000438308
4421,41,0.000525149
4421,42,4.71432e-06
4422,39,1.56755e-06
4422,40,0.000425991
4422,41,0.000529962
4422,42,4.89589e-06
4423,39,1.4638e-06
4423,40,0.000413921
4423,41,0.000534661
4423,42,5.08227e-06
4424,39,1.36652e-06
4424,40,0.000402079
4424,41,0.000539275
4424,42,5.26341e-06
4425,39,1.27534e-06
4425,40,0.000390466
4425,41,0.000543781
4425,42,5.45914e-06
4426,39,1.18991e-06
4426,40,0.000379063
4426,41,0.000548207
4426,42,5.65978e-06
4427,39,1.10988e-06
4427,40,0.00036792
4427,41,0.000552499
4427,42,5.8654e-06
4428,39,1.03494e-06
4428,40,0.000356996
4428,41,0.000556707
4428,42,6.06607e-06
4429,39,9.64798e-07
4429,40,0.000346302
4429,41,0.000560798
4429,42,6.28163e-06
4430,39,8.99157e-07
4430,40,0.000335847
4430,41,0.000564759
4430,42,6.51251e-06
4431,39,8.37753e-07
4431,40,0.0003256
4431,41,0.000568658
4431,42,6.71889e-06
4432,39,7.80328e-07
4432,40,0.000315591
4432,41,0.000572405
4432,42,6.96016e-06
4433,39,7.26642e-07
4433,40,0.000305808
4433,41,0.000576045
4433,42,7.19707e-06
4434,39,6.76468e-07
4434,40,0.000296249
4434,41,0.000579569
4434,42,7.43947e-06
4435,39,6.2959e-07
4435,40,0.000286904
4435,41,0.000582973
4435,42,7.69755e-06
4436,39,5.85804e-07
4436,40,0.000277781
4436,41,0.000586247
4436,42,7.97136e-06
4437,39,5.4492e-07
4437,40,0.000268887
4437,41,0.000589408
4437,42,8.23119e-06
4438,39,5.06756e-07
4438,40,0.000260211
4438,41,0.000592435
4438,42,8.50691e-06
4439,39,4.71142e-07
4439,40,0.000251739
4439,41,0.000595346
4439,42,8.78893e-06
4440,39,4.37917e-07
4440,40,0.000243481
4440,41,0.00059814
4440,42,9.06721e-06
4441,39,4.0693e-07
4441,40,0.000235454
4441,41,0.000600785
4441,42,9.3516e-06
4442,39,3.7804e-07
4442,40,0.000227624
4442,41,0.000603311
4442,42,9.64194e-06
4443,39,3.51111e-07
4443,40,0.000219999
4443,41,0.000605696
4443,42,9.94852e-06
4444,39,3.26018e-07
4444,40,0.000212576
4444,41,0.000607939
4444,42,1.02717e-05
4445,39,3.02642e-07
4445,40,0.000205353
4445,41,0.000610059
4445,42,1.05917e-05
4446,39,2.80872e-07
4446,40,0.000198326
4446,41,0.000612076
4446,42,1.08881e-05
4447,39,2.60603e-07
4447,40,0.000191492
4447,41,0.000613928
4447,42,1.12204e-05
4448,39,2.41737e-07
4448,40,0.000184849
4448,41,0.000615644
4448,42,1.15596e-05
4449,39,2.24182e-07
4449,40,0.000178392
4449,41,0.000617235
4449,42,1.18955e-05
4450,39,2.07851e-07
4450,40,0.000172129
4450,41,0.000618699
4450,42,1.2218e-05
4451,39,1.92663e-07
4451,40,0.000166046
4451,41,0.000619997
4451,42,1.25766e-05
4452,39,1.78541e-07
4452,40,0.000160141
4452,41,0.000621167
4452,42,1.29325e-05
4453,39,1.65415e-07
4453,40,0.000154398
4453,41,0.00062221
4453,42,1.32949e-05
4454,39,1.53217e-07
4454,40,0.000148836
4454,41,0.000623095
4454,42,1.36743e-05
4455,39,1.41885e-07
4455,40,0.000143431
4455,41,0.000623873
4455,42,1.40409e-05
4456,39,1.31361e-07
4456,40,0.0001382
4456,41,0.000624503
4456,42,1.44143e-05
4457,39,1.21588e-07
4457,40,0.000133128
4457,41,0.000624995
4457,42,1.47944e-05
4458,39,1.12516e-07
4458,40,0.000128213
4458,41,0.000625351
4458,42,1.51816e-05
4459,39,1.04097e-07
4459,40,0.000123442
4459,41,0.000625559
4459,42,1.55956e-05
4460,39,1.2e-07
4460,40,0.00011882
4460,41,0.000625621
4460,42,1.6027e-05
4461,39,1.1097e-07
4461,40,0.000114355
4461,41,0.000625566
4461,42,1.64359e-05
4462,39,1.02595e-07
4462,40,0.000110033
4462,41,0.000625366
4462,42,1.68621e-05
4463,39,1e-07
4463,40,0.00010584
4463,41,0.000625052
4463,42,1.72854e-05
4464,39,1.1e-07
4464,40,0.000101795
4464,41,0.000624593
4464,42,1.77159e-05
4465,39,1.0163e-07
4465,40,9.78717e-05
4465,41,0.000623991
4465,42,1.81735e-05
4466,39,1e-07
4466,40,9.40788e-05
4466,41,0.000623246
4466,42,1.86489e-05
4467,39,1.1e-07
4467,40,9.04226e-05
4467,41,0.000622381
4467,42,1.91123e-05
4468,39,1.01562e-07
4468,40,8.68895e-05
4468,41,0.000621385
4468,42,1.95833e-05
4469,39,1.6e-07
4469,40,8.34763e-05
4469,41,0.00062027
4469,42,2.00519e-05
4470,39,1.47662e-07
4470,40,8.01798e-05
4470,41,0.000619018
4470,42,2.05378e-05
4471,39,1.36246e-07
4471,40,7.6997e-05
4471,41,0.000617619
4471,42,2.10514e-05
4472,39,1.25686e-07
4472,40,7.39246e-05
4472,41,0.000616136
4472,42,2.1533e-05
4473,39,1.15919e-07
4473,40,7.09598e-05
4473,41,0.000614519
4473,42,2.2032e-05
4474,39,1.06888e-07
4474,40,6.80895e-05
4474,41,0.000612781
4474,42,2.25484e-05
4475,39,1.2e-07
4475,40,6.53212e-05
4475,41,0.000610952
4475,42,2.30424e-05
4476,39,1.10604e-07
4476,40,6.26519e-05
4476,41,0.000608974
4476,42,2.35736e-05
4477,39,1.01923e-07
4477,40,6.00787e-05
4477,41,0.00060687
4477,42,2.41225e-05
4478,39,8e-08
4478,40,5.7599e-05
4478,41,0.000604681
4478,42,2.46493e-05
4479,39,6e-08
4479,40,5.51627e-05
4479,41,0.000602389
4479,42,2.51735e-05
4480,39,4e-08
4480,40,5.28866e-05
4480,41,0.000599916
4480,42,2.57649e-05
4481,39,1e-08
4481,40,5.06651e-05
4481,41,0.000597354
4481,42,2.63447e-05
4482,39,2e-08
4482,40,4.85655e-05
4482,41,0.000594696
4482,42,2.69224e-05
4483,39,4e-08
4483,40,4.65254e-05
4483,41,0.000591913
4483,42,2.7528e-05
4484,39,4e-08
4484,40,4.45721e-05
4484,41,0.000589048
4484,42,2.81219e-05
4485,39,3e-08
4485,40,4.27134e-05
4485,41,0.000586082
4485,42,2.87236e-05
4486,39,1e-08
4486,40,4.09268e-05
4486,41,0.000583029
4486,42,2.93232e-05
4487,39,2e-08
4487,40,3.91729e-05
4487,41,0.000579871
4487,42,2.99404e-05
4488,39,2e-08
4488,40,3.74868e-05
4488,41,0.000576609
4488,42,3.05757e-05
4489,39,1e-08
4489,40,3.58665e-05
4489,41,0.000573267
4489,42,3.12089e-05
4490,39,1e-08
4490,40,3.43096e-05
4490,41,0.000569847
4490,42,3.18401e-05
4491,39,3e-08
4491,40,3.28163e-05
4491,41,0.00056632
4491,42,3.2499e-05
4492,39,5e-08
4492,40,3.13955e-05
4492,41,0.000562711
4492,42,3.31661e-05
4493,39,1e-08
4493,40,3.00155e-05
4493,41,0.000559031
4493,42,3.38311e-05
4494,40,2.86983e-05
4494,41,0.000555262
4494,42,3.4514e-05
4495,40,2.73904e-05
4495,41,0.000551438
4495,42,3.5185e-05
4496,40,2.61638e-05
4496,41,0.000547521
4496,42,3.58835e-05
4497,40,2.50068e-05
4497,41,0.000543533
4497,42,3.65898e-05
4498,40,2.38976e-05
4498,41,0.000539507
4498,42,3.7274e-05
4499,40,2.28374e-05
4499,41,0.000535406
4499,42,3.79758e-05
4500,40,2.17742e-05
4500,41,0.000531242
4500,42,3.8685e-05
4501,40,2.08335e-05
4501,41,0.000527008
4501,42,3.94119e-05
4502,40,1.98737e-05
4502,41,0.000522726
4502,42,4.01368e-05
4503,40,1.89533e-05
4503,41,0.00051837
4503,42,4.08892e-05
4504,40,1.80808e-05
4504,41,0.000513961
4504,42,4.16496e-05
4505,40,1.72249e-05
4505,41,0.000509512
4505,42,4.24078e-05
4506,40,1.64141e-05
4506,41,0.000505036
4506,42,4.31536e-05
4507,40,1.56871e-05
4507,41,0.000500496
4507,42,4.3927e-05
4508,40,1.49226e-05
4508,41,0.000495913
4508,42,4.4708e-05
4509,40,1.42294e-05
4509,41,0.000491291
4509,42,4.54968e-05
4510,40,1.35463e-05
4510,41,0.000486632
4510,42,4.62932e-05
4511,40,1.2892e-05
4511,41,0.000481948
4511,42,4.70873e-05
4512,40,1.22855e-05
4512,41,0.000477242
4512,42,4.78788e-05
4513,40,1.17056e-05
4513,41,0.000472496
4513,42,4.86877e-05
4514,40,1.11513e-05
4514,41,0.000467703
4514,42,4.95241e-05
4515,40,1.06216e-05
4515,41,0.000462895
4515,42,5.03581e-05
4516,40,1.01154e-05
4516,41,0.000458045
4516,42,5.12195e-05
4517,40,9.63191e-06
4517,41,0.000453204
4517,42,5.20588e-05
4518,40,9.17008e-06
4518,41,0.000448346
4518,42,5.29055e-05
4519,40,8.72906e-06
4519,41,0.000443482
4519,42,5.37495e-05
4520,40,8.30798e-06
4520,41,0.000438614
4520,42,5.45908e-05
4521,40,7.90603e-06
4521,41,0.000433735
4521,42,5.54391e-05
4522,40,7.52241e-06
4522,41,0.000428836
4522,42,5.63044e-05
4523,40,7.15634e-06
4523,41,0.00042391
4523,42,5.71968e-05
4524,40,6.80709e-06
4524,41,0.000418969
4524,42,5.81063e-05
4525,40,6.47395e-06
4525,41,0.000414055
4525,42,5.89934e-05
4526,40,6.15623e-06
4526,41,0.00040913
4526,42,5.98975e-05
4527,40,5.85326e-06
4527,41,0.000404196
4527,42,6.08186e-05
4528,40,5.56442e-06
4528,41,0.000399295
4528,42,6.1717e-05
4529,40,5.2891e-06
4529,41,0.000394368
4529,42,6.26523e-05
4530,40,5.0267e-06
4530,41,0.000389457
4530,42,6.35845e-05
4531,40,4.77666e-06
4531,41,0.000384554
4531,42,6.45137e-05
4531,43,1e-08
4532,40,4.53845e-06
4532,41,0.000379662
4532,42,6.54497e-05
4532,43,1e-08
4533,40,4.31153e-06
4533,41,0.00037478
4533,42,6.63925e-05
4533,43,4e-08
4534,40,4.09541e-06
4534,41,0.000369902
4534,42,6.73622e-05
4534,43,5e-08
4535,40,3.88962e-06
4535,41,0.000365049
4535,42,6.8319e-05
4535,43,6e-08
4536,40,3.69368e-06
4536,41,0.000360221
4536,42,6.92726e-05
4536,43,6e-08
4537,40,3.50715e-06
4537,41,0.000355401
4537,42,7.02429e-05
4537,43,7e-08
4538,40,3.32962e-06
4538,41,0.00035061
4538,42,7.121e-05
4538,43,1.1e-07
4539,40,3.16067e-06
4539,41,0.00034582
4539,42,7.22036e-05
4539,43,9e-08
4540,40,2.99992e-06
4540,41,0.000341071
4540,42,7.31938e-05
4540,43,9e-08
4541,40,2.84698e-06
4541,41,0.000336335
4541,42,7.41906e-05
4541,43,9e-08
4542,40,2.70151e-06
4542,41,0.000331634
4542,42,7.51941e-05
4542,43,1.2e-07
4543,40,2.56316e-06
4543,41,0.000326947
4543,42,7.62141e-05
4543,43,1.44557e-07
4544,40,2.4316e-06
4544,41,0.000322298
4544,42,7.72309e-05
4544,43,1.39291e-07
4545,40,2.30651e-06
4545,41,0.000317666
4545,42,7.82543e-05
4545,43,1.54207e-07
4546,40,2.1876e-06
4546,41,0.000313082
4546,42,7.9274e-05
4546,43,1.59313e-07
4547,40,2.05499e-06
4547,41,0.000308508
4547,42,8.03102e-05
4547,43,2.14616e-07
4548,40,1.95338e-06
4548,41,0.000303975
4548,42,8.13428e-05
4548,43,2.10122e-07
4549,40,1.86679e-06
4549,41,0.000299464
4549,42,8.24018e-05
4549,43,2.26246e-07
4550,40,1.76498e-06
4550,41,0.000294985
4550,42,8.34671e-05
4550,43,2.42605e-07
4551,40,1.62773e-06
4551,41,0.000290559
4551,42,8.45187e-05
4551,43,2.59206e-07
4552,40,1.56482e-06
4552,41,0.000286157
4552,42,8.55766e-05
4552,43,3.16058e-07
4553,40,1.50605e-06
4553,41,0.000281791
4553,42,8.66407e-05
4553,43,3.4039e-07
4554,40,1.42123e-06
4554,41,0.000277449
4554,42,8.77308e-05
4554,43,3.55752e-07
4555,40,1.33016e-06
4555,41,0.000273144
4555,42,8.88174e-05
4555,43,3.81783e-07
4556,40,1.27266e-06
4556,41,0.000268886
4556,42,8.99e-05
4556,43,4.08914e-07
4557,40,1.18857e-06
4557,41,0.000264666
4557,42,9.09887e-05
4557,43,4.37298e-07
4558,40,1.13771e-06
4558,41,0.000260473
4558,42,9.21033e-05
4558,43,4.56993e-07
4559,40,1.10994e-06
4559,41,0.000256329
4559,42,9.3204e-05
4559,43,4.87547e-07
4560,40,1.02511e-06
4560,41,0.000252235
4560,42,9.43107e-05
4560,43,5.09503e-07
4561,40,9.53066e-07
4561,41,0.000248179
4561,42,9.54133e-05
4561,43,5.42418e-07
4562,40,9.1368e-07
4562,41,0.000244164
4562,42,9.65217e-05
4562,43,5.76838e-07
4563,40,8.76821e-07
4563,41,0.000240178
4563,42,9.76457e-05
4563,43,6.12718e-07
4564,40,8.22364e-07
4564,41,0.000236233
4564,42,9.87755e-05
4564,43,6.50228e-07
4565,40,7.80192e-07
4565,41,0.00023233
4565,42,9.99208e-05
4565,43,6.7933e-07
4566,40,7.40193e-07
4566,41,0.000228467
4566,42,0.000101072
4566,43,7.09694e-07
4567,40,7.12258e-07
4567,41,0.000224646
4567,42,0.000102219
4567,43,7.51375e-07
4568,40,7.16285e-07
4568,41,0.000220857
4568,42,0.000103381
4568,43,7.94931e-07
4569,40,6.72178e-07
4569,41,0.00021713
4569,42,0.000104538
4569,43,8.30443e-07
4570,40,5.99843e-07
4570,41,0.000213436
4570,42,0.000105712
4570,43,8.67495e-07
4571,40,5.89191e-07
4571,41,0.000209783
4571,42,0.00010688
4571,43,9.16153e-07
4572,40,5.50139e-07
4572,41,0.000206173
4572,42,0.000108064
4572,43,9.56872e-07
4573,40,5.62606e-07
4573,41,0.000202606
4573,42,0.000109254
4573,43,9.99349e-07
4574,40,5.26515e-07
4574,41,0.000199071
4574,42,0.000110459
4574,43,1.04366e-06
4575,40,5.01793e-07
4575,41,0.00019559
4575,42,0.000111659
4575,43,1.08988e-06
4576,40,4.48372e-07
4576,41,0.000192151
4576,42,0.000112854
4576,43,1.14809e-06
4577,40,4.46185e-07
4577,41,0.000188765
4577,42,0.000114044
4577,43,1.20887e-06
4578,40,4.15169e-07
4578,41,0.000185411
4578,42,0.000115249
4578,43,1.27222e-06
4579,40,3.75266e-07
4579,41,0.0001821
4579,42,0.00011646
4579,43,1.33835e-06
4580,40,3.56417e-07
4580,41,0.000178822
4580,42,0.000117695
4580,43,1.39727e-06
4581,40,3.28569e-07
4581,41,0.000175607
4581,42,0.000118904
4581,43,1.46872e-06
4582,40,3.01671e-07
4582,41,0.000172413
4582,42,0.000120139
4582,43,1.54318e-06
4583,40,2.75674e-07
4583,41,0.000169263
4583,42,0.000121388
4583,43,1.61088e-06
4584,40,2.6053e-07
4584,41,0.000166155
4584,42,0.000122641
4584,43,1.68148e-06
4585,40,2.46197e-07
4585,41,0.000163109
4585,42,0.000123879
4585,43,1.75509e-06
4586,40,2.32631e-07
4586,41,0.000160106
4586,42,0.000125122
4586,43,1.83184e-06
4587,40,2.19794e-07
4587,41,0.000157123
4587,42,0.000126379
4587,43,1.92186e-06
4588,40,2.07648e-07
4588,41,0.000154183
4588,42,0.00012765
4588,43,2.00567e-06
4589,40,1.96155e-07
4589,41,0.000151284
4589,42,0.000128916
4589,43,2.10303e-06
4590,40,1.85283e-07
4590,41,0.000148437
4590,42,0.000130185
4590,43,2.19459e-06
4591,40,1.74998e-07
4591,41,0.000145631
4591,42,0.000131449
4591,43,2.30004e-06
4592,40,1.6527e-07
4592,41,0.000142865
4592,42,0.000132717
4592,43,2.4099e-06
4593,40,1.56069e-07
4593,41,0.00014015
4593,42,0.000133988
4593,43,2.51437e-06
4594,40,1.47369e-07
4594,41,0.000137475
4594,42,0.000135253
4594,43,2.63325e-06
4595,40,1.39141e-07
4595,41,0.000134839
4595,42,0.000136522
4595,43,2.75721e-06
4596,40,1.31362e-07
4596,41,0.000132244
4596,42,0.000137803
4596,43,2.87647e-06
4597,40,1.24008e-07
4597,41,0.000129677
4597,42,0.000139089
4597,43,3.01075e-06
4598,40,1.17056e-07
4598,41,0.00012716
4598,42,0.000140367
4598,43,3.15076e-06
4599,40,1.10484e-07
4599,41,0.000124681
4599,42,0.000141659
4599,43,3.28661e-06
4600,40,1.04273e-07
4600,41,0.00012223
4600,42,0.000142953
4600,43,3.43818e-06
4601,40,9e-08
4601,41,0.000119818
4601,42,0.00014426
4601,43,3.58617e-06
4602,40,9e-08
4602,41,0.000117443
4602,42,0.00014556
4602,43,3.75038e-06
4603,40,3e-08
4603,41,0.000115106
4603,42,0.000146873
4603,43,3.91154e-06
4604,40,5e-08
4604,41,0.000112817
4604,42,0.000148178
4604,43,4.07946e-06
4605,40,3e-08
4605,41,0.000110563
4605,42,0.000149475
4605,43,4.26442e-06
4606,40,3e-08
4606,41,0.000108337
4606,42,0.000150785
4606,43,4.45717e-06
4607,40,1e-08
4607,41,0.000106156
4607,42,0.000152096
4607,43,4.64804e-06
4608,41,0.000104001
4608,42,0.000153409
4608,43,4.85689e-06
4609,41,0.000101881
4609,42,0.000154724
4609,43,5.07451e-06
4610,41,9.98063e-05
4610,42,0.000156031
4610,43,5.30115e-06
4611,41,9.77661e-05
4611,42,0.000157349
4611,43,5.52718e-06
4612,41,9.575e-05
4612,42,0.000158668
4612,43,5.77261e-06
4613,41,9.37678e-05
4613,42,0.000159998
4613,43,6.0183e-06
4614,41,9.18299e-05
4614,42,0.000161319
4614,43,6.28419e-06
4615,41,8.99243e-05
4615,42,0.000162641
4615,43,6.56106e-06
4616,41,8.80509e-05
4616,42,0.000163964
4616,43,6.83945e-06
4617,41,8.62122e-05
4617,42,0.000165287
4617,43,7.13936e-06
4618,41,8.44036e-05
4618,42,0.00016661
4618,43,7.45173e-06
4619,41,8.26254e-05
4619,42,0.000167923
4619,43,7.77694e-06
4620,41,8.08706e-05
4620,42,0.000169245
4620,43,8.11562e-06
4621,41,7.91794e-05
4621,42,0.000170568
4621,43,8.46831e-06
4622,41,7.74653e-05
4622,42,0.000171889
4622,43,8.82557e-06
4623,41,7.57812e-05
4623,42,0.0001732
4623,43,9.20753e-06
4624,41,7.41566e-05
4624,42,0.00017451
4624,43,9.60512e-06
4625,41,7.25611e-05
4625,42,0.000175808
4625,43,1.0029e-05
4626,41,7.09744e-05
4626,42,0.000177125
4626,43,1.04502e-05
4627,41,6.9416e-05
4627,42,0.00017845
4627,43,1.08886e-05
4628,41,6.78958e-05
4628,42,0.000179764
4628,43,1.13549e-05
4629,41,6.64135e-05
4629,42,0.000181065
4629,43,1.18404e-05
4630,41,6.49812e-05
4630,42,0.000182353
4630,43,1.23557e-05
4631,41,6.3552e-05
4631,42,0.000183649
4631,43,1.28818e-05
4632,41,6.21493e-05
4632,42,0.000184952
4632,43,1.34194e-05
4633,41,6.07628e-05
4633,42,0.000186262
4633,43,1.39788e-05
4634,41,5.94022e-05
4634,42,0.000187549
4634,43,1.4581e-05
4635,41,5.80996e-05
4635,42,0.000188832
4635,43,1.52075e-05
4636,41,5.67886e-05
4636,42,0.00019013
4636,43,1.58393e-05
4637,41,5.55025e-05
4637,42,0.000191415
4637,43,1.65067e-05
4638,41,5.42409e-05
4638,42,0.000192695
4638,43,1.72009e-05
4639,41,5.30136e-05
4639,42,0.00019396
4639,43,1.79231e-05
4640,41,5.17998e-05
4640,42,0.00019524
4640,43,1.86643e-05
4641,41,5.06095e-05
4641,42,0.000196515
4641,43,1.94353e-05
4642,41,4.94851e-05
4642,42,0.000197755
4642,43,2.02572e-05
4643,41,4.83491e-05
4643,42,0.000198998
4643,43,2.1102e-05
4644,41,4.7206e-05
4644,42,0.000200235
4644,43,2.19806e-05
4645,41,4.61272e-05
4645,42,0.000201456
4645,43,2.29043e-05
4646,41,4.50199e-05
4646,42,0.00020269
4646,43,2.38447e-05
4647,41,4.39737e-05
4647,42,0.000203916
4647,43,2.48226e-05
4648,41,4.29482e-05
4648,42,0.000205115
4648,43,2.58593e-05
4649,41,4.19264e-05
4649,42,0.000206307
4649,43,2.69372e-05
4650,41,4.09555e-05
4650,42,0.0002075
4650,43,2.80478e-05
4651,41,3.99642e-05
4651,42,0.000208684
4651,43,2.92023e-05
4652,41,3.90123e-05
4652,42,0.00020986
4652,43,3.04024e-05
4653,41,3.80793e-05
4653,42,0.000211017
4653,43,3.16596e-05
4654,41,3.7165e-05
4654,42,0.000212174
4654,43,3.29564e-05
4655,41,3.6289e-05
4655,42,0.000213311
4655,43,3.43139e-05
4656,41,3.54312e-05
4656,42,0.000214448
4656,43,3.57147e-05
4657,41,3.45811e-05
4657,42,0.000215574
4657,43,3.71704e-05
4658,41,3.37885e-05
4658,42,0.000216689
4658,43,3.86828e-05
4659,41,3.29675e-05
4659,42,0.000217802
4659,43,4.0244e-05
4660,41,3.21637e-05
4660,42,0.000218884
4660,43,4.1886e-05
4661,41,3.13766e-05
4661,42,0.000219974
4661,43,4.35717e-05
4662,41,3.06061e-05
4662,42,0.000221041
4662,43,4.53326e-05
4663,41,2.98518e-05
4663,42,0.000222085
4663,43,4.71715e-05
4664,41,2.91135e-05
4664,42,0.000223136
4664,43,4.90614e-05
4665,41,2.8395e-05
4665,42,0.000224173
4665,43,5.1024e-05
4666,41,2.76318e-05
4666,42,0.000225196
4666,43,5.3062e-05
4667,41,2.69335e-05
4667,42,0.000226204
4667,43,5.5178e-05
4668,41,2.627e-05
4668,42,0.000227187
4668,43,5.73848e-05
4669,41,2.56008e-05
4669,42,0.000228144
4669,43,5.96858e-05
4670,41,2.49458e-05
4670,42,0.000229086
4670,43,6.20743e-05
4671,41,2.42947e-05
4671,42,0.000230021
4671,43,6.45433e-05
4672,41,2.36773e-05
4672,42,0.000230929
4672,43,6.71156e-05
4673,41,2.30733e-05
4673,42,0.00023184
4673,43,6.97651e-05
4674,41,2.24824e-05
4674,42,0.000232722
4674,43,7.25142e-05
4674,44,1e-08
4675,41,2.19044e-05
4675,42,0.000233597
4675,43,7.53666e-05
4676,41,2.13392e-05
4676,42,0.000234443
4676,43,7.83257e-05
4676,44,1e-08
4677,41,2.07864e-05
4677,42,0.000235269
4677,43,8.14053e-05
4677,44,3e-08
4678,41,2.02458e-05
4678,42,0.000236076
4678,43,8.45994e-05
4678,44,8e-08
4679,41,1.97171e-05
4679,42,0.000236852
4679,43,8.79221e-05
4679,44,6e-08
4680,41,1.92003e-05
4680,42,0.000237628
4680,43,9.13376e-05
4680,44,5e-08
4681,41,1.8695e-05
4681,42,0.000238362
4681,43,9.49091e-05
4681,44,5e-08
4682,41,1.8201e-05
4682,42,0.000239084
4682,43,9.8592e-05
4682,44,1e-07
4683,41,1.77181e-05
4683,42,0.000239794
4683,43,0.00010241
4683,44,1e-07
4684,41,1.72462e-05
4684,42,0.000240461
4684,43,0.000106387
4684,44,1e-07
4685,41,1.67849e-05
4685,42,0.000241114
4685,43,0.000110499
4685,44,1.4e-07
4686,41,1.63341e-05
4686,42,0.000241754
4686,43,0.00011475
4686,44,1.37218e-07
4687,41,1.58936e-05
4687,42,0.000242349
4687,43,0.000119165
4687,44,1.54822e-07
4688,41,1.54632e-05
4688,42,0.000242929
4688,43,0.000123729
4688,44,1.62833e-07
4689,41,1.50426e-05
4689,42,0.000243473
4689,43,0.000128477
4689,44,1.71822e-07
4690,41,1.46317e-05
4690,42,0.000244011
4690,43,0.000133374
4690,44,1.81289e-07
4691,41,1.42304e-05
4691,42,0.000244501
4691,43,0.000138465
4691,44,1.91259e-07
4692,41,1.38384e-05
4692,42,0.000244975
4692,43,0.000143727
4692,44,2.01755e-07
4693,41,1.34555e-05
4693,42,0.00024541
4693,43,0.000149175
4693,44,2.22804e-07
4694,41,1.30815e-05
4694,42,0.000245827
4694,43,0.000154804
4694,44,2.44435e-07
4695,41,1.27163e-05
4695,42,0.000246225
4695,43,0.00016063
4695,44,2.67221e-07
4696,41,1.23597e-05
4696,42,0.000246572
4696,43,0.000166678
4696,44,2.80674e-07
4697,41,1.20116e-05
4697,42,0.000246899
4697,43,0.000172916
4697,44,3.14829e-07
4698,41,1.16717e-05
4698,42,0.000247195
4698,43,0.00017938
4698,44,3.20261e-07
4699,41,1.13398e-05
4699,42,0.00024746
4699,43,0.000186055
4699,44,3.56493e-07
4700,41,1.10159e-05
4700,42,0.000247702
4700,43,0.000192947
4700,44,3.53562e-07
4701,41,1.06998e-05
4701,42,0.00024789
4701,43,0.000200094
4701,44,3.82047e-07
4702,41,1.03913e-05
4702,42,0.000248066
4702,43,0.000207472
4702,44,3.92016e-07
4703,41,1.00902e-05
4703,42,0.000248187
4703,43,0.000215097
4703,44,4.33006e-07
4704,41,9.7964e-06
4704,42,0.000248293
4704,43,0.000222957
4704,44,4.85599e-07
4705,41,9.50976e-06
4705,42,0.000248363
4705,43,0.000231097
4705,44,5.19338e-07
4706,41,9.23011e-06
4706,42,0.000248377
4706,43,0.000239515
4706,44,5.64276e-07
4707,41,8.95731e-06
4707,42,0.000248374
4707,43,0.000248189
4707,44,6.00469e-07
4708,41,8.69122e-06
4708,42,0.000248334
4708,43,0.000257145
4708,44,6.57976e-07
4709,41,8.4317e-06
4709,42,0.000248245
4709,43,0.00026639
4709,44,7.1428e-07
4710,41,8.1786e-06
4710,42,0.000248128
4710,43,0.000275921
4710,44,7.73883e-07
4711,41,7.93181e-06
4711,42,0.000247961
4711,43,0.000285765
4711,44,8.36807e-07
4712,41,7.69117e-06
4712,42,0.000247753
4712,43,0.00029592
4712,44,9.03063e-07
4713,41,7.45657e-06
4713,42,0.000247505
4713,43,0.000306403
4713,44,9.62454e-07
4714,41,7.22788e-06
4714,42,0.000247215
4714,43,0.000317211
4714,44,1.03498e-06
4715,41,7.00496e-06
4715,42,0.000246882
4715,43,0.000328332
4715,44,1.12097e-06
4716,41,6.7877e-06
4716,42,0.000246517
4716,43,0.000339793
4716,44,1.19127e-06
4717,41,6.57597e-06
4717,42,0.000246108
4717,43,0.000351599
4717,44,1.27594e-06
4718,41,6.36966e-06
4718,42,0.000245655
4718,43,0.00036374
4718,44,1.36455e-06
4719,41,6.16865e-06
4719,42,0.000245147
4719,43,0.00037625
4719,44,1.47846e-06
4720,41,5.97283e-06
4720,42,0.000244603
4720,43,0.000389147
4720,44,1.60793e-06
4721,41,5.78208e-06
4721,42,0.000244003
4721,43,0.000402418
4721,44,1.72206e-06
4722,41,5.5963e-06
4722,42,0.000243347
4722,43,0.000416059
4722,44,1.87157e-06
4723,41,5.41538e-06
4723,42,0.000242643
4723,43,0.000430107
4723,44,2.00739e-06
4724,41,5.2392e-06
4724,42,0.000241911
4724,43,0.000444509
4724,44,2.19948e-06
4725,41,5.06768e-06
4725,42,0.00024113
4725,43,0.000459319
4725,44,2.33259e-06
4726,41,4.9007e-06
4726,42,0.000240291
4726,43,0.000474562
4726,44,2.46326e-06
4727,41,4.73818e-06
4727,42,0.000239401
4727,43,0.000490206
4727,44,2.5707e-06
4728,41,4.58e-06
4728,42,0.000238471
4728,43,0.000506235
4728,44,2.74572e-06
4729,41,4.42608e-06
4729,42,0.000237481
4729,43,0.000522692
4729,44,2.9194e-06
4730,41,4.27633e-06
4730,42,0.000236439
4730,43,0.000539583
4730,44,3.09259e-06
4731,41,4.13064e-06
4731,42,0.000235356
4731,43,0.00055689
4731,44,3.28519e-06
4732,41,3.98894e-06
4732,42,0.00023421
4732,43,0.000574617
4732,44,3.51721e-06
4733,41,3.85113e-06
4733,42,0.000233022
4733,43,0.000592806
4733,44,3.70034e-06
4734,41,3.71712e-06
4734,42,0.00023177
4734,43,0.00061143
4734,44,3.90309e-06
4735,41,3.58684e-06
4735,42,0.000230456
4735,43,0.000630512
4735,44,4.11571e-06
4736,41,3.46021e-06
4736,42,0.000229098
4736,43,0.000650001
4736,44,4.34862e-06
4737,41,3.33713e-06
4737,42,0.000227686
4737,43,0.000669917
4737,44,4.6032e-06
4738,41,3.21754e-06
4738,42,0.00022622
4738,43,0.00069026
4738,44,4.89088e-06
4739,41,3.10134e-06
4739,42,0.00022469
4739,43,0.000711048
4739,44,5.19253e-06
4740,41,2.98848e-06
4740,42,0.000223115
4740,43,0.000732288
4740,44,5.46792e-06
4741,41,2.87887e-06
4741,42,0.000221486
4741,43,0.000753958
4741,44,5.76666e-06
4742,41,2.77244e-06
4742,42,0.000219803
4742,43,0.000776024
4742,44,6.10945e-06
4743,41,2.66912e-06
4743,42,0.000218065
4743,43,0.00079852
4743,44,6.45792e-06
4744,41,2.56884e-06
4744,42,0.000216273
4744,43,0.00082143
4744,44,6.82246e-06
4745,41,2.47154e-06
4745,42,0.000214416
4745,43,0.000844787
4745,44,7.19307e-06
4746,41,2.37713e-06
4746,42,0.000212505
4746,43,0.000868483
4746,44,7.62959e-06
4747,41,2.28557e-06
4747,42,0.000210561
4747,43,0.000892566
4747,44,8.05547e-06
4748,41,2.19678e-06
4748,42,0.000208553
4748,43,0.000917047
4748,44,8.46006e-06
4749,41,2.11071e-06
4749,42,0.000206492
4749,43,0.000941883
4749,44,8.95342e-06
4750,41,2.02728e-06
4750,42,0.000204389
4750,43,0.00096705
4750,44,9.40678e-06
4751,41,1.94644e-06
4751,42,0.000202223
4751,43,0.000992594
4751,44,9.8914e-06
4752,41,1.86814e-06
4752,42,0.000200006
4752,43,0.00101845
4752,44,1.04271e-05
4753,41,1.7923e-06
4753,42,0.000197729
4753,43,0.0010446
4753,44,1.09749e-05
4754,41,1.71888e-06
4754,42,0.000195411
4754,43,0.00107105
4754,44,1.15655e-05
4755,41,1.64782e-06
4755,42,0.000193045
4755,43,0.00109776
4755,44,1.21542e-05
4756,41,1.57907e-06
4756,42,0.00019062
4756,43,0.00112472
4756,44,1.27573e-05
4757,41,1.51257e-06
4757,42,0.000188159
4757,43,0.00115186
4757,44,1.34149e-05
4758,41,1.44826e-06
4758,42,0.000185662
4758,43,0.00117919
4758,44,1.40893e-05
4759,41,1.3861e-06
4759,42,0.00018311
4759,43,0.00120669
4759,44,1.48005e-05
4760,41,1.32603e-06
4760,42,0.000180515
4760,43,0.00123432
4760,44,1.55399e-05
4761,41,1.26802e-06
4761,42,0.000177888
4761,43,0.00126205
4761,44,1.62984e-05
4762,41,1.21199e-06
4762,42,0.000175221
4762,43,0.00128986
4762,44,1.70859e-05
4763,41,1.15792e-06
4763,42,0.000172515
4763,43,0.00131769
4763,44,1.7913e-05
4764,41,1.10574e-06
4764,42,0.000169752
4764,43,0.00134555
4764,44,1.87807e-05
4765,41,1.05542e-06
4765,42,0.000166953
4765,43,0.00137341
4765,44,1.96403e-05
4766,41,1.00691e-06
4766,42,0.000164142
4766,43,0.00140113
4766,44,2.05804e-05
4767,41,9.60153e-07
4767,42,0.000161289
4767,43,0.00142877
4767,44,2.15442e-05
4768,41,9.15119e-07
4768,42,0.000158406
4768,43,0.00145628
4768,44,2.25209e-05
4769,41,8.71759e-07
4769,42,0.000155487
4769,43,0.00148358
4769,44,2.35708e-05
4770,41,8.3003e-07
4770,42,0.000152562
4770,43,0.00151063
4770,44,2.46459e-05
4771,41,7.89889e-07
4771,42,0.000149615
4771,43,0.00153744
4771,44,2.57262e-05
4772,41,7.51294e-07
4772,42,0.000146647
4772,43,0.00156393
4772,44,2.68404e-05
4773,41,7.14204e-07
4773,42,0.000143661
4773,43,0.00158999
4773,44,2.80494e-05
4774,41,6.78579e-07
4774,42,0.00014065
4774,43,0.00161567
4774,44,2.9286e-05
4775,41,6.44377e-07
4775,42,0.000137625
4775,43,0.00164093
4775,44,3.053e-05
4776,41,6.1156e-07
4776,42,0.00013459
4776,43,0.00166568
4776,44,3.18099e-05
4777,41,5.80088e-07
4777,42,0.000131548
4777,43,0.00168989
4777,44,3.31162e-05
4778,41,5.49923e-07
4778,42,0.0001285
4778,43,0.00171348
4778,44,3.44885e-05
4779,41,5.21027e-07
4779,42,0.000125461
4779,43,0.00173646
4779,44,3.58477e-05
4780,41,4.93363e-07
4780,42,0.000122421
4780,43,0.00175869
4780,44,3.7312e-05
4781,41,4.66892e-07
4781,42,0.000119375
4781,43,0.00178021
4781,44,3.88037e-05
4782,41,4.4158e-07
4782,42,0.000116335
4782,43,0.00180093
4782,44,4.03421e-05
4783,41,4.17389e-07
4783,42,0.000113303
4783,43,0.00182087
4783,44,4.18774e-05
4784,41,3.94285e-07
4784,42,0.000110293
4784,43,0.00183993
4784,44,4.3458e-05
4785,41,3.72233e-07
4785,42,0.000107287
4785,43,0.00185804
4785,44,4.51136e-05
4786,41,3.51198e-07
4786,42,0.000104298
4786,43,0.00187522
4786,44,4.67943e-05
4787,41,3.31146e-07
4787,42,0.000101329
4787,43,0.00189138
4787,44,4.85297e-05
4788,41,3.12044e-07
4788,42,9.83915e-05
4788,43,0.00190655
4788,44,5.026e-05
4789,41,2.93858e-07
4789,42,9.54691e-05
4789,43,0.00192069
4789,44,5.19927e-05
4790,41,2.76558e-07
4790,42,9.25742e-05
4790,43,0.00193373
4790,44,5.37663e-05
4791,41,2.60111e-07
4791,42,8.97193e-05
4791,43,0.00194562
4791,44,5.55807e-05
4792,41,2.44485e-07
4792,42,8.68964e-05
4792,43,0.00195638
4792,44,5.7404e-05
4793,41,2.29651e-07
4793,42,8.40979e-05
4793,43,0.00196594
4793,44,5.92748e-05
4794,41,2.15577e-07
4794,42,8.13463e-05
4794,43,0.0019743
4794,44,6.11627e-05
4795,41,2.02235e-07
4795,42,7.86235e-05
4795,43,0.0019814
4795,44,6.31163e-05
4796,41,1.89596e-07
4796,42,7.59418e-05
4796,43,0.00198725
4796,44,6.51061e-05
4797,41,1.77631e-07
4797,42,7.33032e-05
4797,43,0.00199186
4797,44,6.71004e-05
4798,41,1.66313e-07
4798,42,7.07095e-05
4798,43,0.00199517
4798,44,6.91367e-05
4799,41,1.55614e-07
4799,42,6.81723e-05
4799,43,0.00199718
4799,44,7.12146e-05
4800,41,1.45509e-07
4800,42,6.5673e-05
4800,43,0.00199798
4800,44,7.32427e-05
4801,41,1.35971e-07
4801,42,6.32234e-05
4801,43,0.00199745
4801,44,7.53374e-05
4802,41,1.26976e-07
4802,42,6.08348e-05
4802,43,0.00199561
4802,44,7.74587e-05
4803,41,1.18498e-07
4803,42,5.8498e-05
4803,43,0.0019925
4803,44,7.95753e-05
4804,41,1.10515e-07
4804,42,5.62141e-05
4804,43,0.00198818
4804,44,8.16547e-05
4805,41,1.03002e-07
4805,42,5.3974e-05
4805,43,0.00198257
4805,44,8.37736e-05
4806,41,1.4e-07
4806,42,5.1799e-05
4806,43,0.00197568
4806,44,8.59111e-05
4806,45,1e-08
4807,41,1.30315e-07
4807,42,4.96794e-05
4807,43,0.0019676
4807,44,8.80257e-05
4807,45,3e-08
4808,41,1.21222e-07
4808,42,4.76157e-05
4808,43,0.00195826
4808,44,9.01849e-05
4808,45,4e-08
4809,41,1.12692e-07
4809,42,4.56083e-05
4809,43,0.00194773
4809,44,9.23479e-05
4809,45,2e-08
4810,41,1.04695e-07
4810,42,4.36576e-05
4810,43,0.00193606
4810,44,9.44928e-05
4810,45,4e-08
4811,41,8e-08
4811,42,4.17636e-05
4811,43,0.00192322
4811,44,9.66571e-05
4811,45,1e-08
4812,41,1e-07
4812,42,3.99265e-05
4812,43,0.00190932
4812,44,9.87896e-05
4812,45,3e-08
4813,41,6e-08
4813,42,3.81462e-05
4813,43,0.00189432
4813,44,0.000100937
4813,45,4e-08
4814,41,4e-08
4814,42,3.64226e-05
4814,43,0.00187828
4814,44,0.000103079
4814,45,4e-08
4815,41,1e-08
4815,42,3.47553e-05
4815,43,0.00186128
4815,44,0.000105174
4815,45,4e-08
4816,42,3.31439e-05
4816,43,0.00184333
4816,44,0.000107259
4816,45,2e-08
4817,42,3.1588e-05
4817,43,0.0018244
4817,44,0.000109392
4817,45,2e-08
4818,42,3.00869e-05
4818,43,0.00180458
4818,44,0.000111512
4819,42,2.86401e-05
4819,43,0.00178396
4819,44,0.000113578
4819,45,1e-08
4820,42,2.72468e-05
4820,43,0.00176254
4820,44,0.000115638
4820,45,2e-08
4821,42,2.59061e-05
4821,43,0.0017404
4821,44,0.00011765
4821,45,1e-08
4822,42,2.46171e-05
4822,43,0.00171756
4822,44,0.000119642
4822,45,4e-08
4823,42,2.33789e-05
4823,43,0.00169403
4823,44,0.000121655
4823,45,6e-08
4824,42,2.21905e-05
4824,43,0.00166993
4824,44,0.000123605
4824,45,9e-08
4825,42,2.10507e-05
4825,43,0.00164526
4825,44,0.000125542
4825,45,1.4e-07
4826,42,1.99586e-05
4826,43,0.00162008
4826,44,0.000127445
4826,45,1.58178e-07
4827,42,1.89128e-05
4827,43,0.00159443
4827,44,0.000129321
4827,45,1.77348e-07
4828,42,1.79123e-05
4828,43,0.00156836
4828,44,0.00013118
4828,45,1.96978e-07
4829,42,1.69557e-05
4829,43,0.00154193
4829,44,0.000132982
4829,45,2.07087e-07
4830,42,1.60166e-05
4830,43,0.00151516
4830,44,0.000134764
4830,45,2.27696e-07
4831,42,1.51607e-05
4831,43,0.0014881
4831,44,0.000136537
4831,45,2.28824e-07
4832,42,1.43746e-05
4832,43,0.00146077
4832,44,0.00013829
4832,45,2.70495e-07
4833,42,1.3579e-05
4833,43,0.00143323
4833,44,0.000140021
4833,45,2.7273e-07
4834,42,1.28212e-05
4834,43,0.00140556
4834,44,0.000141701
4834,45,2.86103e-07
4835,42,1.20927e-05
4835,43,0.00137776
4835,44,0.000143358
4835,45,3.00663e-07
4836,42,1.13834e-05
4836,43,0.00134991
4836,44,0.000144964
4836,45,3.25912e-07
4837,42,1.07375e-05
4837,43,0.00132201
4837,44,0.000146546
4837,45,3.31881e-07
4838,42,1.01139e-05
4838,43,0.00129414
4838,44,0.000148064
4838,45,3.48598e-07
4839,42,9.48139e-06
4839,43,0.00126629
4839,44,0.000149537
4839,45,3.66093e-07
4840,42,8.92866e-06
4840,43,0.00123848
4840,44,0.000151007
4840,45,3.94927e-07
4841,42,8.40455e-06
4841,43,0.00121076
4841,44,0.000152462
4841,45,3.94629e-07
4842,42,7.90788e-06
4842,43,0.00118317
4842,44,0.000153862
4842,45,4.25232e-07
4843,42,7.4375e-06
4843,43,0.00115577
4843,44,0.000155197
4843,45,4.57293e-07
4844,42,6.99226e-06
4844,43,0.00112852
4844,44,0.000156538
4844,45,4.90869e-07
4845,42,6.57108e-06
4845,43,0.00110151
4845,44,0.000157813
4845,45,5.25507e-07
4846,42,6.17288e-06
4846,43,0.00107472
4846,44,0.000159064
4846,45,5.6176e-07
4847,42,5.7966e-06
4847,43,0.00104819
4847,44,0.00016029
4847,45,5.99185e-07
4848,42,5.44123e-06
4848,43,0.00102194
4848,44,0.000161471
4848,45,6.27828e-07
4849,42,5.10579e-06
4849,43,0.000996009
4849,44,0.000162597
4849,45,6.37738e-07
4850,42,4.78933e-06
4850,43,0.000970377
4850,44,0.000163698
4850,45,6.68964e-07
4851,42,4.49091e-06
4851,43,0.000945079
4851,44,0.000164775
4851,45,7.02054e-07
4852,42,4.20964e-06
4852,43,0.000920159
4852,44,0.000165778
4852,45,7.46589e-07
4853,42,3.94468e-06
4853,43,0.0008956
4853,44,0.000166748
4853,45,7.93114e-07
4854,42,3.69519e-06
4854,43,0.000871396
4854,44,0.000167714
4854,45,8.31708e-07
4855,42,3.46037e-06
4855,43,0.000847567
4855,44,0.000168647
4855,45,8.81966e-07
4856,42,3.23946e-06
4856,43,0.000824165
4856,44,0.000169518
4856,45,9.34436e-07
4857,42,3.03173e-06
4857,43,0.000801147
4857,44,0.000170386
4857,45,9.78724e-07
4858,42,2.83647e-06
4858,43,0.000778552
4858,44,0.000171213
4858,45,1.0349e-06
4859,42,2.65302e-06
4859,43,0.000756376
4859,44,0.000172009
4859,45,1.09304e-06
4860,42,2.48072e-06
4860,43,0.000734593
4860,44,0.000172804
4860,45,1.13322e-06
4861,42,2.31897e-06
4861,43,0.00071326
4861,44,0.000173538
4861,45,1.21552e-06
4862,42,2.16717e-06
4862,43,0.00069235
4862,44,0.000174263
4862,45,1.26002e-06
4863,42,2.02477e-06
4863,43,0.000671905
4863,44,0.000174918
4863,45,1.33681e-06
4864,42,1.89124e-06
4864,43,0.000651906
4864,44,0.000175534
4864,45,1.42597e-06
4865,42,1.76607e-06
4865,43,0.000632323
4865,44,0.000176142
4865,45,1.5676e-06
4866,42,1.64877e-06
4866,43,0.000613188
4866,44,0.000176711
4866,45,1.64671e-06
4867,42,1.53888e-06
4867,43,0.000594479
4867,44,0.000177274
4867,45,1.71886e-06
4868,42,1.43599e-06
4868,43,0.000576216
4868,44,0.000177799
4868,45,1.7939e-06
4869,42,1.33966e-06
4869,43,0.000558376
4869,44,0.000178308
4869,45,1.87192e-06
4870,42,1.24951e-06
4870,43,0.000540956
4870,44,0.000178801
4870,45,1.95305e-06
4871,42,1.16517e-06
4871,43,0.000523975
4871,44,0.000179258
4871,45,2.0374e-06
4872,42,1.08629e-06
4872,43,0.000507418
4872,44,0.00017969
4872,45,2.1251e-06
4873,42,1.01253e-06
4873,43,0.000491291
4873,44,0.000180088
4873,45,2.21626e-06
4874,42,9.43592e-07
4874,43,0.000475549
4874,44,0.000180492
4874,45,2.31102e-06
4875,42,8.79168e-07
4875,43,0.000460249
4875,44,0.000180832
4875,45,2.41952e-06
4876,42,8.18981e-07
4876,43,0.000445364
4876,44,0.00018115
4876,45,2.52215e-06
4877,42,7.62768e-07
4877,43,0.000430878
4877,44,0.000181425
4877,45,2.64881e-06
4878,42,7.1028e-07
4878,43,0.000416786
4878,44,0.000181688
4878,45,2.77034e-06
4879,42,6.61282e-07
4879,43,0.000403062
4879,44,0.000181949
4879,45,2.89666e-06
4880,42,6.15553e-07
4880,43,0.00038972
4880,44,0.000182179
4880,45,3.03796e-06
4881,42,5.72886e-07
4881,43,0.000376763
4881,44,0.000182388
4881,45,3.17466e-06
4882,42,5.33085e-07
4882,43,0.000364165
4882,44,0.000182587
4882,45,3.31654e-06
4883,42,4.95966e-07
4883,43,0.000351958
4883,44,0.000182736
4883,45,3.46396e-06
4884,42,4.61356e-07
4884,43,0.000340086
4884,44,0.000182876
4884,45,3.62714e-06
4885,42,4.29092e-07
4885,43,0.000328582
4885,44,0.000182987
4885,45,3.7867e-06
4886,42,3.99021e-07
4886,43,0.000317398
4886,44,0.000183099
4886,45,3.95247e-06
4887,42,3.71001e-07
4887,43,0.000306557
4887,44,0.000183183
4887,45,4.12467e-06
4888,42,3.44896e-07
4888,43,0.000296032
4888,44,0.00018326
4888,45,4.30336e-06
4889,42,3.20581e-07
4889,43,0.000285836
4889,44,0.000183319
4889,45,4.47896e-06
4890,42,2.97937e-07
4890,43,0.000275952
4890,44,0.00018335
4890,45,4.6713e-06
4891,42,2.76853e-07
4891,43,0.000266352
4891,44,0.000183376
4891,45,4.88086e-06
4892,42,2.57225e-07
4892,43,0.00025707
4892,44,0.000183375
4892,45,5.08852e-06
4893,42,2.38957e-07
4893,43,0.000248078
4893,44,0.000183358
4893,45,5.30397e-06
4894,42,2.21956e-07
4894,43,0.000239379
4894,44,0.000183316
4894,45,5.52768e-06
4895,42,2.06138e-07
4895,43,0.000230945
4895,44,0.000183268
4895,45,5.75994e-06
4896,42,1.91423e-07
4896,43,0.00022278
4896,44,0.000183196
4896,45,6.0109e-06
4897,42,1.77736e-07
4897,43,0.000214887
4897,44,0.000183109
4897,45,6.26146e-06
4898,42,1.65007e-07
4898,43,0.000207238
4898,44,0.000183018
4898,45,6.52138e-06
4899,42,1.53172e-07
4899,43,0.000199847
4899,44,0.000182893
4899,45,6.80099e-06
4900,42,1.42168e-07
4900,43,0.000192688
4900,44,0.000182764
4900,45,7.09106e-06
4901,42,1.31939e-07
4901,43,0.000185773
4901,44,0.000182621
4901,45,7.38197e-06
4902,42,1.22433e-07
4902,43,0.000179086
4902,44,0.000182466
4902,45,7.6837e-06
4903,42,1.13598e-07
4903,43,0.000172611
4903,44,0.000182307
4903,45,7.99663e-06
4904,42,1.0539e-07
4904,43,0.000166352
4904,44,0.000182136
4904,45,8.32117e-06
4905,42,9e-08
4905,43,0.000160302
4905,44,0.000181962
4905,45,8.64774e-06
4906,42,7e-08
4906,43,0.000154455
4906,44,0.000181776
4906,45,8.98654e-06
4907,42,5e-08
4907,43,0.000148806
4907,44,0.000181558
4907,45,9.35802e-06
4908,42,6e-08
4908,43,0.000143349
4908,44,0.000181338
4908,45,9.73327e-06
4909,42,2e-08
4909,43,0.000138087
4909,44,0.000181107
4909,45,1.01124e-05
4910,42,1e-08
4910,43,0.000132996
4910,44,0.000180875
4910,45,1.05056e-05
4911,43,0.000128089
4911,44,0.000180621
4911,45,1.09135e-05
4912,43,0.000123352
4912,44,0.000180336
4912,45,1.13565e-05
4913,43,0.000118768
4913,44,0.00018006
4913,45,1.18059e-05
4914,43,0.000114344
4914,44,0.000179764
4914,45,1.22819e-05
4915,43,0.000110075
4915,44,0.000179467
4915,45,1.27655e-05
4916,43,0.000105964
4916,44,0.000179159
4916,45,1.3257e-05
4917,43,0.000101999
4917,44,0.000178822
4917,45,1.37866e-05
4918,43,9.81725e-05
4918,44,0.000178495
4918,45,1.43158e-05
4919,43,9.44717e-05
4919,44,0.000178168
4919,45,1.48646e-05
4920,43,9.09122e-05
4920,44,0.000177821
4920,45,1.54335e-05
4921,43,8.74694e-05
4921,44,0.000177464
4921,45,1.60334e-05
4922,43,8.41595e-05
4922,44,0.000177079
4922,45,1.66651e-05
4923,43,8.09681e-05
4923,44,0.000176704
4923,45,1.72997e-05
4924,43,7.78913e-05
4924,44,0.00017631
4924,45,1.79675e-05
4925,43,7.49254e-05
4925,44,0.000175917
4925,45,1.86498e-05
4926,43,7.20665e-05
4926,44,0.000175505
4926,45,1.9367e-05
4927,43,6.93012e-05
4927,44,0.000175095
4927,45,2.01102e-05
4928,43,6.66464e-05
4928,44,0.000174665
4928,45,2.08804e-05
4929,43,6.40782e-05
4929,44,0.000174237
4929,45,2.16785e-05
4930,43,6.16038e-05
4930,44,0.000173801
4930,45,2.25057e-05
4931,43,5.923e-05
4931,44,0.000173356
4931,45,2.33526e-05
4932,43,5.69433e-05
4932,44,0.000172883
4932,45,2.42502e-05
4933,43,5.47407e-05
4933,44,0.000172412
4933,45,2.51702e-05
4934,43,5.26093e-05
4934,44,0.000171933
4934,45,2.61332e-05
4935,43,5.05667e-05
4935,44,0.000171435
4935,45,2.71309e-05
4936,43,4.85998e-05
4936,44,0.00017094
4936,45,2.81547e-05
4937,43,4.67059e-05
4937,44,0.000170427
4937,45,2.92252e-05
4938,43,4.48826e-05
4938,44,0.000169916
4938,45,3.03239e-05
4939,43,4.31272e-05
4939,44,0.000169398
4939,45,3.14617e-05
4940,43,4.14374e-05
4940,44,0.000168872
4940,45,3.26401e-05
4941,43,3.9811e-05
4941,44,0.000168348
4941,45,3.38506e-05
4942,43,3.82456e-05
4942,44,0.000167797
4942,45,3.51243e-05
4943,43,3.67391e-05
4943,44,0.000167259
4943,45,3.64233e-05
4944,43,3.52894e-05
4944,44,0.000166703
4944,45,3.77786e-05
4945,43,3.38945e-05
4945,44,0.000166149
4945,45,3.91719e-05
4946,43,3.25523e-05
4946,44,0.000165579
4946,45,4.06247e-05
4947,43,3.12611e-05
4947,44,0.000165001
4947,45,4.21288e-05
4948,43,3.00189e-05
4948,44,0.000164426
4948,45,4.36761e-05
4949,43,2.8824e-05
4949,44,0.000163834
4949,45,4.52878e-05
4950,43,2.76747e-05
4950,44,0.000163245
4950,45,4.69462e-05
4951,43,2.65694e-05
4951,44,0.000162649
4951,45,4.86628e-05
4952,43,2.55063e-05
4952,44,0.000162036
4952,45,5.04495e-05
4953,43,2.44841e-05
4953,44,0.000161416
4953,45,5.22988e-05
4954,43,2.35011e-05
4954,44,0.000160779
4954,45,5.42127e-05
4954,46,1e-08
4955,43,2.25559e-05
4955,44,0.000160145
4955,45,5.61831e-05
4955,46,1e-08
4956,43,2.16472e-05
4956,44,0.000159514
4956,45,5.82219e-05
4957,43,2.07737e-05
4957,44,0.000158877
4957,45,6.03314e-05
4958,43,1.99339e-05
4958,44,0.000158222
4958,45,6.2514e-05
4958,46,1e-08
4959,43,1.91267e-05
4959,44,0.000157571
4959,45,6.47621e-05
4959,46,4e-08
4960,43,1.83508e-05
4960,44,0.000156903
4960,45,6.71076e-05
4960,46,3e-08
4961,43,1.76051e-05
4961,44,0.000156239
4961,45,6.95139e-05
4961,46,2e-08
4962,43,1.68885e-05
4962,44,0.000155567
4962,45,7.20028e-05
4962,46,5e-08
4963,43,1.61999e-05
4963,44,0.000154879
4963,45,7.45869e-05
4963,46,6e-08
4964,43,1.55382e-05
4964,44,0.000154185
4964,45,7.72693e-05
4964,46,6e-08
4965,43,1.49024e-05
4965,44,0.000153493
4965,45,8.00332e-05
4965,46,7e-08
4966,43,1.42915e-05
4966,44,0.000152795
4966,45,8.28911e-05
4966,46,8e-08
4967,43,1.37047e-05
4967,44,0.00015209
4967,45,8.5846e-05
4967,46,8e-08
4968,43,1.31409e-05
4968,44,0.000151369
4968,45,8.89008e-05
4968,46,1.6e-07
4969,43,1.25994e-05
4969,44,0.000150641
4969,45,9.20585e-05
4969,46,2.10458e-07
4970,43,1.20792e-05
4970,44,0.000149906
4970,45,9.53223e-05
4970,46,2.32332e-07
4971,43,1.15796e-05
4971,44,0.000149165
4971,45,9.86954e-05
4971,46,2.75715e-07
4972,43,1.11115e-05
4972,44,0.000148417
4972,45,0.000102181
4972,46,2.90016e-07
4973,43,1.06501e-05
4973,44,0.000147672
4973,45,0.000105784
4973,46,3.15296e-07
4974,43,1.01984e-05
4974,44,0.000146921
4974,45,0.000109495
4974,46,4.01621e-07
4975,43,9.77831e-06
4975,44,0.000146153
4975,45,0.00011334
4975,46,4.39437e-07
4976,43,9.36486e-06
4976,44,0.000145389
4976,45,0.000117312
4976,46,4.69841e-07
4977,43,8.96746e-06
4977,44,0.000144617
4977,45,0.000121405
4977,46,5.12315e-07
4978,43,8.56551e-06
4978,44,0.000143839
4978,45,0.000125642
4978,46,5.47686e-07
4979,43,8.1884e-06
4979,44,0.000143045
4979,45,0.000130028
4979,46,5.85458e-07
4980,43,7.84557e-06
4980,44,0.000142243
4980,45,0.000134546
4980,46,6.3579e-07
4981,43,7.52647e-06
4981,44,0.000141435
4981,45,0.000139212
4981,46,6.89542e-07
4982,43,7.19058e-06
4982,44,0.00014063
4982,45,0.000144028
4982,46,7.36938e-07
4983,43,6.88737e-06
4983,44,0.000139809
4983,45,0.000149
4983,46,7.97533e-07
4984,43,6.60636e-06
4984,44,0.00013898
4984,45,0.000154131
4984,46,8.62225e-07
4985,43,6.31709e-06
4985,44,0.000138155
4985,45,0.000159406
4985,46,9.41281e-07
4986,43,6.05909e-06
4986,44,0.000137323
4986,45,0.00016487
4986,46,1.00567e-06
4987,43,5.82192e-06
4987,44,0.000136484
4987,45,0.000170496
4987,46,1.08439e-06
4988,43,5.58517e-06
4988,44,0.000135639
4988,45,0.00017629
4988,46,1.17839e-06
4989,43,5.31843e-06
4989,44,0.000134786
4989,45,0.000182287
4989,46,1.2587e-06
4990,43,5.10131e-06
4990,44,0.000133916
4990,45,0.00018846
4990,46,1.36437e-06
4991,43,4.87344e-06
4991,44,0.000133039
4991,45,0.000194836
4991,46,1.46711e-06
4992,43,4.65445e-06
4992,44,0.000132165
4992,45,0.000201398
4992,46,1.57669e-06
4993,43,4.45399e-06
4993,44,0.000131275
4993,45,0.000208163
4993,46,1.70357e-06
4994,43,4.28173e-06
4994,44,0.000130387
4994,45,0.000215125
4994,46,1.83889e-06
4995,43,4.10734e-06
4995,44,0.000129492
4995,45,0.000222299
4995,46,1.98318e-06
4996,43,3.92053e-06
4996,44,0.00012858
4996,45,0.000229699
4996,46,2.13704e-06
4997,43,3.74098e-06
4997,44,0.00012767
4997,45,0.000237323
4997,46,2.29105e-06
4998,43,3.57842e-06
4998,44,0.000126753
4998,45,0.000245164
4998,46,2.46522e-06
4999,43,3.40256e-06
4999,44,0.00012583
4999,45,0.000253259
4999,46,2.63084e-06
5000,43,3.25314e-06
5000,44,0.000124888
5000,45,0.000261582
5000,46,2.8273e-06
